timestamp,electricity_demand_mw,solar_generation_mw,wind_generation_mw,temperature_celsius,humidity_percent,wind_speed_ms,cloud_cover_percent
2023-01-01 00:00:00,22915.6,0.0,2.94,0.95,99.0,3.61,45.3
2023-01-01 01:00:00,22002.19,0.0,0.0,0.74,99.0,2.76,62.8
2023-01-01 02:00:00,22724.05,0.0,417.74,0.07,99.0,6.11,72.4
2023-01-01 03:00:00,21926.02,0.0,0.0,0.6,99.0,2.94,53.6
2023-01-01 04:00:00,20982.46,0.0,2158.29,2.37,98.8,8.47,38.3
2023-01-01 05:00:00,22922.78,0.0,3092.52,2.44,99.0,9.1,46.1
2023-01-01 06:00:00,24034.87,77.15,4966.54,2.81,95.2,10.15,45.2
2023-01-01 07:00:00,24638.96,367.47,2294.81,5.43,99.0,8.48,39.8
2023-01-01 08:00:00,24448.29,652.75,6089.65,7.22,98.9,10.79,52.6
2023-01-01 09:00:00,25404.98,930.85,1514.89,7.7,99.0,7.93,54.0
2023-01-01 10:00:00,24209.74,1160.99,5963.31,9.34,97.8,10.7,53.6
2023-01-01 11:00:00,24556.62,1199.52,0.0,9.76,99.0,2.67,61.9
2023-01-01 12:00:00,24589.68,1391.83,86.05,10.06,98.0,4.86,55.4
2023-01-01 13:00:00,23183.69,1078.61,10000.0,10.95,99.0,13.74,73.0
2023-01-01 14:00:00,23964.76,1313.63,400.19,9.18,96.9,6.09,60.2
2023-01-01 15:00:00,25884.83,1017.36,2130.65,7.43,99.0,8.5,66.3
2023-01-01 16:00:00,26762.09,637.91,0.0,6.75,99.0,0.5,81.0
2023-01-01 17:00:00,28893.9,638.32,2358.39,5.29,99.0,8.54,60.2
2023-01-01 18:00:00,29305.05,386.24,599.57,5.07,99.0,6.56,54.3
2023-01-01 19:00:00,29853.78,135.11,0.0,3.24,99.0,2.46,66.9
2023-01-01 20:00:00,31421.09,0.0,0.0,0.74,99.0,0.89,78.2
2023-01-01 21:00:00,28961.41,0.0,8.29,1.4,99.0,3.84,72.2
2023-01-01 22:00:00,28453.24,0.0,6505.69,0.08,99.0,10.78,60.1
2023-01-01 23:00:00,26845.42,0.0,1395.63,-0.82,99.0,7.73,69.8
2023-01-02 00:00:00,30622.02,0.0,8125.36,-3.29,99.0,11.41,81.3
2023-01-02 01:00:00,31256.74,0.0,489.88,-4.4,99.0,6.33,63.1
2023-01-02 02:00:00,31276.45,0.0,9433.07,-4.49,99.0,12.18,46.5
2023-01-02 03:00:00,32343.83,0.0,614.35,-5.67,99.0,6.62,49.1
2023-01-02 04:00:00,31481.24,0.0,47.15,-4.79,99.0,4.53,56.2
2023-01-02 05:00:00,34118.49,0.0,9.95,-4.7,99.0,3.92,51.3
2023-01-02 06:00:00,34467.73,106.45,9377.77,-3.97,99.0,15.6,58.8
2023-01-02 07:00:00,36863.92,379.82,111.32,-3.35,99.0,5.03,48.7
2023-01-02 08:00:00,34288.1,872.13,0.27,0.16,99.0,3.27,22.9
2023-01-02 09:00:00,32482.2,1292.05,0.0,1.56,94.7,0.7,20.5
2023-01-02 10:00:00,32842.77,1663.11,5.34,1.8,97.6,3.74,24.3
2023-01-02 11:00:00,31686.27,1878.35,3238.85,4.09,99.0,9.3,23.5
2023-01-02 12:00:00,31215.41,2157.75,124.55,3.89,89.1,5.13,12.3
2023-01-02 13:00:00,29493.04,2350.26,284.32,5.11,91.2,5.76,0.0
2023-01-02 14:00:00,31359.43,2382.95,3733.18,3.63,92.5,9.47,0.0
2023-01-02 15:00:00,32035.39,1772.59,54.95,2.65,95.0,4.61,11.3
2023-01-02 16:00:00,32720.78,1180.46,1563.99,3.09,99.0,7.89,30.5
2023-01-02 17:00:00,34379.3,761.11,0.4,3.77,97.7,3.31,46.6
2023-01-02 18:00:00,34275.35,369.18,9104.85,3.48,99.0,11.95,36.6
2023-01-02 19:00:00,34707.34,141.34,0.0,2.61,99.0,1.47,23.9
2023-01-02 20:00:00,34438.61,0.0,1136.72,1.36,99.0,7.37,32.4
2023-01-02 21:00:00,34982.72,0.0,907.42,-1.26,99.0,7.06,41.6
2023-01-02 22:00:00,35361.77,0.0,2.35,-2.96,99.0,3.57,46.9
2023-01-02 23:00:00,33801.59,0.0,190.39,-4.26,99.0,5.45,22.6
2023-01-03 00:00:00,31403.59,0.0,127.31,-3.8,99.0,5.11,15.2
2023-01-03 01:00:00,31648.41,0.0,0.35,-3.91,99.0,3.3,18.5
2023-01-03 02:00:00,32997.22,0.0,1293.99,-6.09,99.0,7.55,27.6
2023-01-03 03:00:00,32888.96,0.0,9229.5,-5.56,99.0,15.92,39.0
2023-01-03 04:00:00,32863.7,0.0,1060.28,-5.52,99.0,7.35,41.5
2023-01-03 05:00:00,33987.8,0.0,902.96,-5.48,99.0,7.11,46.0
2023-01-03 06:00:00,34550.71,175.03,0.0,-3.71,99.0,2.34,47.0
2023-01-03 07:00:00,33928.96,439.17,0.59,-1.32,99.0,3.35,55.1
2023-01-03 08:00:00,33651.6,598.05,424.17,1.05,99.0,6.13,57.7
2023-01-03 09:00:00,33793.44,901.36,9640.48,1.49,99.0,13.49,57.1
2023-01-03 10:00:00,32505.72,1190.92,3520.24,2.55,99.0,9.35,52.5
2023-01-03 11:00:00,31797.86,1387.84,9.4,4.25,99.0,3.88,52.7
2023-01-03 12:00:00,29500.84,1451.05,140.22,6.46,97.1,5.2,57.7
2023-01-03 13:00:00,29448.98,1298.36,127.67,6.76,99.0,5.09,59.4
2023-01-03 14:00:00,30036.43,1250.75,422.79,7.13,99.0,6.13,62.4
2023-01-03 15:00:00,30725.75,841.07,419.81,6.18,99.0,6.11,76.5
2023-01-03 16:00:00,31044.96,739.88,1052.56,4.87,99.0,7.24,76.0
2023-01-03 17:00:00,31993.09,620.98,0.0,5.52,99.0,0.5,64.6
2023-01-03 18:00:00,31480.42,247.45,5638.59,6.42,99.0,10.4,72.9
2023-01-03 19:00:00,32590.57,81.26,0.0,5.42,99.0,1.35,53.3
2023-01-03 20:00:00,31399.28,0.0,147.82,5.43,95.0,5.21,39.4
2023-01-03 21:00:00,29786.88,0.0,5579.06,4.59,99.0,10.56,44.2
2023-01-03 22:00:00,29765.94,0.0,342.73,2.61,99.0,5.93,50.6
2023-01-03 23:00:00,27365.43,0.0,0.0,1.87,99.0,2.46,35.1
2023-01-04 00:00:00,24692.59,0.0,39.78,2.5,99.0,4.43,32.0
2023-01-04 01:00:00,25119.84,0.0,1158.38,1.59,99.0,7.38,26.4
2023-01-04 02:00:00,23211.01,0.0,0.52,2.74,99.0,3.34,22.9
2023-01-04 03:00:00,26368.74,0.0,489.17,-0.5,99.0,6.32,37.0
2023-01-04 04:00:00,26511.88,0.0,209.5,0.55,97.8,5.55,46.6
2023-01-04 05:00:00,26558.37,0.0,3978.02,1.06,99.0,9.77,46.3
2023-01-04 06:00:00,29191.75,141.55,0.33,1.43,99.0,3.29,39.7
2023-01-04 07:00:00,30273.11,525.98,1537.21,2.49,96.3,7.86,24.3
2023-01-04 08:00:00,32468.45,623.11,156.84,1.41,99.0,5.3,43.9
2023-01-04 09:00:00,32290.3,1015.06,518.18,2.5,99.0,6.42,51.3
2023-01-04 10:00:00,32317.15,1443.2,0.0,4.23,99.0,3.07,42.2
2023-01-04 11:00:00,29584.52,1430.83,370.96,7.09,98.0,6.01,51.3
2023-01-04 12:00:00,29006.69,1588.0,496.89,7.48,93.0,6.33,49.8
2023-01-04 13:00:00,28439.78,1674.93,0.0,7.35,97.0,0.91,45.9
2023-01-04 14:00:00,28408.73,1432.76,1409.44,7.34,88.0,7.69,51.1
2023-01-04 15:00:00,27511.78,1414.77,1825.14,8.59,93.7,8.2,41.6
2023-01-04 16:00:00,29472.54,1133.68,0.0,8.81,93.4,0.7,38.0
2023-01-04 17:00:00,30562.76,760.76,202.24,7.75,96.2,5.51,40.4
2023-01-04 18:00:00,31322.02,404.24,251.59,7.58,87.9,5.62,35.1
2023-01-04 19:00:00,31473.38,103.96,0.0,6.69,98.7,0.5,44.5
2023-01-04 20:00:00,31385.83,0.0,22.41,6.59,99.0,4.18,67.1
2023-01-04 21:00:00,30337.78,0.0,9741.33,4.5,99.0,12.3,55.5
2023-01-04 22:00:00,28923.03,0.0,527.63,2.87,99.0,6.46,34.4
2023-01-04 23:00:00,28827.87,0.0,7827.86,1.29,99.0,11.52,11.8
2023-01-05 00:00:00,28636.32,0.0,1679.36,-1.36,99.0,8.04,14.3
2023-01-05 01:00:00,27472.24,0.0,0.0,-1.67,97.6,2.29,10.2
2023-01-05 02:00:00,27156.73,0.0,0.12,-1.77,99.0,3.21,17.0
2023-01-05 03:00:00,27757.48,0.0,2720.0,-1.86,99.0,8.85,22.1
2023-01-05 04:00:00,28397.24,0.0,1082.37,-1.88,99.0,7.31,5.8
2023-01-05 05:00:00,31377.16,0.0,3.91,-2.88,99.0,3.67,0.0
2023-01-05 06:00:00,32450.67,229.98,1151.97,-2.41,96.5,7.49,0.0
2023-01-05 07:00:00,34466.09,522.09,3403.89,-1.61,99.0,9.26,6.6
2023-01-05 08:00:00,35093.17,1076.87,1929.21,-1.14,99.0,8.29,6.2
2023-01-05 09:00:00,35012.61,1607.06,4.97,0.16,99.0,3.73,0.0
2023-01-05 10:00:00,33473.59,2028.04,1.8,2.08,86.1,3.51,3.4
2023-01-05 11:00:00,31149.22,1979.33,8331.28,5.51,94.2,11.64,23.8
2023-01-05 12:00:00,29401.94,1881.24,2895.62,6.75,99.0,9.02,29.9
2023-01-05 13:00:00,29229.7,2049.43,0.25,7.84,99.0,3.27,21.7
2023-01-05 14:00:00,27744.49,1856.78,1442.42,8.26,93.6,7.69,25.2
2023-01-05 15:00:00,29603.93,1820.61,0.0,6.34,88.5,1.78,11.3
2023-01-05 16:00:00,29655.55,1237.85,0.0,6.3,90.2,2.14,28.2
2023-01-05 17:00:00,31769.87,857.6,0.0,6.03,99.0,2.12,31.3
2023-01-05 18:00:00,31066.87,500.86,0.0,8.11,90.5,1.33,11.9
2023-01-05 19:00:00,30170.56,99.59,2569.48,6.86,86.1,8.7,12.4
2023-01-05 20:00:00,31324.61,0.0,363.64,6.01,92.3,6.03,22.1
2023-01-05 21:00:00,30445.28,0.0,7.55,4.69,95.9,3.83,21.0
2023-01-05 22:00:00,29410.84,0.0,3511.36,2.12,99.0,9.51,20.7
2023-01-05 23:00:00,27254.67,0.0,3256.22,2.27,91.5,9.16,9.1
2023-01-06 00:00:00,24695.82,0.0,0.09,2.0,95.9,3.19,20.6
2023-01-06 01:00:00,24203.49,0.0,1658.96,2.02,90.5,7.95,15.9
2023-01-06 02:00:00,26314.51,0.0,2619.98,0.41,99.0,8.81,0.0
2023-01-06 03:00:00,23692.51,0.0,2465.95,1.73,92.2,8.79,0.0
2023-01-06 04:00:00,26075.82,0.0,2488.34,0.2,99.0,8.82,13.5
2023-01-06 05:00:00,26008.64,0.0,18.01,1.27,99.0,4.09,12.8
2023-01-06 06:00:00,26561.46,69.02,131.79,4.36,99.0,5.13,37.7
2023-01-06 07:00:00,29509.92,421.34,4152.33,4.04,99.0,9.74,43.9
2023-01-06 08:00:00,30681.92,702.51,5336.02,4.43,99.0,10.39,48.3
2023-01-06 09:00:00,30060.5,1030.57,12.95,5.68,99.0,4.0,46.6
2023-01-06 10:00:00,30294.68,1292.1,0.0,6.27,99.0,0.82,45.7
2023-01-06 11:00:00,29914.4,1511.96,2598.06,5.66,99.0,8.78,42.7
2023-01-06 12:00:00,28754.94,1826.93,10.26,6.77,94.2,3.91,39.5
2023-01-06 13:00:00,29003.45,1605.97,0.56,6.4,99.0,3.35,46.7
2023-01-06 14:00:00,27875.32,1831.96,0.71,7.51,99.0,3.37,35.5
2023-01-06 15:00:00,29291.81,1695.62,8.09,6.73,87.2,3.86,23.9
2023-01-06 16:00:00,28817.65,1525.99,2.89,8.4,93.6,3.61,13.1
2023-01-06 17:00:00,31059.91,804.83,147.77,7.07,98.0,5.2,41.7
2023-01-06 18:00:00,31491.26,385.33,0.0,6.02,99.0,1.22,48.6
2023-01-06 19:00:00,31826.14,62.06,9057.91,6.0,99.0,11.85,52.0
2023-01-06 20:00:00,33225.4,0.0,6262.97,3.51,98.5,10.71,38.7
2023-01-06 21:00:00,31980.75,0.0,6678.27,2.62,99.0,10.96,47.1
2023-01-06 22:00:00,28131.29,0.0,4375.9,2.9,99.0,10.02,45.6
2023-01-06 23:00:00,29297.0,0.0,1358.68,-0.03,99.0,7.65,48.3
2023-01-07 00:00:00,24345.53,0.0,32.58,-0.78,99.0,4.36,36.6
2023-01-07 01:00:00,24306.22,0.0,0.0,-1.18,99.0,2.68,39.8
2023-01-07 02:00:00,23161.96,0.0,1.43,-0.74,99.0,3.48,35.5
2023-01-07 03:00:00,25675.78,0.0,220.09,-2.26,99.0,5.55,27.7
2023-01-07 04:00:00,26745.48,0.0,752.66,-3.47,99.0,6.9,38.8
2023-01-07 05:00:00,27024.29,0.0,10000.0,-2.25,99.0,15.67,21.3
2023-01-07 06:00:00,27930.78,68.37,383.6,-1.04,99.0,6.06,31.2
2023-01-07 07:00:00,29355.91,463.88,563.12,0.33,99.0,6.51,41.2
2023-01-07 08:00:00,28924.26,862.18,1399.12,1.94,96.4,7.69,31.4
2023-01-07 09:00:00,29292.45,1355.05,0.05,2.48,99.0,3.15,23.4
2023-01-07 10:00:00,27656.89,1712.79,5909.57,4.07,97.7,10.6,23.5
2023-01-07 11:00:00,27417.74,1837.41,165.26,5.61,97.8,5.34,29.7
2023-01-07 12:00:00,26650.03,1922.38,0.02,5.86,99.0,3.12,29.9
2023-01-07 13:00:00,24416.75,1853.89,4612.59,8.77,90.6,9.94,37.1
2023-01-07 14:00:00,24293.94,1290.49,222.26,9.73,96.7,5.58,59.4
2023-01-07 15:00:00,25043.55,1248.33,33.24,8.51,98.3,4.38,51.8
2023-01-07 16:00:00,25495.16,1271.45,143.77,9.09,87.2,5.2,30.7
2023-01-07 17:00:00,27225.58,755.01,755.21,7.5,95.4,6.89,42.5
2023-01-07 18:00:00,27696.69,232.96,0.0,7.64,99.0,2.06,63.2
2023-01-07 19:00:00,27317.15,120.88,2779.61,7.9,99.0,8.86,66.0
2023-01-07 20:00:00,27376.58,0.0,8350.64,5.75,99.0,11.53,50.6
2023-01-07 21:00:00,26494.72,0.0,472.49,5.53,94.4,6.25,48.7
2023-01-07 22:00:00,24851.36,0.0,1266.11,4.65,99.0,7.57,35.0
2023-01-07 23:00:00,22331.24,0.0,4659.49,4.28,99.0,9.98,44.1
2023-01-08 00:00:00,20061.6,0.0,234.67,5.15,93.6,5.59,28.5
2023-01-08 01:00:00,20121.25,0.0,9228.64,3.84,93.7,15.59,27.1
2023-01-08 02:00:00,20298.6,0.0,2192.13,2.28,88.9,8.4,17.5
2023-01-08 03:00:00,21906.23,0.0,505.04,0.96,97.1,6.32,22.5
2023-01-08 04:00:00,22184.12,0.0,2156.79,0.11,99.0,8.37,21.1
2023-01-08 05:00:00,24097.98,0.0,820.62,0.46,99.0,6.92,26.3
2023-01-08 06:00:00,24844.81,171.77,0.39,1.55,99.0,3.31,29.1
2023-01-08 07:00:00,26828.29,431.91,2900.24,2.79,94.5,9.08,19.4
2023-01-08 08:00:00,26045.65,818.32,570.8,4.78,99.0,6.54,30.2
2023-01-08 09:00:00,26785.14,1325.31,2109.55,5.91,92.8,8.48,31.7
2023-01-08 10:00:00,24680.62,1723.96,0.0,8.63,85.5,2.6,21.7
2023-01-08 11:00:00,25036.92,1445.01,189.56,9.28,95.5,5.42,51.6
2023-01-08 12:00:00,22941.04,1427.32,1062.98,13.09,89.2,7.28,56.8
2023-01-08 13:00:00,21676.56,1456.82,9514.06,14.19,83.4,12.8,53.8
2023-01-08 14:00:00,22384.96,1112.6,2411.94,13.36,94.0,8.65,69.9
2023-01-08 15:00:00,23052.45,719.74,1893.89,12.05,99.0,8.25,89.3
2023-01-08 16:00:00,23828.79,616.61,0.0,12.22,99.0,2.58,82.5
2023-01-08 17:00:00,26046.82,454.78,1747.0,11.27,99.0,8.0,82.4
2023-01-08 18:00:00,26886.21,382.05,0.0,11.1,99.0,2.2,66.3
2023-01-08 19:00:00,25913.23,52.57,0.0,10.4,99.0,2.71,62.2
2023-01-08 20:00:00,25146.46,0.0,0.0,8.91,99.0,2.13,58.0
2023-01-08 21:00:00,25061.71,0.0,3485.4,6.51,96.7,9.34,58.9
2023-01-08 22:00:00,25343.49,0.0,0.0,3.45,99.0,2.73,61.5
2023-01-08 23:00:00,24145.04,0.0,0.55,1.75,99.0,3.34,66.5
2023-01-09 00:00:00,24994.46,0.0,49.13,1.63,99.0,4.57,67.3
2023-01-09 01:00:00,25236.85,0.0,1056.95,1.03,99.0,7.33,50.3
2023-01-09 02:00:00,27492.09,0.0,6347.28,-0.9,99.0,10.89,38.7
2023-01-09 03:00:00,26901.67,0.0,482.49,-0.87,99.0,6.28,33.2
2023-01-09 04:00:00,26577.72,0.0,1016.73,-0.28,99.0,7.24,31.5
2023-01-09 05:00:00,28531.89,0.0,15.26,-0.81,99.0,4.06,46.0
2023-01-09 06:00:00,29914.45,126.19,68.55,0.15,99.0,4.74,32.2
2023-01-09 07:00:00,31919.3,515.86,0.36,1.23,99.0,3.3,29.7
2023-01-09 08:00:00,33223.2,717.98,176.92,1.14,99.0,5.33,43.3
2023-01-09 09:00:00,32365.11,1145.91,534.07,2.86,99.0,6.44,40.2
2023-01-09 10:00:00,30939.51,1425.23,4.79,4.78,96.4,3.72,46.5
2023-01-09 11:00:00,29205.1,1555.73,2286.32,7.15,99.0,8.56,45.0
2023-01-09 12:00:00,28016.64,1665.03,9510.19,9.25,91.6,12.27,48.3
2023-01-09 13:00:00,27829.99,1663.84,0.0,8.37,88.0,1.52,45.5
2023-01-09 14:00:00,28291.44,1497.29,0.0,7.8,98.5,0.5,53.7
2023-01-09 15:00:00,28793.32,1453.79,1005.07,8.57,99.0,7.2,34.4
2023-01-09 16:00:00,28587.96,1245.9,0.0,8.97,93.7,2.09,31.6
2023-01-09 17:00:00,29655.17,746.59,2.03,9.03,95.6,3.54,37.0
2023-01-09 18:00:00,,371.0,15.91,12.44,89.9,4.05,44.7
2023-01-09 19:00:00,28362.25,46.58,4553.7,11.77,94.6,9.89,62.9
2023-01-09 20:00:00,28071.49,0.0,681.51,11.53,87.8,6.73,56.3
2023-01-09 21:00:00,27254.89,0.0,0.0,10.95,89.9,1.49,73.0
2023-01-09 22:00:00,24032.61,0.0,0.0,9.99,98.3,1.23,62.0
2023-01-09 23:00:00,23097.82,0.0,10.92,8.04,99.0,3.93,76.2
2023-01-10 00:00:00,21311.81,0.0,128.32,7.44,99.0,5.15,82.8
2023-01-10 01:00:00,21816.14,0.0,632.86,5.41,99.0,6.63,67.6
2023-01-10 02:00:00,22109.78,0.0,5006.33,4.32,99.0,10.2,68.9
2023-01-10 03:00:00,23163.73,0.0,196.05,3.31,99.0,5.48,65.7
2023-01-10 04:00:00,22748.14,0.0,338.62,3.31,99.0,5.92,71.0
2023-01-10 05:00:00,23088.32,0.0,194.66,6.08,99.0,5.43,65.5
2023-01-10 06:00:00,26409.99,70.46,0.0,4.4,99.0,1.57,59.7
2023-01-10 07:00:00,27099.48,214.51,9767.27,5.91,99.0,12.26,74.7
2023-01-10 08:00:00,30088.38,533.06,0.0,5.02,99.0,3.06,70.2
2023-01-10 09:00:00,29956.54,708.46,16.04,5.6,99.0,4.06,77.4
2023-01-10 10:00:00,28247.05,898.25,0.0,7.93,99.0,2.34,71.1
2023-01-10 11:00:00,28250.35,777.46,115.97,8.98,99.0,5.04,88.3
2023-01-10 12:00:00,27565.99,1224.9,4740.53,8.63,99.0,10.05,75.3
2023-01-10 13:00:00,27708.25,1330.13,0.0,8.52,89.2,1.3,64.6
2023-01-10 14:00:00,27340.91,858.47,17.71,9.71,99.0,4.09,80.8
2023-01-10 15:00:00,27214.51,897.95,0.0,8.99,99.0,0.5,71.5
2023-01-10 16:00:00,28029.76,568.8,834.2,9.04,99.0,7.02,87.9
2023-01-10 17:00:00,29533.77,341.2,317.96,8.58,99.0,5.84,93.7
2023-01-10 18:00:00,31586.77,188.53,602.15,7.06,99.0,6.58,86.3
2023-01-10 19:00:00,30562.98,180.95,95.63,8.43,99.0,4.9,59.9
2023-01-10 20:00:00,29294.25,0.0,4459.92,7.83,96.0,9.97,58.2
2023-01-10 21:00:00,30005.3,0.0,104.11,4.2,97.8,5.01,58.1
2023-01-10 22:00:00,28853.42,0.0,424.2,3.13,99.0,6.13,70.9
2023-01-10 23:00:00,28143.33,0.0,1693.35,1.21,99.0,7.98,87.1
2023-01-11 00:00:00,25863.06,0.0,705.19,1.12,99.0,6.72,74.4
2023-01-11 01:00:00,27868.18,0.0,26.1,-0.56,99.0,4.27,80.9
2023-01-11 02:00:00,27251.21,0.0,205.83,-1.15,99.0,5.46,86.1
2023-01-11 03:00:00,26567.18,0.0,1.14,-0.75,99.0,3.44,94.4
2023-01-11 04:00:00,25748.89,0.0,498.71,0.35,99.0,6.35,94.8
2023-01-11 05:00:00,28899.24,0.0,1385.84,-0.56,99.0,7.64,65.8
2023-01-11 06:00:00,30679.27,198.49,0.8,-0.16,99.0,3.39,61.8
2023-01-11 07:00:00,31750.58,388.53,1083.15,0.34,99.0,7.39,46.3
2023-01-11 08:00:00,33131.92,803.16,5144.13,0.84,99.0,10.28,44.0
2023-01-11 09:00:00,30793.27,996.24,41.99,4.12,99.0,4.46,56.2
2023-01-11 10:00:00,29968.98,1211.97,0.13,5.79,97.3,3.21,58.9
2023-01-11 11:00:00,30550.21,1088.86,3361.2,5.51,99.0,9.37,71.3
2023-01-11 12:00:00,28276.1,1257.2,587.8,7.55,99.0,6.5,72.6
2023-01-11 13:00:00,26985.14,1523.21,0.0,10.63,94.8,1.35,54.1
2023-01-11 14:00:00,27145.97,2005.08,7.58,12.08,78.5,3.84,23.1
2023-01-11 15:00:00,27351.71,1651.09,334.6,10.35,88.6,5.98,27.8
2023-01-11 16:00:00,27991.57,1302.4,133.35,9.54,84.7,5.15,27.6
2023-01-11 17:00:00,28521.14,996.17,252.13,10.39,89.5,5.64,18.3
2023-01-11 18:00:00,30402.61,553.18,184.97,8.7,86.3,5.4,1.5
2023-01-11 19:00:00,30058.84,61.62,1625.91,8.1,84.0,7.91,0.0
2023-01-11 20:00:00,29604.5,0.0,13.88,7.68,84.4,4.01,1.8
2023-01-11 21:00:00,29895.73,0.0,1239.89,5.25,91.6,7.51,15.3
2023-01-11 22:00:00,28222.86,0.0,9228.15,3.85,96.0,14.55,21.5
2023-01-11 23:00:00,30038.86,0.0,189.68,-0.95,99.0,5.46,44.0
2023-01-12 00:00:00,29706.94,0.0,3355.88,-2.97,99.0,9.27,32.3
2023-01-12 01:00:00,31105.54,0.0,74.51,-3.82,99.0,4.76,44.7
2023-01-12 02:00:00,32164.93,0.0,138.45,-5.47,99.0,5.18,45.7
2023-01-12 03:00:00,29863.93,0.0,9790.17,-3.56,99.0,12.17,54.3
2023-01-12 04:00:00,31383.57,0.0,0.0,-4.83,99.0,2.36,48.3
2023-01-12 05:00:00,32917.25,0.0,44.82,-4.6,99.0,4.52,61.2
2023-01-12 06:00:00,33809.9,70.13,546.24,-3.44,99.0,6.43,63.1
2023-01-12 07:00:00,32928.33,331.6,220.14,-0.64,99.0,5.55,53.2
2023-01-12 08:00:00,34835.68,721.45,913.25,-0.94,99.0,7.08,52.4
2023-01-12 09:00:00,32959.86,1070.52,0.24,1.78,99.0,3.26,49.0
2023-01-12 10:00:00,32108.99,1237.66,0.0,3.15,99.0,1.65,54.8
2023-01-12 11:00:00,31609.87,1763.47,17.38,3.34,99.0,4.1,39.8
2023-01-12 12:00:00,29883.51,1800.3,113.14,5.01,99.0,5.05,40.5
2023-01-12 13:00:00,29298.02,1626.35,134.44,6.11,91.6,5.17,46.1
2023-01-12 14:00:00,29756.0,1561.56,184.23,6.04,96.2,5.38,46.7
2023-01-12 15:00:00,29032.08,1159.01,90.62,6.42,99.0,4.9,63.1
2023-01-12 16:00:00,30371.47,697.02,0.0,5.95,99.0,2.56,70.6
2023-01-12 17:00:00,31411.42,559.99,941.74,5.74,99.0,7.07,67.8
2023-01-12 18:00:00,32848.07,328.55,0.0,5.84,99.0,1.33,68.0
2023-01-12 19:00:00,31172.7,192.16,0.0,6.66,99.0,2.71,69.2
2023-01-12 20:00:00,32500.0,0.0,1250.31,4.11,99.0,7.52,71.5
2023-01-12 21:00:00,30101.39,0.0,13.63,5.26,99.0,4.0,46.8
2023-01-12 22:00:00,30660.14,0.0,348.6,1.78,99.0,5.97,43.3
2023-01-12 23:00:00,28166.01,0.0,104.85,0.5,97.8,4.98,26.1
2023-01-13 00:00:00,26482.29,0.0,604.86,0.16,99.0,6.61,44.3
2023-01-13 01:00:00,27291.02,0.0,222.79,-0.29,99.0,5.57,44.0
2023-01-13 02:00:00,27954.03,0.0,9361.83,-1.46,99.0,16.0,42.2
2023-01-13 03:00:00,27532.79,0.0,291.8,-1.83,99.0,5.81,53.7
2023-01-13 04:00:00,27123.27,0.0,1585.23,-2.16,99.0,7.91,58.2
2023-01-13 05:00:00,30329.49,0.0,6571.12,-2.26,99.0,10.92,43.4
2023-01-13 06:00:00,30058.73,157.42,1394.73,-0.46,99.0,7.7,43.2
2023-01-13 07:00:00,31548.12,442.35,753.56,0.97,99.0,6.84,39.8
2023-01-13 08:00:00,33006.52,1007.03,599.04,1.39,99.0,6.58,19.9
2023-01-13 09:00:00,31483.79,1399.83,246.71,3.68,95.9,5.68,15.0
2023-01-13 10:00:00,31056.2,1801.48,1952.37,5.26,90.9,8.32,16.8
2023-01-13 11:00:00,28943.98,2114.56,0.0,7.29,86.5,1.06,19.2
2023-01-13 12:00:00,27579.34,2516.09,2891.72,8.9,86.8,8.97,4.9
2023-01-13 13:00:00,28365.85,2150.68,182.97,8.64,83.1,5.37,23.9
2023-01-13 14:00:00,28118.01,1969.87,1752.57,8.46,89.5,8.05,25.6
2023-01-13 15:00:00,27588.25,1658.12,0.0,9.44,79.8,0.5,28.8
2023-01-13 16:00:00,28160.46,1226.29,2030.96,9.88,85.8,8.38,36.0
2023-01-13 17:00:00,29454.08,865.84,0.0,9.29,86.5,1.52,28.0
2023-01-13 18:00:00,31001.31,444.28,732.22,8.57,97.4,6.79,35.9
2023-01-13 19:00:00,30883.35,58.73,40.29,8.89,94.6,4.47,33.0
2023-01-13 20:00:00,29917.2,0.0,848.03,6.91,90.1,6.94,24.1
2023-01-13 21:00:00,29221.23,0.0,682.09,6.15,98.8,6.77,33.9
2023-01-13 22:00:00,26984.41,0.0,0.36,4.54,99.0,3.3,53.5
2023-01-13 23:00:00,26008.95,0.0,537.66,3.01,99.0,6.43,61.6
2023-01-14 00:00:00,21277.78,0.0,84.38,3.09,99.0,4.83,71.3
2023-01-14 01:00:00,20218.02,0.0,1049.97,3.06,99.0,7.23,62.3
2023-01-14 02:00:00,19084.37,0.0,2959.51,3.26,99.0,8.97,41.5
2023-01-14 03:00:00,18674.62,0.0,0.36,4.28,99.0,3.3,60.2
2023-01-14 04:00:00,19574.3,0.0,860.81,4.14,99.0,6.99,83.5
2023-01-14 05:00:00,19437.3,0.0,1331.32,5.06,99.0,7.71,97.8
2023-01-14 06:00:00,23209.37,24.44,101.6,5.15,99.0,4.97,87.9
2023-01-14 07:00:00,24556.58,354.77,10000.0,6.2,99.0,12.18,69.3
2023-01-14 08:00:00,25504.29,684.84,425.93,6.92,99.0,6.18,54.0
2023-01-14 09:00:00,24999.39,1292.87,0.06,8.0,92.4,3.17,33.2
2023-01-14 10:00:00,25147.8,1597.45,0.0,9.63,91.8,2.11,33.7
2023-01-14 11:00:00,24908.73,1428.09,191.89,9.6,94.7,5.44,54.8
2023-01-14 12:00:00,22924.08,1549.2,9.44,12.69,89.0,3.9,52.3
2023-01-14 13:00:00,23448.83,1513.61,0.0,12.0,98.4,2.22,55.5
2023-01-14 14:00:00,23085.55,1151.81,0.0,10.89,90.4,0.5,71.2
2023-01-14 15:00:00,23125.58,1140.53,110.85,12.17,98.4,5.04,63.6
2023-01-14 16:00:00,24358.42,600.18,165.4,12.66,97.4,5.35,86.3
2023-01-14 17:00:00,25090.89,320.39,0.0,12.6,99.0,1.74,100.0
2023-01-14 18:00:00,26026.66,101.42,264.15,12.24,99.0,5.69,97.2
2023-01-14 19:00:00,26329.87,95.36,6745.2,10.92,95.9,10.94,84.4
2023-01-14 20:00:00,26184.35,0.0,9806.47,8.48,99.0,12.58,88.5
2023-01-14 21:00:00,24655.55,0.0,4286.97,7.11,99.0,9.88,79.5
2023-01-14 22:00:00,24745.32,0.0,2867.13,4.91,99.0,8.93,62.0
2023-01-14 23:00:00,22007.56,0.0,14.32,4.67,99.0,4.01,75.7
2023-01-15 00:00:00,21131.05,0.0,5.76,3.28,99.0,3.77,87.3
2023-01-15 01:00:00,21712.96,0.0,465.8,1.43,99.0,6.32,84.6
2023-01-15 02:00:00,22594.45,0.0,1545.37,0.48,99.0,7.85,65.1
2023-01-15 03:00:00,22661.24,0.0,5309.21,0.68,99.0,10.43,48.4
2023-01-15 04:00:00,22592.55,0.0,76.92,0.11,99.0,4.77,49.7
2023-01-15 05:00:00,25348.82,0.0,626.27,-0.39,99.0,6.59,43.6
2023-01-15 06:00:00,26263.54,57.31,1433.48,0.63,99.0,7.78,40.2
2023-01-15 07:00:00,26785.8,422.32,318.37,1.87,99.0,5.89,53.5
2023-01-15 08:00:00,27956.07,653.08,258.25,2.43,99.0,5.67,61.7
2023-01-15 09:00:00,28565.56,637.34,2.13,3.15,99.0,3.55,76.7
2023-01-15 10:00:00,27822.49,1189.87,10000.0,4.68,99.0,13.33,61.5
2023-01-15 11:00:00,28067.83,1482.64,89.37,4.25,99.0,4.92,55.8
2023-01-15 12:00:00,28292.01,1429.34,133.04,3.8,99.0,5.12,64.1
2023-01-15 13:00:00,28776.87,1268.75,0.0,3.97,99.0,2.45,67.6
2023-01-15 14:00:00,27386.23,926.67,62.38,4.44,99.0,4.66,83.8
2023-01-15 15:00:00,26789.83,815.99,0.0,5.17,99.0,2.6,84.6
2023-01-15 16:00:00,26336.54,457.8,0.0,6.83,99.0,2.19,100.0
2023-01-15 17:00:00,27993.71,311.81,0.0,7.38,99.0,2.93,100.0
2023-01-15 18:00:00,27957.67,138.66,0.0,6.46,99.0,0.5,100.0
2023-01-15 19:00:00,29346.09,85.69,251.79,5.48,99.0,5.67,97.8
2023-01-15 20:00:00,29499.03,0.0,46.69,3.25,99.0,4.53,92.1
2023-01-15 21:00:00,28422.29,0.0,4741.37,2.08,99.0,10.09,97.8
2023-01-15 22:00:00,27014.97,0.0,0.0,0.61,99.0,1.81,100.0
2023-01-15 23:00:00,26619.09,0.0,0.0,-0.08,99.0,2.14,100.0
2023-01-16 00:00:00,28947.09,0.0,5793.42,-1.94,99.0,10.68,100.0
2023-01-16 01:00:00,28628.06,0.0,3.66,-2.0,99.0,3.66,100.0
2023-01-16 02:00:00,26263.16,0.0,0.0,-0.71,99.0,1.53,80.0
2023-01-16 03:00:00,27803.28,0.0,33.29,-1.01,99.0,4.34,59.2
2023-01-16 04:00:00,26744.48,0.0,4731.08,-0.42,99.0,10.0,66.2
2023-01-16 05:00:00,26496.92,0.0,3849.05,0.78,99.0,9.6,64.3
2023-01-16 06:00:00,29080.0,119.15,175.06,1.02,99.0,5.33,69.7
2023-01-16 07:00:00,31407.99,304.87,1443.21,2.21,99.0,7.72,68.0
2023-01-16 08:00:00,30794.49,503.46,379.87,3.32,99.0,6.08,72.6
2023-01-16 09:00:00,30457.53,908.81,4837.58,4.61,99.0,10.22,60.0
2023-01-16 10:00:00,31110.0,1162.26,0.0,4.94,96.5,1.44,65.5
2023-01-16 11:00:00,30005.79,1123.69,1715.39,6.12,99.0,8.1,75.5
2023-01-16 12:00:00,28150.67,924.97,0.0,7.65,98.2,2.21,87.0
2023-01-16 13:00:00,27405.97,657.13,7.67,9.97,99.0,3.83,100.0
2023-01-16 14:00:00,26562.06,543.44,0.0,11.37,99.0,2.1,100.0
2023-01-16 15:00:00,26238.9,545.27,442.14,13.71,99.0,6.25,99.5
2023-01-16 16:00:00,27607.17,692.8,392.72,12.39,85.5,6.06,75.2
2023-01-16 17:00:00,28418.71,607.97,113.85,12.62,94.6,5.05,65.6
2023-01-16 18:00:00,29248.5,397.13,598.63,11.76,98.0,6.56,61.3
2023-01-16 19:00:00,28467.28,27.03,489.09,12.89,99.0,6.27,72.5
2023-01-16 20:00:00,28889.1,0.0,1558.57,10.43,94.2,7.93,62.3
2023-01-16 21:00:00,27620.82,0.0,3.96,7.92,99.0,3.67,70.3
2023-01-16 22:00:00,25819.33,0.0,204.16,5.76,99.0,5.47,67.7
2023-01-16 23:00:00,27212.96,0.0,1.53,2.06,99.0,3.48,63.4
2023-01-17 00:00:00,27033.65,0.0,348.9,0.41,99.0,6.01,64.9
2023-01-17 01:00:00,27534.56,0.0,2242.77,-1.2,99.0,8.48,58.3
2023-01-17 02:00:00,27288.76,0.0,2309.23,-1.48,99.0,8.5,52.1
2023-01-17 03:00:00,27001.06,0.0,2470.4,-1.24,99.0,8.72,31.3
2023-01-17 04:00:00,25290.47,0.0,177.66,0.99,99.0,5.39,30.5
2023-01-17 05:00:00,25038.59,0.0,1807.98,2.39,99.0,8.11,27.0
2023-01-17 06:00:00,28364.22,140.23,212.34,2.34,99.0,5.54,23.5
2023-01-17 07:00:00,29583.02,534.35,9174.94,2.21,99.0,11.87,31.6
2023-01-17 08:00:00,31049.23,830.16,82.13,3.85,94.0,4.81,41.6
2023-01-17 09:00:00,31587.45,1115.82,600.83,3.55,98.9,6.55,45.3
2023-01-17 10:00:00,29535.98,1236.13,1273.72,6.8,99.0,7.64,57.8
2023-01-17 11:00:00,27230.2,1355.0,3844.29,9.14,99.0,9.65,63.7
2023-01-17 12:00:00,27893.03,1521.24,35.43,9.42,94.7,4.38,58.4
2023-01-17 13:00:00,27972.5,1644.23,2.87,8.15,99.0,3.6,51.7
2023-01-17 14:00:00,27868.47,1524.09,13.94,10.1,99.0,4.01,55.2
2023-01-17 15:00:00,27645.83,1199.94,0.05,10.02,98.1,3.15,61.4
2023-01-17 16:00:00,27095.84,678.86,304.18,11.12,99.0,5.84,76.7
2023-01-17 17:00:00,29155.79,436.45,4530.93,8.71,,9.87,87.7
2023-01-17 18:00:00,31171.15,315.68,0.0,7.23,97.6,1.77,76.6
2023-01-17 19:00:00,32050.72,16.51,223.25,6.22,99.0,5.6,72.1
2023-01-17 20:00:00,31978.09,0.0,4011.43,5.1,99.0,9.76,77.4
2023-01-17 21:00:00,31191.06,0.0,0.0,3.35,99.0,2.33,86.9
2023-01-17 22:00:00,29105.13,0.0,337.24,2.8,99.0,5.97,93.6
2023-01-17 23:00:00,28684.48,0.0,4611.09,0.44,99.0,10.07,87.6
2023-01-18 00:00:00,27971.24,0.0,6684.06,-0.69,99.0,10.97,68.2
2023-01-18 01:00:00,28344.4,0.0,729.88,-1.27,99.0,6.86,53.9
2023-01-18 02:00:00,27001.53,0.0,0.0,-1.14,99.0,2.34,56.7
2023-01-18 03:00:00,26700.19,0.0,2.62,-0.52,99.0,3.59,59.9
2023-01-18 04:00:00,27762.64,0.0,1210.57,-1.64,99.0,7.57,45.5
2023-01-18 05:00:00,31381.54,0.0,3.32,-2.81,99.0,3.63,46.5
2023-01-18 06:00:00,31053.79,0.0,4.68,-0.51,99.0,3.71,54.5
2023-01-18 07:00:00,32444.1,405.37,2698.68,0.88,99.0,8.79,40.1
2023-01-18 08:00:00,33921.47,706.1,1857.13,1.23,99.0,8.26,54.5
2023-01-18 09:00:00,29731.86,1140.74,3168.37,4.25,98.9,9.11,49.4
2023-01-18 10:00:00,30465.33,1095.26,0.0,5.57,99.0,2.08,64.5
2023-01-18 11:00:00,28922.32,1488.3,0.0,7.98,99.0,2.71,56.3
2023-01-18 12:00:00,28204.79,1700.43,1739.44,8.93,98.5,8.12,43.2
2023-01-18 13:00:00,26670.74,1936.19,641.72,11.84,90.5,6.6,38.4
2023-01-18 14:00:00,25955.95,1781.24,1119.52,14.0,89.3,7.45,38.6
2023-01-18 15:00:00,26408.33,1711.42,10000.0,13.54,82.4,12.83,35.3
2023-01-18 16:00:00,27127.05,1205.89,1888.48,14.13,82.9,8.3,34.4
2023-01-18 17:00:00,28319.83,838.98,79.37,14.0,91.8,4.83,40.2
2023-01-18 18:00:00,28557.72,370.71,0.85,14.37,91.9,3.4,39.3
2023-01-18 19:00:00,28767.79,86.56,259.95,11.87,84.7,5.67,39.7
2023-01-18 20:00:00,28138.29,0.0,622.98,11.11,86.5,6.55,20.4
2023-01-18 21:00:00,26426.84,0.0,39.44,10.65,86.5,4.44,28.6
2023-01-18 22:00:00,26758.38,0.0,2260.12,7.05,90.9,8.49,30.1
2023-01-18 23:00:00,24883.48,0.0,0.0,4.3,99.0,2.84,51.7
2023-01-19 00:00:00,26763.23,0.0,3087.45,0.86,99.0,9.13,40.4
2023-01-19 01:00:00,27050.26,0.0,0.0,-0.24,99.0,2.37,19.9
2023-01-19 02:00:00,25693.05,0.0,723.16,0.04,99.0,6.85,30.9
2023-01-19 03:00:00,24593.23,0.0,5828.74,1.46,99.0,10.61,37.3
2023-01-19 04:00:00,25354.42,0.0,0.45,1.54,99.0,3.32,26.7
2023-01-19 05:00:00,24409.29,0.0,781.16,3.66,95.3,6.89,11.1
2023-01-19 06:00:00,28396.4,42.28,7.07,2.64,99.0,3.8,34.2
2023-01-19 07:00:00,31824.9,496.02,6065.75,1.61,98.7,10.61,53.1
2023-01-19 08:00:00,31452.23,988.93,3402.69,2.68,99.0,9.27,22.8
2023-01-19 09:00:00,30341.36,1474.06,6406.42,4.32,88.9,10.94,20.6
2023-01-19 10:00:00,30263.46,1484.01,3285.84,5.48,99.0,9.33,44.0
2023-01-19 11:00:00,30581.85,1756.14,938.0,4.32,97.2,7.2,39.0
2023-01-19 12:00:00,28901.9,2073.78,0.0,5.31,92.3,2.34,34.4
2023-01-19 13:00:00,30202.94,2085.83,0.04,4.74,99.0,3.14,32.9
2023-01-19 14:00:00,30323.53,2183.64,47.0,6.13,94.2,4.53,21.5
2023-01-19 15:00:00,28998.57,2089.81,144.13,6.82,83.6,5.23,4.4
2023-01-19 16:00:00,30700.01,1509.64,905.9,5.71,88.6,7.15,22.5
2023-01-19 17:00:00,32686.33,1224.47,0.0,4.81,89.4,2.52,3.7
2023-01-19 18:00:00,34431.17,582.1,0.0,3.06,89.9,1.79,12.2
2023-01-19 19:00:00,34613.27,167.38,102.16,2.23,95.5,4.98,27.3
2023-01-19 20:00:00,34219.52,0.0,0.0,2.34,96.3,2.63,12.6
2023-01-19 21:00:00,34029.4,0.0,1133.12,0.16,93.4,7.37,6.0
2023-01-19 22:00:00,31966.57,0.0,650.03,-0.33,99.0,6.63,25.8
2023-01-19 23:00:00,31658.3,0.0,2143.54,-1.91,99.0,8.45,35.1
2023-01-20 00:00:00,30812.48,0.0,0.0,-3.61,99.0,2.71,29.7
2023-01-20 01:00:00,30705.81,0.0,10000.0,-4.26,99.0,13.12,46.6
2023-01-20 02:00:00,31856.32,0.0,0.0,-5.67,99.0,1.18,61.5
2023-01-20 03:00:00,33412.89,0.0,214.01,-6.17,99.0,5.56,63.3
2023-01-20 04:00:00,34668.38,0.0,2165.13,-7.03,99.0,8.39,50.9
2023-01-20 05:00:00,32760.85,0.0,0.0,-4.03,99.0,2.61,45.9
2023-01-20 06:00:00,33606.22,113.27,0.0,-3.03,99.0,2.97,49.8
2023-01-20 07:00:00,35076.69,351.28,0.0,-2.61,99.0,2.64,47.6
2023-01-20 08:00:00,35147.97,672.51,675.09,-1.0,99.0,6.68,59.1
2023-01-20 09:00:00,34755.87,1221.19,4669.52,0.32,99.0,10.03,39.7
2023-01-20 10:00:00,33295.79,1854.95,292.51,1.51,99.0,5.84,23.0
2023-01-20 11:00:00,32288.63,2073.48,351.55,3.54,99.0,5.95,28.4
2023-01-20 12:00:00,29863.9,2162.07,3.98,5.51,99.0,3.67,25.1
2023-01-20 13:00:00,30011.75,2308.94,0.0,5.77,93.3,0.5,20.6
2023-01-20 14:00:00,28813.32,2483.25,0.0,5.73,85.8,0.5,2.9
2023-01-20 15:00:00,29806.71,2054.29,2442.42,5.74,90.9,8.68,8.8
2023-01-20 16:00:00,32267.23,1558.89,0.0,3.19,98.6,1.2,13.1
2023-01-20 17:00:00,34633.19,992.84,9351.14,1.35,99.0,17.76,25.4
2023-01-20 18:00:00,35453.43,537.34,0.0,2.47,98.1,2.15,29.2
2023-01-20 19:00:00,33358.44,140.49,639.2,3.55,99.0,6.59,30.1
2023-01-20 20:00:00,33402.46,0.0,6854.52,2.26,99.0,11.12,46.6
2023-01-20 21:00:00,33033.9,0.0,60.27,1.8,99.0,4.65,31.3
2023-01-20 22:00:00,30764.65,0.0,1732.83,1.0,99.0,8.09,40.0
2023-01-20 23:00:00,26593.2,0.0,134.7,3.31,99.0,5.16,21.1
2023-01-21 00:00:00,19994.09,0.0,114.28,3.41,90.3,5.05,14.8
2023-01-21 01:00:00,20542.38,0.0,33.34,2.3,98.0,4.38,4.5
2023-01-21 02:00:00,22916.16,0.0,4400.76,0.6,99.0,9.96,19.4
2023-01-21 03:00:00,24365.9,0.0,105.44,-1.44,99.0,5.02,22.3
2023-01-21 04:00:00,23467.6,0.0,139.6,-1.04,99.0,5.19,25.5
2023-01-21 05:00:00,26039.34,0.0,10000.0,-1.4,99.0,18.07,15.2
2023-01-21 06:00:00,28731.87,151.72,155.09,-2.16,99.0,5.23,15.8
2023-01-21 07:00:00,31937.92,637.9,276.95,-1.74,99.0,5.71,10.8
2023-01-21 08:00:00,31535.09,1154.65,10000.0,-1.6,96.4,14.39,20.1
2023-01-21 09:00:00,29735.85,1632.21,62.1,1.73,92.6,4.7,11.9
2023-01-21 10:00:00,27966.0,1754.3,35.02,4.05,96.7,4.37,32.4
2023-01-21 11:00:00,26558.21,2359.76,1934.57,5.24,97.8,8.3,14.5
2023-01-21 12:00:00,25033.36,2669.13,0.95,7.9,90.8,3.41,9.1
2023-01-21 13:00:00,24695.93,2091.24,0.0,8.69,98.9,2.58,34.2
2023-01-21 14:00:00,23910.96,1958.7,11.68,8.16,98.9,3.96,30.9
2023-01-21 15:00:00,23516.2,1975.95,447.15,10.0,84.2,6.23,17.4
2023-01-21 16:00:00,24477.41,1475.36,0.0,10.33,86.8,0.5,24.0
2023-01-21 17:00:00,26215.02,1071.27,4.46,8.57,87.7,3.7,21.5
2023-01-21 18:00:00,27649.26,550.21,4.39,7.55,86.5,3.68,14.9
2023-01-21 19:00:00,28731.04,212.3,0.02,5.55,82.4,3.11,6.0
2023-01-21 20:00:00,29383.03,0.0,647.3,2.89,99.0,6.69,44.5
2023-01-21 21:00:00,28174.2,0.0,16.37,2.78,97.5,4.08,42.2
2023-01-21 22:00:00,25075.85,0.0,751.64,3.68,95.7,6.89,20.1
2023-01-21 23:00:00,25337.97,0.0,525.45,0.9,99.0,6.35,41.6
2023-01-22 00:00:00,22785.0,0.0,32.62,0.53,99.0,4.33,50.2
2023-01-22 01:00:00,23793.32,0.0,96.17,-0.97,99.0,4.93,41.1
2023-01-22 02:00:00,24931.27,0.0,24.64,-1.97,99.0,4.22,31.0
2023-01-22 03:00:00,24765.58,0.0,0.0,-2.73,99.0,2.96,41.4
2023-01-22 04:00:00,26706.64,0.0,1471.64,-3.43,99.0,7.85,39.6
2023-01-22 05:00:00,27480.02,0.0,1966.05,-2.76,99.0,8.21,17.8
2023-01-22 06:00:00,28738.2,111.17,8.79,-2.79,99.0,3.87,43.2
2023-01-22 07:00:00,30628.89,512.56,978.52,-1.32,99.0,7.25,38.8
2023-01-22 08:00:00,31091.55,715.26,9597.08,-0.07,99.0,13.5,58.2
2023-01-22 09:00:00,30149.14,826.11,0.0,1.05,99.0,2.01,72.6
2023-01-22 10:00:00,29865.11,1297.06,165.76,1.44,99.0,5.33,58.0
2023-01-22 11:00:00,29595.63,1285.72,977.58,2.16,99.0,7.16,69.5
2023-01-22 12:00:00,28069.6,1642.85,0.0,4.21,99.0,0.74,59.4
2023-01-22 13:00:00,26591.82,1958.09,1035.31,5.68,95.6,7.23,35.9
2023-01-22 14:00:00,26240.22,2005.54,9263.83,5.21,91.9,11.82,32.6
2023-01-22 15:00:00,25914.08,1604.45,0.0,5.65,99.0,0.99,39.5
2023-01-22 16:00:00,26849.65,1316.6,1312.4,6.48,99.0,7.66,35.3
2023-01-22 17:00:00,28856.07,826.47,5.15,4.26,96.6,3.73,33.4
2023-01-22 18:00:00,29817.7,448.66,0.0,4.3,99.0,1.96,49.2
2023-01-22 19:00:00,31019.27,96.2,121.52,2.73,95.7,5.06,50.6
2023-01-22 20:00:00,30738.76,0.0,0.0,2.39,97.5,1.66,40.5
2023-01-22 21:00:00,30902.69,0.0,309.78,0.45,99.0,5.89,50.1
2023-01-22 22:00:00,31097.86,0.0,0.0,-2.59,99.0,1.35,52.6
2023-01-22 23:00:00,31706.48,0.0,2045.36,-5.25,99.0,8.32,22.1
2023-01-23 00:00:00,33533.36,0.0,583.18,-5.81,99.0,6.47,30.9
2023-01-23 01:00:00,34315.44,0.0,534.91,-5.93,99.0,6.43,37.9
2023-01-23 02:00:00,34395.78,0.0,41.49,-7.09,99.0,4.45,39.7
2023-01-23 03:00:00,33489.39,0.0,305.35,-6.19,99.0,5.84,51.8
2023-01-23 04:00:00,35581.33,0.0,29.24,-7.56,99.0,4.32,43.6
2023-01-23 05:00:00,35756.46,0.0,2513.44,-6.77,99.0,8.83,48.5
2023-01-23 06:00:00,38415.94,90.92,20.48,-6.97,99.0,4.17,29.9
2023-01-23 07:00:00,39670.51,488.66,1014.16,-6.27,99.0,7.27,37.3
2023-01-23 08:00:00,40031.69,655.02,29.17,-4.62,99.0,4.31,62.4
2023-01-23 09:00:00,38987.11,1070.14,884.76,-3.91,99.0,7.02,49.1
2023-01-23 10:00:00,38383.14,1610.8,273.72,-2.65,99.0,5.72,40.1
2023-01-23 11:00:00,34709.68,2019.56,49.0,0.06,99.0,4.52,32.9
2023-01-23 12:00:00,33878.33,2028.1,477.4,0.77,99.0,6.32,36.6
2023-01-23 13:00:00,31442.14,2298.03,14.76,2.82,99.0,4.02,25.6
2023-01-23 14:00:00,32117.68,1984.43,1353.4,2.35,99.0,7.65,33.6
2023-01-23 15:00:00,31077.77,1553.92,585.0,3.44,99.0,6.53,45.9
2023-01-23 16:00:00,31104.63,1092.07,88.52,5.15,99.0,4.87,52.9
2023-01-23 17:00:00,34600.51,996.27,2424.12,2.13,99.0,8.63,31.4
2023-01-23 18:00:00,37118.34,430.07,1665.53,0.83,99.0,8.06,45.7
2023-01-23 19:00:00,35398.66,182.72,179.43,0.83,99.0,5.36,57.5
2023-01-23 20:00:00,36672.95,0.0,0.0,-0.25,99.0,1.62,66.7
2023-01-23 21:00:00,34534.98,0.0,475.78,-0.78,99.0,6.24,69.2
2023-01-23 22:00:00,34441.68,0.0,95.14,-2.43,99.0,4.9,69.7
2023-01-23 23:00:00,32280.75,0.0,648.57,-3.21,99.0,6.63,79.8
2023-01-24 00:00:00,31979.11,0.0,1485.02,-4.11,,7.78,99.6
2023-01-24 01:00:00,29021.31,0.0,1688.04,-3.34,99.0,7.95,82.4
2023-01-24 02:00:00,29397.16,0.0,2111.81,-3.38,99.0,8.33,91.5
2023-01-24 03:00:00,29231.05,0.0,2202.12,-3.03,99.0,8.43,85.6
2023-01-24 04:00:00,30598.03,0.0,2.81,-3.22,99.0,3.59,79.9
2023-01-24 05:00:00,30367.42,0.0,27.42,-3.15,99.0,4.29,58.0
2023-01-24 06:00:00,33208.29,80.05,1365.62,-2.71,99.0,7.63,53.8
2023-01-24 07:00:00,33802.65,438.98,227.91,-1.12,99.0,5.6,41.5
2023-01-24 08:00:00,33704.45,911.41,2108.98,-0.29,99.0,8.4,37.0
2023-01-24 09:00:00,32790.93,1451.31,0.0,,99.0,2.61,25.5
2023-01-24 10:00:00,30269.18,1859.62,0.0,5.07,95.2,2.94,23.2
2023-01-24 11:00:00,29394.27,2269.18,224.04,7.17,84.1,5.58,21.7
2023-01-24 12:00:00,28692.8,2152.64,90.2,7.73,90.0,4.87,26.4
2023-01-24 13:00:00,26810.52,2611.59,0.0,9.76,85.8,2.85,9.9
2023-01-24 14:00:00,26517.57,2610.8,7.91,9.67,84.2,3.84,0.0
2023-01-24 15:00:00,28974.94,2181.4,0.0,7.5,86.8,0.5,8.3
2023-01-24 16:00:00,30064.73,1684.2,0.0,6.27,90.9,0.5,3.8
2023-01-24 17:00:00,33831.37,1079.41,0.0,3.85,95.8,1.23,22.4
2023-01-24 18:00:00,34400.29,565.83,204.02,2.93,99.0,5.48,28.5
2023-01-24 19:00:00,35313.22,45.42,2659.38,2.19,99.0,8.84,38.5
2023-01-24 20:00:00,33261.01,0.0,2.07,3.1,99.0,3.53,56.9
2023-01-24 21:00:00,32353.87,0.0,0.0,2.32,99.0,1.37,52.5
2023-01-24 22:00:00,30972.49,0.0,1564.69,0.91,99.0,7.82,45.4
2023-01-24 23:00:00,28745.86,0.0,4301.75,0.74,99.0,9.91,56.6
2023-01-25 00:00:00,29120.06,0.0,2.62,-2.66,99.0,3.59,62.3
2023-01-25 01:00:00,29629.63,0.0,304.54,-2.99,99.0,5.87,58.7
2023-01-25 02:00:00,28345.42,0.0,18.06,-2.48,99.0,4.11,74.5
2023-01-25 03:00:00,31158.89,0.0,2.92,-4.19,99.0,3.6,69.2
2023-01-25 04:00:00,28631.33,0.0,1768.1,-2.6,99.0,8.1,67.4
2023-01-25 05:00:00,29496.31,0.0,9576.28,-1.66,99.0,13.26,65.7
2023-01-25 06:00:00,31979.3,110.49,1745.17,-1.29,99.0,8.07,52.8
2023-01-25 07:00:00,32520.24,435.51,10000.0,0.49,99.0,14.05,53.5
2023-01-25 08:00:00,30623.08,650.2,217.76,4.18,99.0,5.51,70.0
2023-01-25 09:00:00,30467.14,770.73,4811.88,5.51,99.0,10.07,73.1
2023-01-25 10:00:00,29366.92,1023.92,0.0,6.9,99.0,3.06,70.9
2023-01-25 11:00:00,28783.08,1417.22,0.0,7.43,99.0,1.93,66.6
2023-01-25 12:00:00,28268.7,1360.56,589.29,7.39,99.0,6.6,68.7
2023-01-25 13:00:00,27966.9,1224.61,4.09,9.04,98.7,3.68,75.6
2023-01-25 14:00:00,27580.45,1107.09,0.04,8.5,99.0,3.14,80.0
2023-01-25 15:00:00,28002.8,1013.89,343.26,8.72,97.6,5.95,72.6
2023-01-25 16:00:00,29585.26,813.75,0.27,8.0,99.0,3.27,73.9
2023-01-25 17:00:00,30166.93,581.79,156.85,8.06,99.0,5.25,76.9
2023-01-25 18:00:00,31005.32,305.47,0.39,7.64,99.0,3.31,61.8
2023-01-25 19:00:00,30621.67,67.14,1410.9,7.74,99.0,7.73,62.5
2023-01-25 20:00:00,30772.26,0.0,11.6,5.92,99.0,3.95,35.2
2023-01-25 21:00:00,29901.61,0.0,373.55,4.31,99.0,5.99,43.0
2023-01-25 22:00:00,30576.67,0.0,0.0,1.94,98.4,1.45,51.9
2023-01-25 23:00:00,28715.02,0.0,2906.54,0.31,99.0,9.03,60.8
2023-01-26 00:00:00,27837.89,0.0,1316.44,-0.21,99.0,7.55,55.1
2023-01-26 01:00:00,26135.06,0.0,30.67,-0.12,98.7,4.3,58.4
2023-01-26 02:00:00,27947.72,0.0,55.58,-1.64,99.0,4.62,74.7
2023-01-26 03:00:00,26793.6,0.0,110.32,-0.82,99.0,5.06,88.8
2023-01-26 04:00:00,25485.16,0.0,1215.2,0.81,99.0,7.49,84.0
2023-01-26 05:00:00,26382.07,0.0,972.79,1.63,99.0,7.13,81.8
2023-01-26 06:00:00,26627.17,2.75,76.19,4.32,99.0,4.8,91.5
2023-01-26 07:00:00,29022.49,302.18,1706.61,4.21,99.0,7.97,68.7
2023-01-26 08:00:00,30750.37,737.84,4901.11,3.82,99.0,10.21,62.7
2023-01-26 09:00:00,32151.45,847.8,0.0,3.01,99.0,1.54,77.4
2023-01-26 10:00:00,29365.3,850.8,74.2,5.93,99.0,4.76,86.0
2023-01-26 11:00:00,28264.16,984.31,309.54,7.74,99.0,5.87,86.3
2023-01-26 12:00:00,28275.71,1536.33,219.83,8.56,98.5,5.56,64.0
2023-01-26 13:00:00,26604.35,1529.2,0.0,9.53,97.0,0.5,61.9
2023-01-26 14:00:00,27085.32,1638.76,0.0,8.66,99.0,2.26,53.6
2023-01-26 15:00:00,27699.0,1289.75,0.0,11.49,98.6,0.63,57.3
2023-01-26 16:00:00,28265.43,1169.26,124.9,11.27,96.5,5.1,46.9
2023-01-26 17:00:00,28723.04,947.07,323.66,10.73,83.9,5.88,35.2
2023-01-26 18:00:00,30191.21,583.33,0.0,10.58,81.4,2.11,12.3
2023-01-26 19:00:00,30102.29,72.59,7.67,9.9,90.4,3.82,31.7
2023-01-26 20:00:00,29407.74,0.0,17.41,8.75,87.1,4.09,29.3
2023-01-26 21:00:00,28832.16,0.0,2618.57,6.4,99.0,8.79,33.8
2023-01-26 22:00:00,27256.9,0.0,2.76,5.5,99.0,3.59,35.9
2023-01-26 23:00:00,24444.61,0.0,689.41,6.22,91.4,6.7,25.0
2023-01-27 00:00:00,22250.14,0.0,3007.89,6.41,97.5,9.17,13.3
2023-01-27 01:00:00,20072.34,0.0,4668.48,7.03,87.6,9.96,5.8
2023-01-27 02:00:00,22168.91,0.0,1855.64,5.53,99.0,8.27,2.7
2023-01-27 03:00:00,23463.98,0.0,177.43,3.88,94.4,5.36,12.9
2023-01-27 04:00:00,22155.01,0.0,4598.49,3.59,95.3,9.99,8.1
2023-01-27 05:00:00,24636.17,0.0,2650.52,3.85,99.0,8.9,34.3
2023-01-27 06:00:00,26460.65,77.16,1908.59,5.55,99.0,8.32,48.7
2023-01-27 07:00:00,29460.42,444.53,0.0,4.36,99.0,2.51,58.7
2023-01-27 08:00:00,29037.66,821.91,0.0,7.01,99.0,1.85,56.5
2023-01-27 09:00:00,27871.5,837.51,1162.11,7.79,99.0,7.38,74.1
2023-01-27 10:00:00,28785.08,1181.52,6983.31,8.31,98.3,10.97,68.8
2023-01-27 11:00:00,28729.79,1356.74,1244.99,8.14,99.0,7.61,66.3
2023-01-27 12:00:00,29328.96,1378.12,1726.7,7.18,98.2,8.1,66.6
2023-01-27 13:00:00,27383.37,1283.17,115.78,8.84,94.8,5.03,73.3
2023-01-27 14:00:00,27022.56,1120.81,0.0,9.33,99.0,3.04,78.3
2023-01-27 15:00:00,28435.85,1150.92,381.42,8.0,99.0,6.01,69.4
2023-01-27 16:00:00,29871.11,1021.4,505.38,6.44,99.0,6.39,60.9
2023-01-27 17:00:00,31672.16,631.52,426.14,5.69,99.0,6.15,67.5
2023-01-27 18:00:00,31446.53,285.48,5565.43,6.88,99.0,10.5,74.2
2023-01-27 19:00:00,32007.88,101.32,16.59,5.61,99.0,4.09,66.8
2023-01-27 20:00:00,32952.36,0.0,0.0,2.82,95.9,1.17,45.9
2023-01-27 21:00:00,32775.38,0.0,5269.67,1.42,96.3,10.3,44.1
2023-01-27 22:00:00,31021.32,0.0,0.29,0.01,99.0,3.28,52.5
2023-01-27 23:00:00,33958.72,0.0,1681.09,-3.98,99.0,8.0,74.1
2023-01-28 00:00:00,29358.08,0.0,5334.88,-4.71,99.0,10.45,57.3
2023-01-28 01:00:00,28803.19,0.0,156.87,-5.43,99.0,5.28,51.5
2023-01-28 02:00:00,28729.09,0.0,4748.22,-4.86,99.0,10.09,46.9
2023-01-28 03:00:00,25095.29,0.0,234.45,-2.76,99.0,5.61,63.8
2023-01-28 04:00:00,24732.35,0.0,3740.06,-1.27,99.0,9.62,61.9
2023-01-28 05:00:00,25730.86,0.0,0.0,-1.07,99.0,2.99,49.8
2023-01-28 06:00:00,28897.25,38.35,1557.78,-1.5,99.0,7.86,56.8
2023-01-28 07:00:00,27267.18,471.74,1551.71,2.43,99.0,7.81,51.4
2023-01-28 08:00:00,27885.37,928.56,351.79,3.57,99.0,5.95,36.7
2023-01-28 09:00:00,27553.65,1601.15,1020.99,4.76,94.8,7.3,27.9
2023-01-28 10:00:00,27357.72,1463.54,5138.48,5.9,99.0,10.34,51.6
2023-01-28 11:00:00,26243.46,1584.47,922.94,7.21,99.0,7.17,56.2
2023-01-28 12:00:00,25318.53,1674.03,6730.35,7.97,99.0,11.07,57.0
2023-01-28 13:00:00,24270.81,1758.34,26.56,8.04,99.0,4.27,53.4
2023-01-28 14:00:00,23769.15,1622.99,72.72,7.9,96.5,4.78,56.7
2023-01-28 15:00:00,25018.96,1333.0,0.0,8.04,99.0,2.67,59.5
2023-01-28 16:00:00,25784.2,1063.35,9430.77,7.3,99.0,12.37,62.1
2023-01-28 17:00:00,27766.77,722.86,0.0,6.09,99.0,0.69,62.3
2023-01-28 18:00:00,29109.95,330.19,5.84,5.54,99.0,3.77,71.5
2023-01-28 19:00:00,29915.29,100.09,2.05,4.35,99.0,3.54,69.4
2023-01-28 20:00:00,27896.38,0.0,47.64,4.94,99.0,4.52,55.6
2023-01-28 21:00:00,30405.63,0.0,5482.75,0.78,99.0,10.51,47.8
2023-01-28 22:00:00,27402.55,0.0,102.85,0.9,98.9,5.0,24.5
2023-01-28 23:00:00,24719.65,0.0,6756.15,1.2,99.0,11.1,52.1
2023-01-29 00:00:00,26911.05,0.0,348.59,-2.06,99.0,5.97,62.7
2023-01-29 01:00:00,26498.81,0.0,5447.29,-3.06,99.0,10.34,51.5
2023-01-29 02:00:00,26782.36,0.0,837.49,-3.8,99.0,7.04,48.2
2023-01-29 03:00:00,28901.99,0.0,196.53,-5.35,99.0,5.45,41.0
2023-01-29 04:00:00,30455.71,0.0,569.47,-5.79,99.0,6.48,60.9
2023-01-29 05:00:00,31844.72,0.0,423.86,-6.25,99.0,6.16,42.8
2023-01-29 06:00:00,30605.97,169.69,66.73,-3.22,99.0,4.69,45.3
2023-01-29 07:00:00,30448.63,505.01,65.47,-0.99,99.0,4.68,44.8
2023-01-29 08:00:00,29192.95,788.49,1.79,1.7,99.0,3.52,55.6
2023-01-29 09:00:00,27649.26,1165.19,39.16,3.77,98.3,4.44,54.0
2023-01-29 10:00:00,27825.74,1787.62,541.63,3.76,99.0,6.42,32.6
2023-01-29 11:00:00,28442.11,2246.84,26.55,4.4,97.9,4.24,32.0
2023-01-29 12:00:00,26062.64,2511.39,695.15,6.03,94.1,6.7,22.7
2023-01-29 13:00:00,25781.71,2414.7,9376.59,5.5,99.0,12.64,27.2
2023-01-29 14:00:00,25506.31,1805.95,2.81,6.9,96.3,3.6,47.4
2023-01-29 15:00:00,26220.34,1836.54,24.82,6.88,87.6,4.22,27.1
2023-01-29 16:00:00,27233.31,1618.21,0.0,6.39,92.5,1.84,20.5
2023-01-29 17:00:00,27068.54,1157.57,7.92,6.81,92.1,3.84,17.7
2023-01-29 18:00:00,28946.01,586.12,767.85,6.59,90.0,6.85,17.3
2023-01-29 19:00:00,29899.72,98.17,0.0,5.22,99.0,2.88,30.3
2023-01-29 20:00:00,27551.53,0.0,0.0,5.38,86.2,2.86,30.9
2023-01-29 21:00:00,27989.05,0.0,75.26,2.92,99.0,4.76,38.4
2023-01-29 22:00:00,25468.62,0.0,2980.78,2.39,99.0,9.08,32.6
2023-01-29 23:00:00,24910.09,0.0,1094.33,1.88,99.0,7.33,37.7
2023-01-30 00:00:00,26074.05,0.0,9859.9,0.53,94.2,12.61,49.0
2023-01-30 01:00:00,26181.55,0.0,7232.48,0.11,99.0,11.25,40.6
2023-01-30 02:00:00,28219.14,0.0,13.96,-1.79,99.0,4.03,51.4
2023-01-30 03:00:00,26483.49,0.0,0.0,-0.89,99.0,2.73,52.1
2023-01-30 04:00:00,26809.77,0.0,409.28,-0.95,99.0,6.09,64.7
2023-01-30 05:00:00,28937.76,0.0,788.75,-1.05,99.0,6.92,60.8
2023-01-30 06:00:00,30463.05,76.37,634.8,0.9,99.0,6.68,64.4
2023-01-30 07:00:00,31700.82,418.98,0.36,1.08,99.0,3.3,62.5
2023-01-30 08:00:00,33496.63,794.87,0.0,0.69,99.0,2.92,60.1
2023-01-30 09:00:00,33850.31,1044.34,0.0,0.32,99.0,1.6,62.3
2023-01-30 10:00:00,32761.19,1188.83,2771.47,2.43,99.0,8.93,67.5
2023-01-30 11:00:00,33181.82,1739.14,6295.82,2.32,99.0,10.79,50.7
2023-01-30 12:00:00,29823.19,1486.13,0.0,5.47,99.0,1.66,68.1
2023-01-30 13:00:00,31205.58,2041.12,0.0,4.03,99.0,2.41,43.9
2023-01-30 14:00:00,28769.54,2072.43,0.0,6.6,99.0,1.05,36.7
2023-01-30 15:00:00,28174.51,1747.97,2174.58,7.1,98.3,8.48,37.5
2023-01-30 16:00:00,29955.69,1324.61,6045.16,6.9,95.3,10.65,44.2
2023-01-30 17:00:00,32526.18,718.29,0.0,5.91,99.0,2.82,64.1
2023-01-30 18:00:00,31904.86,486.37,0.52,5.69,93.5,3.34,40.4
2023-01-30 19:00:00,32803.89,52.28,15.23,4.74,99.0,4.05,35.8
2023-01-30 20:00:00,32216.5,0.0,185.26,4.87,91.2,5.42,12.2
2023-01-30 21:00:00,30739.86,0.0,1000.94,3.75,99.0,7.26,17.4
2023-01-30 22:00:00,28546.76,0.0,364.68,2.66,92.4,6.06,24.9
2023-01-30 23:00:00,28226.78,0.0,9705.91,1.09,99.0,12.1,47.3
2023-01-31 00:00:00,27872.24,0.0,0.08,0.07,99.0,3.18,49.6
2023-01-31 01:00:00,26600.29,0.0,3675.95,-0.35,99.0,9.55,62.5
2023-01-31 02:00:00,29025.42,0.0,242.52,-2.72,99.0,5.59,68.3
2023-01-31 03:00:00,30200.13,0.0,350.64,-4.26,99.0,5.97,61.2
2023-01-31 04:00:00,29609.3,0.0,2522.73,-3.09,99.0,8.67,43.3
2023-01-31 05:00:00,30512.53,0.0,9321.2,-2.3,99.0,11.86,47.7
2023-01-31 06:00:00,32046.07,98.41,2073.63,-1.63,99.0,8.44,30.4
2023-01-31 07:00:00,33199.19,534.91,2779.9,-0.51,99.0,8.84,48.6
2023-01-31 08:00:00,33358.62,802.12,2013.35,1.14,99.0,8.26,47.1
2023-01-31 09:00:00,33195.26,1109.5,31.21,1.86,99.0,4.33,62.1
2023-01-31 10:00:00,32988.85,1378.22,1353.47,2.35,99.0,7.71,55.2
2023-01-31 11:00:00,31350.67,1579.82,1376.52,3.88,99.0,7.74,58.1
2023-01-31 12:00:00,30963.56,1665.82,132.64,3.93,99.0,5.13,60.0
2023-01-31 13:00:00,30885.31,1795.01,95.74,5.32,99.0,4.96,58.6
2023-01-31 14:00:00,30887.39,1731.67,794.38,4.08,99.0,6.89,52.7
2023-01-31 15:00:00,29868.6,1405.38,1271.47,5.63,99.0,7.55,57.4
2023-01-31 16:00:00,29567.14,1249.91,0.35,6.15,97.3,3.3,45.7
2023-01-31 17:00:00,31058.8,1055.62,1246.39,6.08,99.0,7.51,32.0
2023-01-31 18:00:00,31613.96,436.91,1559.74,6.5,98.6,7.86,49.4
2023-01-31 19:00:00,31161.65,90.19,0.0,7.37,99.0,3.02,58.5
2023-01-31 20:00:00,29875.45,0.0,1048.75,7.25,99.0,7.29,58.6
2023-01-31 21:00:00,30721.0,0.0,0.13,3.84,99.0,3.21,77.9
2023-01-31 22:00:00,29876.58,0.0,0.0,1.18,99.0,2.56,71.6
2023-01-31 23:00:00,30518.87,0.0,805.07,-0.6,99.0,6.91,85.2
2023-02-01 00:00:00,28427.95,0.0,7138.28,-1.42,99.0,11.15,83.6
2023-02-01 01:00:00,28163.73,0.0,0.0,-1.51,99.0,2.44,67.6
2023-02-01 02:00:00,28693.77,0.0,4880.99,-2.73,99.0,10.04,88.0
2023-02-01 03:00:00,28515.86,0.0,828.97,-2.58,99.0,6.96,95.7
2023-02-01 04:00:00,29379.56,0.0,5652.29,-3.16,99.0,10.56,89.1
2023-02-01 05:00:00,31541.41,0.0,4991.73,-3.22,99.0,10.16,93.5
2023-02-01 06:00:00,34114.44,51.08,5660.64,-3.84,99.0,10.49,83.8
2023-02-01 07:00:00,37029.3,272.33,2472.78,-3.62,99.0,8.76,90.0
2023-02-01 08:00:00,38270.76,820.84,3674.8,-3.65,99.0,9.43,56.9
2023-02-01 09:00:00,38373.03,1289.12,0.02,-3.12,99.0,3.11,44.1
2023-02-01 10:00:00,35515.08,1410.83,9.17,-0.31,99.0,3.88,56.9
2023-02-01 11:00:00,34708.53,1700.55,0.01,0.12,99.0,3.09,53.4
2023-02-01 12:00:00,31074.1,1803.38,841.9,4.36,99.0,7.01,55.9
2023-02-01 13:00:00,29445.32,2220.77,0.0,5.83,96.9,1.86,39.3
2023-02-01 14:00:00,29611.99,1531.73,0.0,6.63,99.0,2.01,63.1
2023-02-01 15:00:00,29604.13,977.1,2285.41,5.95,99.0,8.51,76.2
2023-02-01 16:00:00,29778.2,962.69,487.01,6.71,99.0,6.33,71.0
2023-02-01 17:00:00,31532.05,653.82,2443.3,5.69,99.0,8.6,63.9
2023-02-01 18:00:00,32464.81,290.81,0.0,5.19,98.2,1.91,75.0
2023-02-01 19:00:00,32023.56,59.45,31.4,7.13,99.0,4.33,96.1
2023-02-01 20:00:00,31186.41,0.0,5.19,5.8,99.0,3.72,100.0
2023-02-01 21:00:00,29318.68,0.0,0.0,5.77,99.0,0.75,100.0
2023-02-01 22:00:00,28167.61,0.0,31.42,3.63,99.0,4.35,100.0
2023-02-01 23:00:00,27549.97,0.0,188.52,2.36,99.0,5.38,87.2
2023-02-02 00:00:00,24021.46,0.0,0.01,3.28,99.0,3.08,69.0
2023-02-02 01:00:00,24939.38,0.0,1072.44,1.65,99.0,7.28,72.4
2023-02-02 02:00:00,24157.77,0.0,348.02,3.04,99.0,5.97,72.2
2023-02-02 03:00:00,22321.38,0.0,0.0,3.42,99.0,2.79,68.1
2023-02-02 04:00:00,24005.9,0.0,2315.05,2.69,99.0,8.63,76.0
2023-02-02 05:00:00,24695.68,0.0,2525.16,3.65,99.0,8.76,88.0
2023-02-02 06:00:00,26003.71,89.23,4227.93,5.23,99.0,9.84,65.5
2023-02-02 07:00:00,27297.92,466.9,415.16,6.62,99.0,6.2,56.9
2023-02-02 08:00:00,29148.97,669.54,9653.16,5.73,99.0,12.6,66.3
2023-02-02 09:00:00,29747.37,1073.79,5446.34,5.98,97.1,10.43,59.1
2023-02-02 10:00:00,29100.84,1594.13,300.28,6.81,97.6,5.81,48.8
2023-02-02 11:00:00,27781.04,1617.79,63.2,7.77,99.0,4.68,61.5
2023-02-02 12:00:00,27424.02,2097.52,0.0,9.35,93.7,0.5,45.0
2023-02-02 13:00:00,27074.15,2134.01,562.7,10.17,96.0,6.5,42.4
2023-02-02 14:00:00,27162.85,1938.03,116.92,9.04,96.8,5.07,47.6
2023-02-02 15:00:00,27753.04,1800.45,4308.29,9.58,89.4,9.85,41.4
2023-02-02 16:00:00,27737.67,1256.62,158.99,10.03,89.7,5.31,52.2
2023-02-02 17:00:00,29245.67,861.33,9593.5,10.06,92.6,13.51,45.4
2023-02-02 18:00:00,30809.89,427.07,2183.22,10.36,95.2,8.44,63.3
2023-02-02 19:00:00,30108.49,90.75,6750.68,10.08,98.4,11.0,60.5
2023-02-02 20:00:00,29239.42,0.0,16.98,9.19,97.2,4.07,67.7
2023-02-02 21:00:00,28931.0,0.0,0.0,7.62,99.0,2.86,74.9
2023-02-02 22:00:00,27814.99,0.0,2503.47,4.31,99.0,8.8,64.7
2023-02-02 23:00:00,26042.69,0.0,2813.33,3.52,99.0,8.96,38.7
2023-02-03 00:00:00,24313.82,0.0,28.67,2.66,99.0,4.28,45.0
2023-02-03 01:00:00,25089.51,0.0,3140.8,2.06,99.0,9.15,46.8
2023-02-03 02:00:00,26822.43,0.0,1286.04,0.03,99.0,7.53,54.3
2023-02-03 03:00:00,27724.7,0.0,3.58,-1.38,99.0,3.64,51.4
2023-02-03 04:00:00,26952.89,0.0,742.09,-0.04,99.0,6.88,46.5
2023-02-03 05:00:00,26300.72,0.0,9005.53,0.34,99.0,11.9,71.4
2023-02-03 06:00:00,29592.11,95.46,635.65,1.81,99.0,6.61,51.6
2023-02-03 07:00:00,30264.8,380.49,2782.61,2.75,99.0,8.99,60.6
2023-02-03 08:00:00,31866.42,838.48,0.0,3.85,99.0,1.58,52.8
2023-02-03 09:00:00,30377.71,1257.54,1432.18,6.05,95.0,7.71,48.8
2023-02-03 10:00:00,29799.25,1694.23,6970.17,6.58,98.9,11.04,45.6
2023-02-03 11:00:00,28687.38,2127.23,123.91,7.75,97.9,5.11,36.9
2023-02-03 12:00:00,28493.36,2084.3,3.07,8.14,95.7,3.61,45.7
2023-02-03 13:00:00,27237.12,1682.66,309.37,8.37,95.9,5.89,63.3
2023-02-03 14:00:00,28356.51,1439.86,3436.18,8.48,99.0,9.32,67.7
2023-02-03 15:00:00,26879.13,1238.17,0.0,8.88,99.0,1.92,67.2
2023-02-03 16:00:00,28871.2,1120.88,7.08,8.17,96.4,3.81,53.7
2023-02-03 17:00:00,30422.32,806.28,0.0,9.08,99.0,1.88,59.9
2023-02-03 18:00:00,31748.05,276.8,85.43,7.27,99.0,4.84,85.0
2023-02-03 19:00:00,31103.32,70.67,191.13,6.06,99.0,5.43,76.6
2023-02-03 20:00:00,31360.52,0.0,6381.84,4.42,99.0,10.95,69.3
2023-02-03 21:00:00,29702.48,0.0,116.11,4.81,99.0,5.03,60.6
2023-02-03 22:00:00,28344.98,0.0,616.9,3.72,99.0,6.56,53.9
2023-02-03 23:00:00,26384.41,0.0,5483.23,3.62,92.3,10.42,20.9
2023-02-04 00:00:00,23259.34,0.0,136.95,0.9,99.0,5.18,29.8
2023-02-04 01:00:00,22196.84,0.0,1982.32,0.4,99.0,8.22,22.5
2023-02-04 02:00:00,22013.86,0.0,3229.62,0.85,93.3,9.18,6.9
2023-02-04 03:00:00,22125.91,0.0,234.71,0.68,99.0,5.6,21.5
2023-02-04 04:00:00,21268.7,0.0,21.1,1.91,99.0,4.16,12.4
2023-02-04 05:00:00,23991.06,0.0,696.85,1.66,95.6,6.77,13.3
2023-02-04 06:00:00,23733.07,189.43,189.54,3.85,99.0,5.45,35.7
2023-02-04 07:00:00,24125.68,584.4,42.99,7.16,90.4,4.49,20.9
2023-02-04 08:00:00,25684.28,1350.41,9493.14,7.58,91.4,12.87,6.4
2023-02-04 09:00:00,25365.78,1770.84,277.42,8.03,93.8,5.73,15.3
2023-02-04 10:00:00,23681.16,1965.16,2795.19,10.61,82.5,9.02,33.7
2023-02-04 11:00:00,23712.43,2498.23,0.0,13.17,83.8,2.69,17.2
2023-02-04 12:00:00,22772.58,2594.23,5103.88,13.17,78.9,10.26,26.4
2023-02-04 13:00:00,22327.37,2348.36,1135.3,13.11,93.8,7.42,36.6
2023-02-04 14:00:00,22304.79,2628.47,1171.79,12.97,83.1,7.48,14.0
2023-02-04 15:00:00,24077.49,2043.54,3.83,11.39,83.8,3.66,28.3
2023-02-04 16:00:00,24953.24,1366.34,38.98,10.04,91.4,4.44,41.8
2023-02-04 17:00:00,27179.41,1015.64,189.54,8.36,93.0,5.43,39.5
2023-02-04 18:00:00,28637.65,477.61,1284.25,6.73,99.0,7.55,56.2
2023-02-04 19:00:00,28700.46,44.15,2379.79,5.73,99.0,8.61,69.5
2023-02-04 20:00:00,28384.94,0.0,0.0,4.85,99.0,1.75,68.8
2023-02-04 21:00:00,26460.79,0.0,5075.44,5.33,99.0,10.2,61.6
2023-02-04 22:00:00,25321.62,0.0,8026.85,2.89,99.0,11.36,48.9
2023-02-04 23:00:00,22688.48,0.0,863.09,2.8,99.0,7.06,49.0
2023-02-05 00:00:00,22177.0,0.0,16.66,1.53,99.0,4.06,56.6
2023-02-05 01:00:00,22673.49,0.0,4191.79,0.65,99.0,9.81,52.4
2023-02-05 02:00:00,21443.9,0.0,1051.81,0.85,99.0,7.26,26.2
2023-02-05 03:00:00,24086.92,0.0,4548.68,-0.64,99.0,9.95,44.7
2023-02-05 04:00:00,23151.39,0.0,4362.76,-0.08,99.0,9.88,48.1
2023-02-05 05:00:00,23989.61,0.0,0.13,0.54,99.0,3.21,44.2
2023-02-05 06:00:00,24884.54,51.64,1123.08,1.79,99.0,7.43,55.6
2023-02-05 07:00:00,27095.29,393.69,424.43,3.02,99.0,6.18,73.7
2023-02-05 08:00:00,24773.22,1113.7,8252.58,6.79,96.6,11.64,37.7
2023-02-05 09:00:00,25681.0,1397.56,19.07,7.08,98.3,4.14,44.8
2023-02-05 10:00:00,25267.54,2080.05,0.0,7.54,90.5,3.07,28.7
2023-02-05 11:00:00,25433.37,2147.61,3403.98,7.86,96.2,9.46,37.7
2023-02-05 12:00:00,25235.45,2235.61,0.0,8.15,89.9,2.0,41.2
2023-02-05 13:00:00,24295.57,2023.28,467.33,8.16,94.5,6.26,50.3
2023-02-05 14:00:00,23071.58,1996.05,0.0,9.93,96.3,3.0,44.7
2023-02-05 15:00:00,23038.41,2221.24,112.64,11.57,78.6,5.05,23.3
2023-02-05 16:00:00,24824.8,1743.66,199.89,10.61,90.2,5.5,21.6
2023-02-05 17:00:00,26495.77,1119.51,15.17,9.08,82.8,4.03,30.3
2023-02-05 18:00:00,27004.1,501.05,9297.7,8.77,88.1,11.81,45.3
2023-02-05 19:00:00,28624.57,140.25,0.0,7.08,92.2,2.08,32.3
2023-02-05 20:00:00,27636.35,0.0,48.28,6.57,99.0,4.56,47.2
2023-02-05 21:00:00,26572.6,0.0,133.52,5.46,99.0,5.17,40.2
2023-02-05 22:00:00,25644.58,0.0,887.24,2.45,99.0,7.1,46.1
2023-02-05 23:00:00,23564.56,0.0,238.0,3.0,99.0,5.59,40.9
2023-02-06 00:00:00,23888.46,0.0,0.04,3.94,99.0,3.14,44.9
2023-02-06 01:00:00,23976.7,0.0,9698.16,2.3,99.0,12.41,56.6
2023-02-06 02:00:00,24718.29,0.0,461.9,1.24,99.0,6.22,41.6
2023-02-06 03:00:00,24169.71,0.0,253.28,1.27,98.1,5.7,34.9
2023-02-06 04:00:00,24345.66,0.0,548.42,1.67,99.0,6.46,39.4
2023-02-06 05:00:00,24813.96,0.0,46.81,2.73,99.0,4.51,70.0
2023-02-06 06:00:00,25991.46,163.01,0.07,5.52,99.0,3.18,57.7
2023-02-06 07:00:00,27786.65,307.92,1.2,6.02,99.0,3.45,81.7
2023-02-06 08:00:00,28788.15,369.19,0.48,6.03,99.0,3.33,100.0
2023-02-06 09:00:00,30172.89,603.79,0.39,5.55,99.0,3.31,95.4
2023-02-06 10:00:00,29906.94,905.1,74.89,5.89,99.0,4.78,86.9
2023-02-06 11:00:00,29779.23,1279.03,412.56,6.97,99.0,6.13,74.6
2023-02-06 12:00:00,27601.62,1586.64,326.78,9.89,96.9,5.92,71.3
2023-02-06 13:00:00,26676.76,2025.8,0.0,9.93,98.7,0.5,52.4
2023-02-06 14:00:00,26734.71,1924.28,3421.77,10.54,97.2,9.44,51.6
2023-02-06 15:00:00,26725.0,1210.61,1324.32,10.57,99.0,7.63,69.9
2023-02-06 16:00:00,27700.23,1207.02,6316.3,11.6,92.1,10.89,60.6
2023-02-06 17:00:00,28503.32,917.6,2.84,13.71,94.6,3.59,56.9
2023-02-06 18:00:00,28503.15,613.93,472.5,12.03,82.1,6.25,36.2
2023-02-06 19:00:00,29443.13,203.64,0.0,10.21,85.5,2.44,42.8
2023-02-06 20:00:00,29128.7,0.0,2215.2,9.96,88.8,8.44,47.3
2023-02-06 21:00:00,26576.59,0.0,0.0,9.18,95.2,2.97,48.8
2023-02-06 22:00:00,24356.47,0.0,60.87,9.65,96.9,4.68,46.9
2023-02-06 23:00:00,22611.21,0.0,457.89,8.72,82.9,6.24,44.2
2023-02-07 00:00:00,22099.22,0.0,1100.19,6.95,99.0,7.33,51.6
2023-02-07 01:00:00,21380.38,0.0,963.88,6.45,99.0,7.23,51.5
2023-02-07 02:00:00,20755.66,0.0,1.73,6.79,94.1,3.51,55.6
2023-02-07 03:00:00,20410.01,0.0,453.79,7.08,99.0,6.3,58.0
2023-02-07 04:00:00,20219.86,0.0,8895.99,7.33,99.0,11.8,71.0
2023-02-07 05:00:00,22066.53,0.0,5810.15,8.5,99.0,10.63,77.1
2023-02-07 06:00:00,22676.68,117.78,1064.65,10.03,99.0,7.29,76.7
2023-02-07 07:00:00,23567.82,204.56,758.94,11.97,96.8,6.89,92.2
2023-02-07 08:00:00,25029.51,468.36,0.0,13.22,99.0,2.77,92.7
2023-02-07 09:00:00,26079.67,483.1,0.47,13.64,98.2,3.33,100.0
2023-02-07 10:00:00,25999.71,641.78,1.43,14.47,99.0,3.47,100.0
2023-02-07 11:00:00,25731.21,1320.28,108.53,16.39,94.8,5.02,76.8
2023-02-07 12:00:00,25892.25,1083.47,782.38,15.89,99.0,6.9,89.8
2023-02-07 13:00:00,26099.88,1162.81,34.1,16.54,92.7,4.37,87.1
2023-02-07 14:00:00,25707.53,1093.72,0.0,16.08,91.2,1.46,82.5
2023-02-07 15:00:00,26123.7,1012.76,14.94,15.83,93.9,4.04,82.5
2023-02-07 16:00:00,25865.88,950.49,0.0,16.64,97.0,1.83,75.0
2023-02-07 17:00:00,27390.91,671.07,777.24,15.89,91.1,6.92,75.2
2023-02-07 18:00:00,28818.23,436.79,0.0,14.71,92.3,2.17,65.5
2023-02-07 19:00:00,28931.88,89.13,101.81,11.78,99.0,4.97,79.5
2023-02-07 20:00:00,28340.04,0.0,841.08,11.12,99.0,7.05,75.1
2023-02-07 21:00:00,27066.62,0.0,2.41,10.23,96.1,3.57,68.0
2023-02-07 22:00:00,24050.71,0.0,0.0,10.99,93.9,2.34,55.2
2023-02-07 23:00:00,23184.9,0.0,730.6,8.99,97.3,6.82,58.3
2023-02-08 00:00:00,20845.44,0.0,0.0,7.85,99.0,2.57,60.2
2023-02-08 01:00:00,20462.67,0.0,1167.22,6.93,99.0,7.46,64.2
2023-02-08 02:00:00,19041.78,0.0,3232.17,7.76,99.0,9.14,50.7
2023-02-08 03:00:00,20531.03,0.0,242.27,6.99,90.8,5.59,31.9
2023-02-08 04:00:00,20337.64,0.0,740.87,6.99,95.2,6.78,42.1
2023-02-08 05:00:00,22351.77,0.0,9622.39,7.68,97.3,11.84,61.4
2023-02-08 06:00:00,24011.69,107.34,476.38,8.18,97.3,6.33,48.2
2023-02-08 07:00:00,26320.21,412.17,9950.92,8.23,99.0,16.14,68.0
2023-02-08 08:00:00,26893.73,690.66,0.18,9.2,99.0,3.24,69.8
2023-02-08 09:00:00,27260.46,1090.27,1257.28,11.24,99.0,7.52,67.9
2023-02-08 10:00:00,27179.29,1475.81,649.17,10.92,86.0,6.67,61.5
2023-02-08 11:00:00,27069.23,2083.4,2797.65,11.88,92.3,8.99,44.0
2023-02-08 12:00:00,27055.27,1868.79,0.0,11.78,91.9,1.39,57.1
2023-02-08 13:00:00,26164.14,2195.96,0.0,13.59,90.7,2.96,47.4
2023-02-08 14:00:00,26002.2,2230.44,0.0,12.07,85.2,1.52,38.9
2023-02-08 15:00:00,27150.56,1729.66,4110.58,11.41,98.0,9.72,52.7
2023-02-08 16:00:00,27848.45,1676.6,12.27,11.51,91.1,3.98,30.3
2023-02-08 17:00:00,28484.64,1340.06,3312.81,12.58,84.4,9.3,14.9
2023-02-08 18:00:00,29674.85,613.49,0.25,11.48,88.0,3.27,19.4
2023-02-08 19:00:00,30088.09,169.21,0.0,9.63,86.3,2.02,27.1
2023-02-08 20:00:00,28264.69,0.0,7.69,10.34,88.1,3.82,36.2
2023-02-08 21:00:00,28170.82,0.0,584.16,7.2,97.6,6.5,34.7
2023-02-08 22:00:00,29611.48,0.0,3716.3,3.35,99.0,9.46,67.5
2023-02-08 23:00:00,27402.62,0.0,182.71,2.64,99.0,5.43,63.1
2023-02-09 00:00:00,26184.85,0.0,7489.99,1.09,99.0,11.29,59.5
2023-02-09 01:00:00,27624.66,0.0,70.07,-0.82,99.0,4.75,49.4
2023-02-09 02:00:00,26029.99,0.0,2252.99,-0.47,99.0,8.52,51.5
2023-02-09 03:00:00,25989.59,0.0,2766.38,-0.38,99.0,8.99,59.2
2023-02-09 04:00:00,26587.92,0.0,125.81,-0.85,99.0,5.11,73.1
2023-02-09 05:00:00,29872.43,0.0,0.0,-1.77,99.0,2.26,53.0
2023-02-09 06:00:00,30345.44,108.56,204.86,0.06,99.0,5.52,50.2
2023-02-09 07:00:00,31636.04,502.77,0.0,1.8,99.0,2.17,56.1
2023-02-09 08:00:00,31539.7,803.07,5217.33,2.84,99.0,10.44,63.0
2023-02-09 09:00:00,30031.73,1201.17,8690.93,6.12,99.0,11.6,62.0
2023-02-09 10:00:00,30085.59,1443.37,1175.56,6.06,99.0,7.48,67.6
2023-02-09 11:00:00,31388.66,1780.24,891.1,5.49,99.0,7.1,56.4
2023-02-09 12:00:00,30631.4,1519.98,0.0,5.78,99.0,2.83,74.8
2023-02-09 13:00:00,29810.35,1268.36,0.0,6.6,99.0,0.96,84.3
2023-02-09 14:00:00,28898.44,1711.66,1124.94,7.44,99.0,7.4,64.6
2023-02-09 15:00:00,28437.75,1729.67,105.89,7.41,98.9,4.98,50.5
2023-02-09 16:00:00,29385.0,1566.63,395.56,7.73,90.8,6.09,38.4
2023-02-09 17:00:00,32590.58,988.78,1019.89,5.93,95.9,7.24,48.5
2023-02-09 18:00:00,31884.23,641.47,20.04,6.89,86.8,4.16,33.8
2023-02-09 19:00:00,31570.44,214.7,0.0,5.84,92.6,2.21,32.3
2023-02-09 20:00:00,31016.86,0.0,1843.63,5.95,99.0,8.16,40.4
2023-02-09 21:00:00,29357.6,0.0,164.2,5.04,99.0,5.35,41.3
2023-02-09 22:00:00,27508.46,0.0,3291.84,4.25,99.0,9.2,46.0
2023-02-09 23:00:00,26167.72,0.0,296.93,3.63,99.0,5.83,34.3
2023-02-10 00:00:00,24765.77,0.0,31.03,3.08,99.0,4.33,44.0
2023-02-10 01:00:00,23442.14,0.0,17.27,2.88,99.0,4.1,37.9
2023-02-10 02:00:00,22381.93,0.0,3045.79,3.69,99.0,9.04,36.1
2023-02-10 03:00:00,22053.25,0.0,1238.53,3.49,99.0,7.51,41.2
2023-02-10 04:00:00,22489.6,0.0,405.91,4.18,99.0,6.13,44.0
2023-02-10 05:00:00,23194.96,0.0,674.41,4.28,99.0,6.69,45.6
2023-02-10 06:00:00,24852.58,105.95,809.93,6.37,99.0,6.95,37.7
2023-02-10 07:00:00,27681.84,574.9,27.16,6.28,99.0,4.27,36.1
2023-02-10 08:00:00,26602.92,1153.33,117.98,9.15,84.7,5.08,38.4
2023-02-10 09:00:00,26952.2,1705.97,17.55,9.97,91.7,4.1,23.9
2023-02-10 10:00:00,27897.15,2303.25,47.67,9.29,88.0,4.54,22.0
2023-02-10 11:00:00,27450.17,2458.47,121.26,10.35,87.4,5.12,30.6
2023-02-10 12:00:00,27262.41,2929.75,0.0,10.37,80.1,2.24,18.2
2023-02-10 13:00:00,26678.33,2544.47,7.9,11.88,88.4,3.85,36.4
2023-02-10 14:00:00,25856.36,1917.1,3.9,11.43,93.6,3.67,53.9
2023-02-10 15:00:00,27414.52,1937.36,0.0,10.94,85.2,2.85,39.0
2023-02-10 16:00:00,28641.19,1219.62,9811.25,8.58,92.4,15.42,57.2
2023-02-10 17:00:00,30254.37,897.64,0.0,7.61,99.0,0.96,55.2
2023-02-10 18:00:00,32677.69,498.76,371.28,4.22,99.0,6.05,60.1
2023-02-10 19:00:00,35128.04,125.45,0.0,1.69,99.0,2.5,53.5
2023-02-10 20:00:00,34506.29,0.0,2600.4,1.66,99.0,8.76,64.8
2023-02-10 21:00:00,32786.71,0.0,5501.54,1.5,99.0,10.43,68.4
2023-02-10 22:00:00,30883.51,0.0,154.03,0.88,99.0,5.26,57.0
2023-02-10 23:00:00,30390.87,0.0,3581.56,-1.22,99.0,9.44,42.8
2023-02-11 00:00:00,25995.16,0.0,54.97,-2.02,99.0,4.6,26.9
2023-02-11 01:00:00,25406.81,0.0,7.0,-2.62,99.0,3.8,32.5
2023-02-11 02:00:00,27309.81,0.0,199.07,-4.21,99.0,5.45,42.0
2023-02-11 03:00:00,24934.53,0.0,271.21,-2.49,99.0,5.69,51.4
2023-02-11 04:00:00,23669.59,0.0,406.73,-1.25,99.0,6.08,50.4
2023-02-11 05:00:00,25815.73,0.0,280.53,-0.97,99.0,5.77,37.1
2023-02-11 06:00:00,26274.47,148.45,299.49,-0.11,99.0,5.87,31.0
2023-02-11 07:00:00,28566.9,496.3,1705.83,1.17,99.0,8.13,47.7
2023-02-11 08:00:00,31025.68,1053.48,13.97,0.11,99.0,4.03,42.8
2023-02-11 09:00:00,29809.12,1461.83,0.0,1.26,99.0,1.02,46.0
2023-02-11 10:00:00,30103.54,2046.28,163.98,1.92,99.0,5.32,34.1
2023-02-11 11:00:00,29252.02,2281.13,63.47,2.19,99.0,4.71,40.7
2023-02-11 12:00:00,28207.93,2564.32,0.0,3.14,99.0,0.96,36.9
2023-02-11 13:00:00,25491.67,2110.56,0.0,6.15,99.0,1.66,51.6
2023-02-11 14:00:00,25106.77,1751.53,57.71,7.46,99.0,4.63,61.3
2023-02-11 15:00:00,25207.5,1599.69,0.0,7.08,99.0,2.43,54.6
2023-02-11 16:00:00,25537.4,1362.99,2313.62,7.66,98.4,8.52,53.1
2023-02-11 17:00:00,26445.66,1012.88,0.0,8.79,96.8,2.05,46.7
2023-02-11 18:00:00,27047.35,617.65,0.0,9.02,89.2,0.5,30.7
2023-02-11 19:00:00,27759.57,132.67,68.14,8.01,93.9,4.7,23.3
2023-02-11 20:00:00,27817.43,0.0,9385.7,6.05,90.6,13.28,29.5
2023-02-11 21:00:00,26294.99,0.0,765.72,5.54,95.7,6.82,36.4
2023-02-11 22:00:00,24124.28,0.0,91.7,4.65,99.0,4.9,40.4
2023-02-11 23:00:00,21812.32,0.0,0.0,4.38,95.0,1.58,38.5
2023-02-12 00:00:00,20276.03,0.0,518.44,4.0,97.1,6.44,51.9
2023-02-12 01:00:00,19081.99,0.0,37.59,4.2,99.0,4.43,53.0
2023-02-12 02:00:00,19577.32,0.0,1831.07,2.89,99.0,8.1,61.7
2023-02-12 03:00:00,18868.23,0.0,1292.41,3.98,95.2,7.58,39.7
2023-02-12 04:00:00,18822.39,0.0,109.9,4.09,93.3,5.04,0.0
2023-02-12 05:00:00,18677.65,0.0,0.0,6.59,87.2,2.97,5.1
2023-02-12 06:00:00,22128.41,286.66,2556.16,6.2,92.5,8.85,0.0
2023-02-12 07:00:00,22154.22,847.72,816.36,8.79,78.9,7.0,0.0
2023-02-12 08:00:00,23237.85,1480.23,3668.87,9.75,82.4,9.42,1.9
2023-02-12 09:00:00,24623.69,1813.58,7.85,9.87,90.6,3.84,27.4
2023-02-12 10:00:00,23909.63,2082.41,648.34,10.24,85.9,6.67,35.5
2023-02-12 11:00:00,24586.9,2284.12,0.0,10.76,95.0,1.94,39.8
2023-02-12 12:00:00,22789.42,2172.96,0.21,11.98,94.2,3.25,51.7
2023-02-12 13:00:00,22816.5,1883.56,346.18,13.06,85.4,5.98,56.6
2023-02-12 14:00:00,23154.76,1929.4,1357.76,12.63,90.9,7.71,50.9
2023-02-12 15:00:00,22727.04,1524.17,0.03,12.54,96.1,3.13,64.3
2023-02-12 16:00:00,23990.59,1393.93,1109.46,14.53,85.7,7.36,49.8
2023-02-12 17:00:00,24084.28,894.56,406.54,15.61,81.8,6.18,54.4
2023-02-12 18:00:00,25298.17,546.69,4.44,14.9,85.2,3.69,35.9
2023-02-12 19:00:00,24659.36,150.27,3049.17,13.51,96.1,9.06,40.6
2023-02-12 20:00:00,25055.84,0.0,202.91,12.07,88.7,5.47,44.7
2023-02-12 21:00:00,23165.73,0.0,844.86,11.11,99.0,6.94,66.1
2023-02-12 22:00:00,22756.61,0.0,347.48,8.34,92.8,5.99,46.0
2023-02-12 23:00:00,20982.24,0.0,327.39,6.58,97.6,5.94,39.8
2023-02-13 00:00:00,24431.23,0.0,4737.03,3.54,99.0,10.04,51.7
2023-02-13 01:00:00,23219.9,0.0,129.79,3.06,99.0,5.16,56.2
2023-02-13 02:00:00,23137.34,0.0,0.0,3.12,99.0,2.58,58.3
2023-02-13 03:00:00,23629.73,0.0,6335.38,2.22,99.0,10.92,46.4
2023-02-13 04:00:00,22731.21,0.0,4730.52,3.96,99.0,10.02,40.4
2023-02-13 05:00:00,25310.08,0.0,254.75,2.83,99.0,5.72,57.1
2023-02-13 06:00:00,28115.82,133.15,15.07,1.83,99.0,4.05,56.3
2023-02-13 07:00:00,30021.15,522.23,1406.45,3.01,99.0,7.79,60.7
2023-02-13 08:00:00,29701.24,890.26,0.0,5.26,99.0,2.38,58.7
2023-02-13 09:00:00,27818.08,1498.09,126.83,8.23,96.0,5.12,44.1
2023-02-13 10:00:00,28566.31,1661.34,0.0,8.73,95.6,1.85,56.6
2023-02-13 11:00:00,27415.58,1796.73,336.35,10.89,91.8,5.91,62.5
2023-02-13 12:00:00,27216.43,1201.11,0.0,11.59,94.8,0.5,89.3
2023-02-13 13:00:00,26750.91,1618.74,274.36,11.93,99.0,5.74,73.0
2023-02-13 14:00:00,25279.38,1307.87,354.48,13.18,99.0,6.01,80.8
2023-02-13 15:00:00,25816.58,1501.3,37.63,13.81,90.6,4.41,62.0
2023-02-13 16:00:00,28180.1,1143.36,0.0,11.63,95.4,1.94,63.1
2023-02-13 17:00:00,28663.73,642.01,0.0,12.62,92.1,1.31,73.9
2023-02-13 18:00:00,28137.07,562.66,0.96,13.12,89.9,3.42,46.8
2023-02-13 19:00:00,29336.87,158.27,81.05,11.12,93.7,4.84,45.3
2023-02-13 20:00:00,28159.87,0.0,618.81,10.13,89.6,6.58,39.8
2023-02-13 21:00:00,26344.66,0.0,0.0,9.16,98.2,0.5,33.2
2023-02-13 22:00:00,26190.72,0.0,1472.03,7.92,91.7,7.85,40.5
2023-02-13 23:00:00,24353.73,0.0,1764.27,5.87,99.0,8.15,55.7
2023-02-14 00:00:00,23801.33,0.0,426.03,3.98,99.0,6.13,54.2
2023-02-14 01:00:00,23126.06,0.0,223.81,3.01,99.0,5.54,56.9
2023-02-14 02:00:00,22138.88,0.0,5341.56,3.66,99.0,10.27,58.1
2023-02-14 03:00:00,21682.07,0.0,3848.51,3.86,99.0,9.54,57.8
2023-02-14 04:00:00,23838.87,0.0,9602.12,3.36,99.0,14.46,44.4
2023-02-14 05:00:00,23186.21,0.0,268.85,4.47,99.0,5.76,59.1
2023-02-14 06:00:00,29230.58,160.23,7192.31,1.85,99.0,11.11,62.2
2023-02-14 07:00:00,,453.34,0.0,4.06,99.0,2.78,66.1
2023-02-14 08:00:00,30797.16,971.85,169.18,3.18,99.0,5.34,55.2
2023-02-14 09:00:00,31039.59,1426.61,191.81,4.03,99.0,5.44,49.7
2023-02-14 10:00:00,30933.17,1875.6,101.52,4.06,99.0,4.94,48.3
2023-02-14 11:00:00,31518.36,2513.88,393.63,3.89,93.8,6.14,30.7
2023-02-14 12:00:00,29112.04,3194.4,0.0,6.34,99.0,2.21,13.4
2023-02-14 13:00:00,28953.26,3170.67,2177.91,6.67,86.5,8.45,11.3
2023-02-14 14:00:00,28058.15,2754.84,104.15,7.65,86.3,4.96,22.9
2023-02-14 15:00:00,28972.18,2532.51,3012.92,7.85,90.3,9.01,18.9
2023-02-14 16:00:00,29170.64,2096.78,0.0,8.29,96.0,0.5,11.1
2023-02-14 17:00:00,30445.17,1532.13,260.58,7.94,78.9,5.74,6.6
2023-02-14 18:00:00,32834.79,816.64,22.11,5.81,89.1,4.19,7.0
2023-02-14 19:00:00,31930.3,168.94,137.95,6.03,91.6,5.15,8.6
2023-02-14 20:00:00,32074.58,0.0,1269.96,4.38,99.0,7.57,40.2
2023-02-14 21:00:00,32669.02,0.0,2.52,1.5,99.0,3.57,54.7
2023-02-14 22:00:00,31390.05,0.0,4.08,-0.04,99.0,3.68,67.1
2023-02-14 23:00:00,28307.31,0.0,1639.42,0.65,99.0,8.06,79.7
2023-02-15 00:00:00,26597.95,0.0,696.09,0.75,99.0,6.73,65.0
2023-02-15 01:00:00,27306.85,0.0,62.97,-0.37,99.0,4.66,49.2
2023-02-15 02:00:00,27467.83,0.0,737.14,-1.19,99.0,6.75,36.7
2023-02-15 03:00:00,27854.51,0.0,642.98,-1.64,99.0,6.6,55.0
2023-02-15 04:00:00,24899.29,0.0,2226.09,0.89,99.0,8.5,48.5
2023-02-15 05:00:00,26456.35,0.0,0.0,1.72,99.0,1.44,34.4
2023-02-15 06:00:00,27421.56,151.76,1063.04,2.88,92.6,7.26,31.8
2023-02-15 07:00:00,28684.16,706.68,917.07,4.9,96.2,7.17,31.8
2023-02-15 08:00:00,29380.24,1175.19,1969.35,6.15,99.0,8.21,37.8
2023-02-15 09:00:00,28504.77,1536.54,4385.18,6.94,92.7,9.9,43.0
2023-02-15 10:00:00,28772.54,2098.69,101.68,7.82,98.8,4.94,34.6
2023-02-15 11:00:00,28391.72,2228.48,9.96,8.77,95.3,3.9,45.3
2023-02-15 12:00:00,28120.36,2518.98,0.0,9.61,89.9,1.51,38.9
2023-02-15 13:00:00,26612.1,2534.48,0.89,11.07,85.0,3.41,39.0
2023-02-15 14:00:00,26566.4,2052.89,0.0,11.47,92.8,0.77,49.3
2023-02-15 15:00:00,26686.2,2039.41,1083.41,12.3,95.2,7.37,42.3
2023-02-15 16:00:00,27123.04,1662.14,1173.07,11.86,87.1,7.46,37.1
2023-02-15 17:00:00,28512.4,1042.51,14.7,11.31,91.4,4.03,46.4
2023-02-15 18:00:00,30636.47,580.7,0.0,8.19,97.9,2.99,37.3
2023-02-15 19:00:00,30437.14,142.79,0.0,8.19,94.6,1.93,34.9
2023-02-15 20:00:00,30773.96,0.0,2910.7,7.33,90.4,8.93,44.0
2023-02-15 21:00:00,28391.35,0.0,3935.57,7.09,99.0,9.68,70.1
2023-02-15 22:00:00,29537.72,0.0,23.82,2.51,99.0,4.2,75.6
2023-02-15 23:00:00,25947.95,0.0,1018.52,3.69,99.0,7.31,78.9
2023-02-16 00:00:00,24753.94,0.0,65.11,2.54,99.0,4.68,82.6
2023-02-16 01:00:00,23764.94,0.0,51.68,2.91,99.0,4.59,66.6
2023-02-16 02:00:00,25205.47,0.0,0.0,1.14,99.0,2.25,66.7
2023-02-16 03:00:00,24325.2,0.0,1257.55,1.58,99.0,7.53,65.0
2023-02-16 04:00:00,25722.19,0.0,14.72,0.48,99.0,4.02,67.8
2023-02-16 05:00:00,27526.04,0.0,0.0,0.24,99.0,1.88,67.7
2023-02-16 06:00:00,26952.54,105.09,0.16,3.12,99.0,3.23,70.9
2023-02-16 07:00:00,29921.92,415.19,90.28,3.79,99.0,4.87,65.3
2023-02-16 08:00:00,29665.59,818.06,1152.17,5.09,99.0,7.45,64.9
2023-02-16 09:00:00,29533.21,1537.21,0.55,7.19,95.6,3.35,49.1
2023-02-16 10:00:00,28269.74,1853.98,3750.92,8.82,95.6,9.56,46.0
2023-02-16 11:00:00,28342.61,1777.96,1.33,9.96,97.2,3.47,63.9
2023-02-16 12:00:00,26912.37,1777.68,2.29,11.18,92.2,3.56,66.8
2023-02-16 13:00:00,25532.95,1916.77,0.0,14.4,90.1,2.45,65.2
2023-02-16 14:00:00,26218.36,1177.87,0.0,14.47,99.0,2.63,86.8
2023-02-16 15:00:00,25782.75,1425.29,0.0,14.54,92.5,0.81,66.8
2023-02-16 16:00:00,27093.33,1410.85,0.0,15.23,87.4,2.96,52.2
2023-02-16 17:00:00,27921.7,743.11,2083.49,15.6,99.0,8.34,73.2
2023-02-16 18:00:00,29002.02,526.69,579.93,15.74,94.8,6.47,71.6
2023-02-16 19:00:00,27615.96,11.17,2811.31,14.98,95.1,9.04,66.8
2023-02-16 20:00:00,28208.42,0.0,0.0,12.09,91.2,2.07,51.1
2023-02-16 21:00:00,25688.3,0.0,185.01,12.26,94.0,5.37,57.1
2023-02-16 22:00:00,23640.93,0.0,9.56,9.3,97.1,3.89,63.5
2023-02-16 23:00:00,23336.37,0.0,2012.4,8.12,99.0,8.24,49.4
2023-02-17 00:00:00,22208.98,0.0,9535.04,6.03,99.0,13.22,48.7
2023-02-17 01:00:00,22630.83,0.0,4269.26,4.91,99.0,9.77,45.5
2023-02-17 02:00:00,22021.75,0.0,0.0,4.53,99.0,2.55,49.9
2023-02-17 03:00:00,21950.53,0.0,201.68,4.45,99.0,5.49,37.2
2023-02-17 04:00:00,22745.3,0.0,0.0,4.81,99.0,2.42,54.5
2023-02-17 05:00:00,22378.11,0.0,0.0,6.78,99.0,2.52,65.6
2023-02-17 06:00:00,23979.66,64.13,0.0,7.66,97.6,2.93,60.1
2023-02-17 07:00:00,26554.63,561.04,49.76,8.01,99.0,4.57,57.0
2023-02-17 08:00:00,27117.1,886.44,46.82,9.88,93.6,4.51,55.3
2023-02-17 09:00:00,25314.51,1546.45,99.27,12.04,89.5,4.94,46.0
2023-02-17 10:00:00,27204.0,2024.09,62.17,11.5,86.0,4.67,41.9
2023-02-17 11:00:00,27217.12,2365.98,1278.51,12.98,89.9,7.58,40.4
2023-02-17 12:00:00,26042.85,1968.6,0.0,14.39,93.3,1.93,61.6
2023-02-17 13:00:00,25665.52,1666.58,0.0,14.44,92.6,1.9,72.3
2023-02-17 14:00:00,25675.58,1380.68,240.03,16.1,96.7,5.59,81.6
2023-02-17 15:00:00,26634.01,1188.23,125.92,15.69,87.3,5.09,82.9
2023-02-17 16:00:00,26715.26,1205.84,0.0,15.3,88.3,1.74,66.3
2023-02-17 17:00:00,27986.03,829.98,1989.63,14.27,91.5,8.22,64.6
2023-02-17 18:00:00,28669.36,394.17,2.18,13.2,91.6,3.54,75.2
2023-02-17 19:00:00,28814.94,158.03,16.15,10.69,88.5,4.08,57.8
2023-02-17 20:00:00,29763.77,0.0,74.26,7.73,99.0,4.78,65.2
2023-02-17 21:00:00,27846.38,0.0,30.8,8.13,99.0,4.34,92.0
2023-02-17 22:00:00,25932.31,0.0,558.81,5.75,99.0,6.48,100.0
2023-02-17 23:00:00,25865.98,0.0,201.25,3.37,99.0,5.45,100.0
2023-02-18 00:00:00,24363.27,0.0,60.85,0.03,99.0,4.68,100.0
2023-02-18 01:00:00,24367.7,0.0,7764.49,-1.35,99.0,11.25,100.0
2023-02-18 02:00:00,24943.61,0.0,182.94,-3.17,99.0,5.39,98.0
2023-02-18 03:00:00,24582.7,0.0,2409.56,-1.33,99.0,8.61,100.0
2023-02-18 04:00:00,22450.67,0.0,246.86,0.02,99.0,5.69,100.0
2023-02-18 05:00:00,24514.13,0.0,437.64,-0.25,99.0,6.25,100.0
2023-02-18 06:00:00,24536.08,99.42,44.56,3.05,99.0,4.49,100.0
2023-02-18 07:00:00,24783.52,241.75,2379.54,5.02,99.0,8.57,99.5
2023-02-18 08:00:00,25177.23,579.84,1854.72,5.66,99.0,8.12,92.0
2023-02-18 09:00:00,27762.41,767.54,0.0,4.03,99.0,1.12,88.9
2023-02-18 10:00:00,25648.9,1425.25,0.0,7.84,99.0,1.5,72.6
2023-02-18 11:00:00,25458.77,1593.2,4477.51,7.36,99.0,10.03,73.4
2023-02-18 12:00:00,25928.43,2274.39,3047.21,6.53,98.1,9.04,50.7
2023-02-18 13:00:00,24085.46,1944.61,65.01,8.52,99.0,4.72,63.9
2023-02-18 14:00:00,22663.36,1833.0,45.77,11.7,95.6,4.5,63.5
2023-02-18 15:00:00,22787.0,1734.05,1208.6,13.25,95.3,7.49,56.4
2023-02-18 16:00:00,23761.4,1549.07,0.0,13.49,88.0,1.59,46.4
2023-02-18 17:00:00,24731.34,1027.35,339.49,13.42,88.1,5.95,44.7
2023-02-18 18:00:00,25869.67,494.14,65.99,13.33,89.4,4.68,54.4
2023-02-18 19:00:00,25883.87,106.88,1074.52,12.86,92.6,7.27,61.2
2023-02-18 20:00:00,24920.89,0.0,0.0,11.67,89.6,0.98,52.1
2023-02-18 21:00:00,22688.04,0.0,545.85,10.2,88.8,6.46,42.4
2023-02-18 22:00:00,21562.2,0.0,533.42,8.57,99.0,6.47,52.0
2023-02-18 23:00:00,21040.68,0.0,4188.5,6.28,93.8,9.69,43.8
2023-02-19 00:00:00,19595.4,0.0,1650.98,4.84,99.0,8.05,46.2
2023-02-19 01:00:00,20430.34,0.0,6251.79,2.01,99.0,10.77,48.9
2023-02-19 02:00:00,21023.17,0.0,6697.28,1.34,99.0,11.02,53.5
2023-02-19 03:00:00,21419.18,0.0,436.49,0.03,99.0,6.2,64.2
2023-02-19 04:00:00,23804.42,0.0,9.5,-1.02,99.0,3.9,48.1
2023-02-19 05:00:00,24437.99,0.0,1550.96,-0.27,98.7,7.82,26.1
2023-02-19 06:00:00,24725.3,156.11,5790.81,2.09,92.4,10.46,23.0
2023-02-19 07:00:00,26380.53,531.47,0.0,4.05,99.0,2.62,48.6
2023-02-19 08:00:00,27177.53,792.02,535.92,3.39,99.0,6.48,73.8
2023-02-19 09:00:00,27715.18,712.53,0.0,3.56,99.0,2.5,93.7
2023-02-19 10:00:00,25978.91,1159.56,0.0,5.91,99.0,0.91,86.9
2023-02-19 11:00:00,27014.1,1894.35,668.34,6.0,99.0,6.63,61.8
2023-02-19 12:00:00,26302.59,2869.77,505.27,6.83,99.0,6.41,33.1
2023-02-19 13:00:00,24907.43,2943.15,197.35,8.28,84.8,5.49,28.5
2023-02-19 14:00:00,25086.22,2705.4,1920.42,7.74,88.2,8.21,29.5
2023-02-19 15:00:00,24487.52,1956.78,0.0,8.13,99.0,0.89,48.3
2023-02-19 16:00:00,26634.9,1390.77,0.0,6.59,99.0,1.23,59.7
2023-02-19 17:00:00,27886.54,887.79,2069.92,5.62,99.0,8.42,62.0
2023-02-19 18:00:00,29249.72,575.95,88.07,5.42,98.8,4.89,50.7
2023-02-19 19:00:00,30680.61,165.77,0.56,2.84,99.0,3.35,39.8
2023-02-19 20:00:00,29920.52,0.0,1186.03,2.43,99.0,7.51,44.9
2023-02-19 21:00:00,29437.71,0.0,4728.9,1.39,99.0,10.0,54.6
2023-02-19 22:00:00,27634.89,0.0,1269.62,0.96,99.0,7.64,59.5
2023-02-19 23:00:00,26460.51,0.0,2889.51,0.21,99.0,9.03,46.7
2023-02-20 00:00:00,26578.07,0.0,89.23,0.96,99.0,4.87,55.9
2023-02-20 01:00:00,27127.97,0.0,118.6,0.37,99.0,5.11,61.0
2023-02-20 02:00:00,26635.68,0.0,6092.59,-0.56,99.0,10.61,47.7
2023-02-20 03:00:00,27216.85,0.0,1550.28,-0.53,99.0,7.85,39.3
2023-02-20 04:00:00,26197.89,0.0,71.74,0.27,99.0,4.78,49.6
2023-02-20 05:00:00,27181.8,0.0,846.97,0.81,99.0,6.94,47.7
2023-02-20 06:00:00,28636.82,104.81,1804.53,1.62,99.0,8.14,67.8
2023-02-20 07:00:00,31246.67,411.62,17.5,1.84,99.0,4.09,72.5
2023-02-20 08:00:00,32287.14,822.59,1107.27,2.31,99.0,7.31,64.7
2023-02-20 09:00:00,32049.73,1275.34,0.0,2.09,99.0,1.52,63.6
2023-02-20 10:00:00,30539.16,1644.32,8.98,5.43,99.0,3.88,63.5
2023-02-20 11:00:00,29769.68,2128.84,594.0,5.27,95.5,6.58,53.9
2023-02-20 12:00:00,30300.0,2571.98,0.0,5.63,99.0,2.01,43.3
2023-02-20 13:00:00,29957.57,2311.57,0.0,5.77,97.6,2.48,53.3
2023-02-20 14:00:00,29167.86,1860.64,2375.4,7.43,97.1,8.55,63.8
2023-02-20 15:00:00,28458.13,1460.61,336.59,7.4,99.0,5.98,70.2
2023-02-20 16:00:00,28251.55,884.45,46.17,8.75,99.0,4.54,86.8
2023-02-20 17:00:00,31038.41,723.25,0.0,7.58,99.0,2.39,76.6
2023-02-20 18:00:00,30970.16,254.82,3.45,7.22,99.0,3.64,94.3
2023-02-20 19:00:00,31731.45,111.62,258.72,5.38,98.5,5.71,79.0
2023-02-20 20:00:00,30469.2,0.0,0.0,6.7,99.0,2.6,64.1
2023-02-20 21:00:00,30473.31,0.0,222.29,4.12,99.0,5.57,42.1
2023-02-20 22:00:00,28745.15,0.0,174.23,3.27,95.9,5.32,38.5
2023-02-20 23:00:00,26877.09,0.0,428.08,2.84,96.6,6.13,34.6
2023-02-21 00:00:00,25267.31,0.0,0.18,2.39,99.0,3.24,43.7
2023-02-21 01:00:00,25099.24,0.0,1.19,1.38,99.0,3.44,48.2
2023-02-21 02:00:00,25272.75,0.0,9499.86,0.73,99.0,13.21,34.9
2023-02-21 03:00:00,25256.88,0.0,10000.0,0.59,99.0,14.17,32.8
2023-02-21 04:00:00,25712.65,0.0,463.98,0.58,99.0,6.3,31.2
2023-02-21 05:00:00,25245.43,0.0,3656.4,2.11,98.0,9.43,13.0
2023-02-21 06:00:00,26106.42,212.29,1504.37,5.23,93.1,7.86,6.4
2023-02-21 07:00:00,28717.35,882.12,0.02,5.4,93.7,3.12,3.2
2023-02-21 08:00:00,30299.26,1368.41,42.38,4.89,93.0,4.45,26.8
2023-02-21 09:00:00,29904.41,1869.01,26.45,5.97,95.4,4.27,32.7
2023-02-21 10:00:00,27146.23,2050.68,449.58,10.0,90.4,6.18,43.5
2023-02-21 11:00:00,27032.8,2875.5,265.55,10.05,88.5,5.75,27.1
2023-02-21 12:00:00,26863.39,2626.12,3990.01,12.69,92.3,9.81,45.0
2023-02-21 13:00:00,25756.53,2009.53,1152.87,15.05,83.8,7.37,62.0
2023-02-21 14:00:00,25805.71,2560.54,1855.14,14.57,89.4,8.17,37.4
2023-02-21 15:00:00,26036.9,2510.68,2496.07,15.07,78.2,8.74,31.3
2023-02-21 16:00:00,26489.16,1683.91,1077.22,16.38,81.9,7.39,40.3
2023-02-21 17:00:00,28028.05,1122.83,0.74,15.09,92.3,3.38,50.0
2023-02-21 18:00:00,28662.81,613.59,0.0,13.75,88.7,2.61,42.6
2023-02-21 19:00:00,28019.03,158.79,258.56,11.8,91.0,5.69,40.7
2023-02-21 20:00:00,29243.74,0.0,876.04,9.27,87.1,7.02,35.4
2023-02-21 21:00:00,28668.29,0.0,84.08,7.13,91.7,4.84,39.3
2023-02-21 22:00:00,27181.07,0.0,3845.34,4.42,99.0,9.51,55.8
2023-02-21 23:00:00,25758.77,0.0,9855.05,3.26,99.0,12.49,46.6
2023-02-22 00:00:00,26229.59,0.0,915.14,1.49,99.0,7.12,60.0
2023-02-22 01:00:00,25986.07,0.0,518.34,1.01,99.0,6.41,50.2
2023-02-22 02:00:00,26001.79,0.0,5121.71,-1.18,99.0,10.28,40.9
2023-02-22 03:00:00,26979.1,0.0,0.0,-0.88,99.0,2.36,52.6
2023-02-22 04:00:00,25892.66,0.0,6.98,0.28,99.0,3.81,64.2
2023-02-22 05:00:00,29393.19,0.0,5141.56,-1.42,99.0,10.2,73.5
2023-02-22 06:00:00,30432.16,126.35,2423.4,-0.1,99.0,8.6,55.7
2023-02-22 07:00:00,30306.1,596.38,253.73,2.36,99.0,5.66,50.3
2023-02-22 08:00:00,32474.78,864.75,5008.81,2.21,99.0,10.2,60.9
2023-02-22 09:00:00,29735.61,1361.11,50.14,5.4,99.0,4.56,61.0
2023-02-22 10:00:00,29468.94,2008.4,578.48,7.09,95.3,6.5,47.6
2023-02-22 11:00:00,29464.36,2070.41,458.25,7.43,99.0,6.22,54.2
2023-02-22 12:00:00,27904.16,2595.27,0.0,8.37,94.9,2.34,45.9
2023-02-22 13:00:00,27019.66,1783.47,0.0,9.76,95.3,3.0,68.8
2023-02-22 14:00:00,27111.26,1387.96,3422.62,10.3,99.0,9.31,85.9
2023-02-22 15:00:00,27736.91,1059.16,0.0,11.03,99.0,1.98,89.7
2023-02-22 16:00:00,27920.6,562.13,0.0,9.79,99.0,1.93,100.0
2023-02-22 17:00:00,29341.56,524.47,44.16,9.5,99.0,4.51,97.4
2023-02-22 18:00:00,31628.57,197.95,0.0,7.17,99.0,1.39,100.0
2023-02-22 19:00:00,32034.02,25.07,3525.75,6.14,99.0,9.41,100.0
2023-02-22 20:00:00,32470.39,0.0,0.0,4.07,99.0,2.02,100.0
2023-02-22 21:00:00,32139.89,0.0,631.16,2.16,99.0,6.66,100.0
2023-02-22 22:00:00,29224.28,0.0,71.41,2.46,99.0,4.78,75.0
2023-02-22 23:00:00,26998.43,0.0,3031.12,2.59,99.0,9.18,71.8
2023-02-23 00:00:00,23582.56,0.0,1045.41,2.39,99.0,7.29,80.1
2023-02-23 01:00:00,26914.44,0.0,321.94,0.4,99.0,5.89,88.6
2023-02-23 02:00:00,26285.77,0.0,10000.0,-0.39,99.0,14.52,90.9
2023-02-23 03:00:00,25117.46,0.0,0.01,0.85,99.0,3.1,80.3
2023-02-23 04:00:00,26103.99,0.0,1273.8,1.14,99.0,7.5,53.8
2023-02-23 05:00:00,23837.44,0.0,9278.72,4.15,99.0,15.05,48.3
2023-02-23 06:00:00,26865.69,69.88,1789.23,5.16,96.9,8.19,45.7
2023-02-23 07:00:00,28051.42,593.88,2039.03,6.17,96.8,8.43,43.3
2023-02-23 08:00:00,28919.54,1024.88,0.0,6.79,92.9,1.64,52.3
2023-02-23 09:00:00,28678.57,1107.58,0.0,8.02,99.0,1.09,76.7
2023-02-23 10:00:00,27724.75,1427.43,0.0,8.93,99.0,1.1,75.8
2023-02-23 11:00:00,26641.92,1659.71,9332.69,10.72,99.0,13.74,71.0
2023-02-23 12:00:00,25988.3,1987.62,9303.19,12.59,90.0,12.13,66.2
2023-02-23 13:00:00,26915.09,1880.87,0.79,12.25,99.0,3.39,66.6
2023-02-23 14:00:00,26312.07,2154.49,0.0,11.1,92.4,2.93,55.5
2023-02-23 15:00:00,27138.78,1919.08,0.0,9.17,92.3,1.62,57.1
2023-02-23 16:00:00,28230.59,1259.15,0.17,9.62,99.0,3.23,62.5
2023-02-23 17:00:00,30586.69,854.74,3.84,7.95,99.0,3.67,64.4
2023-02-23 18:00:00,33015.14,484.86,932.8,4.91,99.0,7.08,69.0
2023-02-23 19:00:00,33123.09,142.29,2736.87,4.57,99.0,8.89,72.8
2023-02-23 20:00:00,31126.51,0.0,1295.62,6.34,99.0,7.6,49.6
2023-02-23 21:00:00,30016.56,0.0,773.91,5.1,99.0,6.93,58.1
2023-02-23 22:00:00,27416.79,0.0,2182.94,4.79,98.6,8.43,50.0
2023-02-23 23:00:00,25696.8,0.0,2022.39,3.68,98.6,8.42,37.6
2023-02-24 00:00:00,25152.89,0.0,497.58,2.64,99.0,6.37,26.9
2023-02-24 01:00:00,23950.52,0.0,194.49,2.85,99.0,5.48,35.7
2023-02-24 02:00:00,23716.54,0.0,138.29,1.96,99.0,5.18,35.6
2023-02-24 03:00:00,24536.07,0.0,2162.21,2.02,99.0,8.43,18.0
2023-02-24 04:00:00,24088.44,0.0,10000.0,2.45,98.3,12.99,28.5
2023-02-24 05:00:00,26181.4,0.0,1160.78,2.09,93.5,7.4,14.6
2023-02-24 06:00:00,26590.27,152.54,7798.21,3.9,93.0,11.24,21.4
2023-02-24 07:00:00,29344.01,810.45,0.0,4.59,94.5,1.5,28.6
2023-02-24 08:00:00,29350.54,1161.45,2502.85,4.82,99.0,8.77,42.6
2023-02-24 09:00:00,29986.47,1368.06,3311.68,6.61,99.0,9.28,65.7
2023-02-24 10:00:00,28446.12,2075.45,558.33,6.79,99.0,6.48,48.3
2023-02-24 11:00:00,28097.35,2409.25,5319.24,7.97,93.2,10.35,48.8
2023-02-24 12:00:00,28106.59,2599.83,232.89,8.95,98.7,5.59,46.5
2023-02-24 13:00:00,26676.62,2419.35,0.0,10.89,93.0,2.64,53.0
2023-02-24 14:00:00,26321.64,2183.67,0.0,11.82,84.8,2.31,56.0
2023-02-24 15:00:00,26520.04,2016.49,102.74,11.85,93.6,4.96,52.0
2023-02-24 16:00:00,26800.79,1642.97,2909.26,12.48,87.0,9.1,47.3
2023-02-24 17:00:00,28237.7,1256.69,0.0,13.39,82.8,0.94,35.1
2023-02-24 18:00:00,28875.35,591.38,265.34,13.01,89.2,5.71,49.6
2023-02-24 19:00:00,29284.94,104.61,1280.64,11.77,91.5,7.57,56.0
2023-02-24 20:00:00,29139.49,0.0,0.0,8.93,99.0,2.19,67.2
2023-02-24 21:00:00,28693.12,0.0,0.0,6.38,99.0,2.52,62.2
2023-02-24 22:00:00,27864.26,0.0,105.23,4.75,95.3,4.99,53.7
2023-02-24 23:00:00,25776.7,0.0,47.26,2.88,99.0,4.55,41.2
2023-02-25 00:00:00,20977.47,0.0,21.22,1.81,99.0,4.16,47.6
2023-02-25 01:00:00,21254.19,0.0,32.47,1.13,99.0,4.36,36.3
2023-02-25 02:00:00,21210.55,0.0,7.84,1.24,99.0,3.83,61.0
2023-02-25 03:00:00,21687.21,0.0,1460.94,0.98,99.0,7.82,44.9
2023-02-25 04:00:00,20073.85,0.0,2172.78,1.66,99.0,8.47,49.6
2023-02-25 05:00:00,22411.26,0.0,2303.2,2.17,99.0,8.5,69.4
2023-02-25 06:00:00,26010.87,75.41,765.12,0.71,99.0,6.82,75.1
2023-02-25 07:00:00,28793.38,492.74,9981.86,0.75,99.0,12.17,75.1
2023-02-25 08:00:00,28199.47,989.63,4499.21,1.9,99.0,10.05,61.3
2023-02-25 09:00:00,30589.74,1746.35,8527.84,1.95,99.0,11.76,44.3
2023-02-25 10:00:00,27847.89,1959.01,49.13,4.07,96.3,4.54,55.1
2023-02-25 11:00:00,25297.29,1713.6,2977.69,7.07,99.0,9.09,73.4
2023-02-25 12:00:00,24400.33,2102.96,1057.02,9.46,99.0,7.24,66.2
2023-02-25 13:00:00,24587.15,2366.76,1.12,9.95,99.0,3.44,51.5
2023-02-25 14:00:00,22412.28,3067.01,0.0,12.05,80.0,1.25,22.7
2023-02-25 15:00:00,22546.66,2856.16,382.27,12.27,84.3,6.06,15.1
2023-02-25 16:00:00,23986.61,2151.23,0.0,11.62,82.1,1.57,18.8
2023-02-25 17:00:00,25711.09,1216.33,0.0,10.38,99.0,3.07,42.6
2023-02-25 18:00:00,27267.88,588.52,90.97,9.24,90.7,4.87,52.4
2023-02-25 19:00:00,27977.0,223.78,639.07,7.8,99.0,6.63,56.7
2023-02-25 20:00:00,27244.53,0.0,5626.78,6.83,93.8,10.42,52.0
2023-02-25 21:00:00,25270.43,0.0,557.41,5.76,98.1,6.47,45.6
2023-02-25 22:00:00,23813.47,0.0,1221.73,4.51,99.0,7.47,63.9
2023-02-25 23:00:00,22070.79,0.0,79.06,3.82,99.0,4.84,65.5
2023-02-26 00:00:00,20474.55,0.0,1873.53,4.21,95.6,8.15,39.4
2023-02-26 01:00:00,19467.14,0.0,466.4,4.38,99.0,6.27,33.5
2023-02-26 02:00:00,21155.28,0.0,5561.85,2.09,99.0,10.49,26.1
2023-02-26 03:00:00,23706.02,0.0,373.21,-0.95,99.0,6.08,23.3
2023-02-26 04:00:00,22240.27,0.0,646.92,0.35,99.0,6.62,34.2
2023-02-26 05:00:00,25029.59,0.0,431.34,-0.63,99.0,6.23,35.7
2023-02-26 06:00:00,26204.28,211.37,3570.99,0.01,99.0,9.52,37.4
2023-02-26 07:00:00,29906.49,542.31,9326.42,-0.15,99.0,12.21,55.5
2023-02-26 08:00:00,31383.03,1181.92,60.96,-0.77,99.0,4.69,47.4
2023-02-26 09:00:00,30485.22,1135.38,216.49,1.38,99.0,5.52,71.0
2023-02-26 10:00:00,28387.85,1784.89,948.83,3.71,99.0,7.18,61.3
2023-02-26 11:00:00,28535.76,2035.17,3393.63,4.42,99.0,9.42,61.9
2023-02-26 12:00:00,28975.06,2249.64,77.44,2.78,99.0,4.81,58.0
2023-02-26 13:00:00,28314.55,2238.61,0.0,3.32,99.0,1.39,59.4
2023-02-26 14:00:00,26930.55,1926.08,2.1,4.62,99.0,3.54,64.5
2023-02-26 15:00:00,28013.94,1548.88,91.44,3.5,99.0,4.91,68.9
2023-02-26 16:00:00,28310.88,1492.12,10.02,3.95,99.0,3.91,58.5
2023-02-26 17:00:00,30171.71,1239.93,0.0,3.83,96.1,2.17,44.9
2023-02-26 18:00:00,29626.38,436.34,0.0,4.07,99.0,0.58,76.4
2023-02-26 19:00:00,30315.5,96.0,646.51,3.5,99.0,6.71,68.3
2023-02-26 20:00:00,30227.02,0.0,10000.0,1.55,99.0,14.22,75.4
2023-02-26 21:00:00,29089.7,0.0,5575.26,1.94,99.0,10.55,54.0
2023-02-26 22:00:00,27325.41,0.0,1307.55,0.75,99.0,7.58,51.0
2023-02-26 23:00:00,26321.75,0.0,3962.74,-0.22,99.0,9.7,50.3
2023-02-27 00:00:00,28965.3,0.0,58.5,-1.91,99.0,4.65,57.0
2023-02-27 01:00:00,29526.75,0.0,1442.98,-2.91,99.0,7.75,24.4
2023-02-27 02:00:00,30847.67,0.0,0.0,-4.09,99.0,2.98,30.4
2023-02-27 03:00:00,30569.28,0.0,2451.44,-4.13,99.0,8.7,19.8
2023-02-27 04:00:00,28849.21,0.0,9666.55,-1.78,99.0,13.51,28.3
2023-02-27 05:00:00,30500.02,0.0,5209.5,-2.63,99.0,10.43,19.3
2023-02-27 06:00:00,33755.3,185.36,780.23,-3.39,99.0,6.83,13.7
2023-02-27 07:00:00,33867.17,845.1,2962.0,-0.43,99.0,8.99,15.7
2023-02-27 08:00:00,33395.52,1698.48,8257.99,0.72,94.9,11.56,8.1
2023-02-27 09:00:00,33074.06,2429.64,1.42,1.46,95.1,3.47,8.3
2023-02-27 10:00:00,31382.28,3375.15,1761.79,4.1,95.5,8.13,0.0
2023-02-27 11:00:00,30727.19,3823.36,0.45,4.77,88.6,3.32,0.0
2023-02-27 12:00:00,28376.63,3953.71,2627.6,7.97,86.5,8.82,5.8
2023-02-27 13:00:00,27187.42,4034.54,0.0,9.55,81.5,1.27,0.0
2023-02-27 14:00:00,28026.54,3755.49,0.0,9.52,82.0,1.97,1.6
2023-02-27 15:00:00,26603.59,2932.13,562.7,12.11,84.9,6.43,17.4
2023-02-27 16:00:00,27349.38,2379.85,0.0,11.18,86.3,1.94,14.8
2023-02-27 17:00:00,28560.35,1626.98,0.0,11.47,79.9,1.9,10.1
2023-02-27 18:00:00,29751.38,856.5,158.64,10.95,82.2,5.3,18.5
2023-02-27 19:00:00,29722.01,188.81,2049.75,11.28,86.9,8.4,36.6
2023-02-27 20:00:00,27852.93,0.0,2.9,11.65,80.4,3.6,25.1
2023-02-27 21:00:00,26432.78,0.0,3112.63,10.16,82.2,9.09,27.2
2023-02-27 22:00:00,26359.5,0.0,2913.67,7.83,88.7,8.94,10.0
2023-02-27 23:00:00,23661.33,0.0,800.51,6.98,92.7,6.95,11.0
2023-02-28 00:00:00,22775.76,0.0,1469.3,5.15,96.6,7.78,17.2
2023-02-28 01:00:00,21174.07,0.0,0.0,6.44,80.4,2.53,11.8
2023-02-28 02:00:00,20486.59,0.0,296.19,5.83,89.8,5.84,11.8
2023-02-28 03:00:00,21518.85,0.0,116.89,4.99,84.7,5.07,0.4
2023-02-28 04:00:00,22186.87,0.0,13.67,5.12,91.5,4.02,8.2
2023-02-28 05:00:00,24923.63,0.0,331.17,3.89,95.6,5.9,26.8
2023-02-28 06:00:00,26966.48,178.91,200.54,3.45,97.9,5.44,17.4
2023-02-28 07:00:00,28113.81,895.5,2081.43,5.71,91.6,8.32,14.8
2023-02-28 08:00:00,29782.37,1410.3,754.72,6.01,86.5,6.82,25.9
2023-02-28 09:00:00,29635.46,1735.35,5306.91,6.02,94.8,10.4,44.3
2023-02-28 10:00:00,29014.08,2684.31,0.0,7.84,92.0,2.51,28.0
2023-02-28 11:00:00,27768.35,3018.15,0.0,10.26,89.4,1.2,29.5
2023-02-28 12:00:00,26432.73,3017.91,132.09,11.93,82.8,5.14,36.3
2023-02-28 13:00:00,25622.45,2962.88,0.0,13.63,80.2,0.5,37.7
2023-02-28 14:00:00,26560.0,3595.93,1043.23,13.06,80.5,7.22,10.4
2023-02-28 15:00:00,25675.78,2832.53,52.26,11.51,79.8,4.56,22.1
2023-02-28 16:00:00,26713.19,1806.69,43.04,12.95,82.3,4.46,44.6
2023-02-28 17:00:00,27890.22,1187.85,3.15,11.97,89.4,3.61,47.6
2023-02-28 18:00:00,30124.85,701.7,9.59,10.81,88.0,3.9,36.4
2023-02-28 19:00:00,29712.68,157.72,54.43,11.19,85.0,4.58,32.8
2023-02-28 20:00:00,28061.68,0.0,0.0,10.47,92.8,0.64,57.0
2023-02-28 21:00:00,28352.95,0.0,0.0,9.53,99.0,2.13,68.0
2023-02-28 22:00:00,24815.82,0.0,386.59,10.45,97.1,6.06,74.5
2023-02-28 23:00:00,22961.4,0.0,1.29,8.23,99.0,3.46,76.8
2023-03-01 00:00:00,21619.28,0.0,2979.29,8.1,99.0,9.12,66.7
2023-03-01 01:00:00,20456.24,0.0,111.61,7.07,99.0,5.0,63.2
2023-03-01 02:00:00,20427.19,0.0,1.24,6.58,99.0,3.46,61.6
2023-03-01 03:00:00,19933.0,0.0,85.29,7.78,99.0,4.83,67.8
2023-03-01 04:00:00,19627.32,0.0,272.87,8.11,99.0,5.77,84.7
2023-03-01 05:00:00,20602.3,0.0,0.0,8.78,99.0,2.43,94.9
2023-03-01 06:00:00,22433.71,62.58,3.3,10.31,99.0,3.63,73.4
2023-03-01 07:00:00,25311.79,424.58,101.01,10.44,98.2,4.95,74.3
2023-03-01 08:00:00,27088.6,700.73,49.03,10.26,99.0,4.56,81.1
2023-03-01 09:00:00,27226.53,1031.04,2362.96,10.03,99.0,8.53,85.8
2023-03-01 10:00:00,27396.06,1442.94,2676.58,8.87,99.0,8.81,74.9
2023-03-01 11:00:00,27056.82,1025.6,0.0,12.19,99.0,2.67,100.0
2023-03-01 12:00:00,27370.27,1458.47,0.0,11.74,98.3,1.75,86.5
2023-03-01 13:00:00,26171.11,1976.16,285.18,12.12,96.4,5.78,70.1
2023-03-01 14:00:00,27096.68,1836.89,1209.93,12.18,94.1,7.43,71.4
2023-03-01 15:00:00,26910.5,908.57,6259.99,12.59,99.0,10.84,95.2
2023-03-01 16:00:00,26465.38,1025.86,0.0,13.22,95.5,0.5,80.7
2023-03-01 17:00:00,27767.91,761.37,13.29,13.53,92.8,4.0,74.7
2023-03-01 18:00:00,29094.22,340.85,837.06,11.92,98.0,6.92,85.6
2023-03-01 19:00:00,29249.91,53.24,1989.46,10.6,99.0,8.31,82.1
2023-03-01 20:00:00,27669.01,0.0,0.0,9.62,99.0,1.53,75.2
2023-03-01 21:00:00,27583.52,0.0,1029.96,7.96,99.0,7.24,79.9
2023-03-01 22:00:00,24947.5,0.0,36.54,8.37,99.0,4.38,80.5
2023-03-01 23:00:00,24114.28,0.0,0.0,7.54,99.0,2.61,90.2
2023-03-02 00:00:00,21537.87,0.0,536.08,7.25,99.0,6.47,100.0
2023-03-02 01:00:00,20465.95,0.0,12.05,6.94,99.0,3.98,100.0
2023-03-02 02:00:00,19813.23,0.0,2696.55,7.46,99.0,8.96,98.8
2023-03-02 03:00:00,20293.6,0.0,2886.41,7.14,99.0,9.05,96.4
2023-03-02 04:00:00,21383.95,0.0,4949.51,5.53,99.0,10.26,97.7
2023-03-02 05:00:00,22435.31,0.0,296.71,6.2,99.0,5.81,93.6
2023-03-02 06:00:00,24983.06,141.06,0.0,6.0,99.0,1.72,89.3
2023-03-02 07:00:00,27901.39,227.17,39.34,6.22,99.0,4.44,99.9
2023-03-02 08:00:00,27451.5,362.55,295.69,7.87,99.0,5.77,100.0
2023-03-02 09:00:00,26771.02,901.19,1071.0,10.3,99.0,7.37,88.4
2023-03-02 10:00:00,26635.73,1284.64,43.51,11.31,97.9,4.49,84.9
2023-03-02 11:00:00,26228.73,1852.35,179.33,12.57,93.6,5.4,73.4
2023-03-02 12:00:00,25548.88,2069.43,115.21,15.2,97.8,5.05,67.8
2023-03-02 13:00:00,26028.25,1939.07,0.0,15.89,97.4,1.97,71.5
2023-03-02 14:00:00,25866.36,1644.77,230.53,18.89,89.5,5.56,77.9
2023-03-02 15:00:00,25822.27,1545.34,14.99,19.19,85.6,4.04,74.1
2023-03-02 16:00:00,26451.55,1662.74,1231.89,16.6,90.6,7.47,49.3
2023-03-02 17:00:00,27253.39,1322.14,492.23,16.6,79.7,6.3,38.7
2023-03-02 18:00:00,27389.35,615.78,0.0,15.88,87.6,1.61,51.8
2023-03-02 19:00:00,27985.87,213.13,106.79,15.92,84.0,5.02,19.7
2023-03-02 20:00:00,27176.0,0.0,960.87,15.06,81.2,7.14,38.5
2023-03-02 21:00:00,25439.28,0.0,0.0,13.21,92.6,2.17,47.1
2023-03-02 22:00:00,23823.66,0.0,2497.27,10.19,99.0,8.75,64.2
2023-03-02 23:00:00,22159.29,0.0,18.17,8.49,99.0,4.12,61.1
2023-03-03 00:00:00,22036.62,0.0,633.74,6.41,92.1,6.58,36.1
2023-03-03 01:00:00,22315.58,0.0,9399.61,4.8,97.4,12.19,43.9
2023-03-03 02:00:00,22316.27,0.0,1188.35,4.8,99.0,7.44,60.9
2023-03-03 03:00:00,20277.03,0.0,463.54,6.29,99.0,6.32,71.7
2023-03-03 04:00:00,20709.31,0.0,0.0,6.6,99.0,1.79,62.1
2023-03-03 05:00:00,23210.79,0.0,5.15,5.46,99.0,3.73,62.7
2023-03-03 06:00:00,24649.13,139.24,994.58,6.51,99.0,7.19,55.7
2023-03-03 07:00:00,26646.38,625.4,444.0,8.61,89.9,6.26,46.2
2023-03-03 08:00:00,28121.94,1072.17,104.5,8.81,99.0,4.97,59.1
2023-03-03 09:00:00,27040.72,1826.7,5729.01,9.68,99.0,10.65,44.6
2023-03-03 10:00:00,27073.74,2546.34,18.26,10.73,91.5,4.11,35.5
2023-03-03 11:00:00,27931.49,3201.28,182.57,10.84,82.9,5.41,25.0
2023-03-03 12:00:00,26720.37,3949.43,191.09,12.41,80.1,5.41,11.1
2023-03-03 13:00:00,26286.75,3640.61,92.65,12.88,82.4,4.89,18.5
2023-03-03 14:00:00,26078.53,2956.73,33.4,13.67,87.2,4.38,37.2
2023-03-03 15:00:00,26781.67,2443.3,0.2,12.7,87.7,3.25,37.5
2023-03-03 16:00:00,27499.99,2330.83,3220.35,11.95,85.9,9.15,21.9
2023-03-03 17:00:00,28534.79,1295.68,28.32,12.21,87.6,4.29,36.3
2023-03-03 18:00:00,29603.89,466.29,121.18,10.93,96.6,5.09,59.2
2023-03-03 19:00:00,29496.95,129.04,514.04,11.76,90.5,6.42,51.3
2023-03-03 20:00:00,28481.14,0.0,0.0,9.98,92.3,1.61,46.4
2023-03-03 21:00:00,27455.05,0.0,2067.34,8.83,94.8,8.3,54.0
2023-03-03 22:00:00,25846.72,0.0,383.37,8.46,99.0,6.12,73.9
2023-03-03 23:00:00,24693.62,0.0,1318.97,5.54,99.0,7.62,65.8
2023-03-04 00:00:00,21367.47,0.0,3044.46,2.65,99.0,9.04,49.0
2023-03-04 01:00:00,23125.48,0.0,5937.58,0.23,99.0,10.66,57.7
2023-03-04 02:00:00,21448.65,0.0,371.39,1.26,99.0,6.04,67.4
2023-03-04 03:00:00,21622.81,0.0,4279.31,0.52,99.0,9.88,66.3
2023-03-04 04:00:00,19748.68,0.0,99.77,3.56,99.0,4.99,58.7
2023-03-04 05:00:00,21070.12,0.0,1807.19,3.32,99.0,8.09,70.6
2023-03-04 06:00:00,23938.92,8.23,0.12,4.22,99.0,3.21,75.4
2023-03-04 07:00:00,23994.73,568.86,0.0,6.84,97.9,1.66,64.1
2023-03-04 08:00:00,23156.39,996.67,0.0,10.03,92.0,2.59,64.0
2023-03-04 09:00:00,22655.07,1859.12,30.79,13.25,91.2,4.31,47.1
2023-03-04 10:00:00,22929.64,2009.92,0.0,15.41,89.9,1.0,56.7
2023-03-04 11:00:00,22025.59,2425.33,434.29,17.23,80.6,6.19,53.7
2023-03-04 12:00:00,23524.21,2721.67,1.18,18.37,79.5,3.44,49.0
2023-03-04 13:00:00,21445.14,2671.72,679.3,19.48,85.8,6.76,49.7
2023-03-04 14:00:00,22416.54,2468.85,0.0,18.82,79.0,0.5,51.3
2023-03-04 15:00:00,22085.28,1802.68,0.0,17.61,87.7,2.28,62.8
2023-03-04 16:00:00,22560.75,1349.04,7.67,17.06,88.7,3.84,69.4
2023-03-04 17:00:00,24449.54,952.15,5.84,16.04,92.1,3.77,66.2
2023-03-04 18:00:00,24948.59,451.76,0.0,14.45,90.9,1.82,74.4
2023-03-04 19:00:00,25577.74,233.38,10000.0,13.94,96.2,14.23,77.3
2023-03-04 20:00:00,23328.88,0.0,5.33,13.53,95.2,3.73,69.9
2023-03-04 21:00:00,22950.97,0.0,1349.11,12.03,96.8,7.64,67.0
2023-03-04 22:00:00,20057.45,0.0,6.77,12.08,95.4,3.81,64.1
2023-03-04 23:00:00,19077.08,0.0,5396.69,9.25,99.0,10.29,69.5
2023-03-05 00:00:00,17904.62,0.0,253.81,7.87,99.0,5.69,63.9
2023-03-05 01:00:00,17232.64,0.0,7336.26,6.03,99.0,11.17,58.5
2023-03-05 02:00:00,19672.3,0.0,255.36,3.28,99.0,5.65,82.1
2023-03-05 03:00:00,20232.14,0.0,0.0,2.95,99.0,1.91,90.6
2023-03-05 04:00:00,20394.15,0.0,864.94,2.9,99.0,7.0,77.6
2023-03-05 05:00:00,19973.34,0.0,780.5,4.99,99.0,6.95,82.1
2023-03-05 06:00:00,21003.26,82.78,0.82,6.29,99.0,3.4,80.7
2023-03-05 07:00:00,24680.76,410.28,25.33,5.97,99.0,4.23,82.7
2023-03-05 08:00:00,24882.11,752.75,2302.28,9.06,99.0,8.64,81.4
2023-03-05 09:00:00,23710.14,903.15,0.0,11.42,99.0,1.42,92.9
2023-03-05 10:00:00,23618.18,1086.43,161.84,13.01,99.0,5.32,92.9
2023-03-05 11:00:00,23459.48,1373.71,171.28,13.61,93.4,5.35,88.1
2023-03-05 12:00:00,22749.56,1293.4,531.71,13.27,98.4,6.47,97.0
2023-03-05 13:00:00,22728.06,1210.51,0.0,13.42,99.0,0.5,95.2
2023-03-05 14:00:00,22653.02,1251.58,143.06,14.94,98.5,5.24,92.2
2023-03-05 15:00:00,21620.0,1143.55,0.0,16.95,94.3,0.5,91.9
2023-03-05 16:00:00,23193.28,942.64,0.0,18.15,94.0,2.72,86.8
2023-03-05 17:00:00,24713.11,759.1,61.44,16.71,97.5,4.67,83.5
2023-03-05 18:00:00,25147.88,447.35,3809.72,14.36,99.0,9.51,73.4
2023-03-05 19:00:00,25398.06,180.76,0.0,13.25,95.4,2.02,62.6
2023-03-05 20:00:00,24992.15,0.0,0.0,9.89,91.3,2.74,50.1
2023-03-05 21:00:00,24046.09,0.0,908.84,8.88,91.6,7.14,34.4
2023-03-05 22:00:00,22258.9,0.0,114.9,7.34,92.1,5.06,26.7
2023-03-05 23:00:00,21353.96,0.0,1126.57,5.54,97.4,7.32,28.4
2023-03-06 00:00:00,24571.11,0.0,9361.03,2.86,99.0,16.78,33.4
2023-03-06 01:00:00,23217.39,0.0,10000.0,2.68,99.0,14.71,33.1
2023-03-06 02:00:00,24098.54,0.0,278.0,1.61,93.9,5.74,7.9
2023-03-06 03:00:00,26555.62,0.0,773.21,0.19,99.0,6.94,32.9
2023-03-06 04:00:00,29464.71,0.0,8160.11,-2.71,99.0,11.37,49.0
2023-03-06 05:00:00,29022.36,0.0,0.27,-1.97,99.0,3.27,55.5
2023-03-06 06:00:00,29826.0,149.82,450.85,1.01,99.0,6.19,78.7
2023-03-06 07:00:00,28792.78,539.38,177.16,3.97,99.0,5.37,64.6
2023-03-06 08:00:00,30592.25,643.17,37.79,4.65,99.0,4.43,86.5
2023-03-06 09:00:00,30718.99,1295.44,9591.26,5.27,99.0,14.84,71.6
2023-03-06 10:00:00,29160.24,1626.73,1194.35,7.12,99.0,7.46,72.8
2023-03-06 11:00:00,28699.2,2440.55,25.66,7.23,99.0,4.25,55.8
2023-03-06 12:00:00,27820.77,2564.49,1771.29,8.66,94.2,8.07,56.3
2023-03-06 13:00:00,27417.51,2412.06,55.12,10.36,99.0,4.59,61.2
2023-03-06 14:00:00,25824.47,2317.22,2077.93,12.22,94.4,8.44,59.0
2023-03-06 15:00:00,26373.58,1807.96,0.0,12.22,99.0,2.69,67.5
2023-03-06 16:00:00,27610.6,1389.12,0.0,11.79,91.8,2.38,67.6
2023-03-06 17:00:00,28862.78,1080.6,0.0,10.31,98.1,2.7,60.3
2023-03-06 18:00:00,31276.72,634.05,133.81,8.67,99.0,5.17,53.3
2023-03-06 19:00:00,30408.12,115.4,1.49,7.52,99.0,3.49,63.6
2023-03-06 20:00:00,28795.12,0.0,0.0,6.86,95.2,2.52,55.2
2023-03-06 21:00:00,28337.79,0.0,9570.93,6.68,99.0,14.95,66.5
2023-03-06 22:00:00,27797.3,0.0,5253.72,4.56,99.0,10.44,80.3
2023-03-06 23:00:00,25247.98,0.0,1097.34,5.1,99.0,7.43,57.6
2023-03-07 00:00:00,23582.91,0.0,6338.98,3.9,99.0,10.79,71.4
2023-03-07 01:00:00,23499.87,0.0,9501.53,3.09,99.0,12.03,94.6
2023-03-07 02:00:00,24270.75,0.0,1947.13,1.76,99.0,8.36,93.3
2023-03-07 03:00:00,27734.47,0.0,923.52,-1.04,99.0,7.06,96.3
2023-03-07 04:00:00,26162.4,0.0,6667.8,0.28,99.0,10.92,100.0
2023-03-07 05:00:00,26026.7,0.0,1014.93,1.69,99.0,7.29,95.5
2023-03-07 06:00:00,29113.21,124.1,1.43,2.2,99.0,3.47,93.2
2023-03-07 07:00:00,29822.68,524.19,153.7,3.34,99.0,5.28,73.3
2023-03-07 08:00:00,28903.94,947.13,227.29,5.13,99.0,5.6,73.2
2023-03-07 09:00:00,29936.3,1167.77,7063.23,4.69,99.0,10.99,77.4
2023-03-07 10:00:00,30440.22,1426.58,667.69,5.48,99.0,6.73,81.4
2023-03-07 11:00:00,28093.88,1361.07,3046.49,7.66,98.4,9.04,91.4
2023-03-07 12:00:00,29088.04,1911.82,1002.14,7.37,99.0,7.18,78.2
2023-03-07 13:00:00,27607.33,2070.66,0.1,8.63,99.0,3.2,69.4
2023-03-07 14:00:00,28865.99,1327.43,524.7,7.76,99.0,6.46,90.9
2023-03-07 15:00:00,28217.98,1299.05,0.0,8.66,95.8,2.09,85.2
2023-03-07 16:00:00,28016.41,1123.28,7.57,8.64,99.0,3.84,84.4
2023-03-07 17:00:00,31582.27,685.05,1321.13,6.55,99.0,7.57,80.5
2023-03-07 18:00:00,31995.42,474.82,283.05,7.34,99.0,5.78,68.0
2023-03-07 19:00:00,31454.66,156.37,1853.64,5.71,99.0,8.27,86.4
2023-03-07 20:00:00,32029.14,0.0,1.57,3.87,99.0,3.49,76.7
2023-03-07 21:00:00,31542.35,0.0,1555.79,3.1,99.0,7.94,61.0
2023-03-07 22:00:00,28916.2,0.0,3.72,3.35,99.0,3.66,55.3
2023-03-07 23:00:00,29152.28,0.0,634.72,1.21,99.0,6.67,31.7
2023-03-08 00:00:00,27058.71,0.0,383.92,0.62,99.0,6.04,27.2
2023-03-08 01:00:00,27045.56,0.0,935.05,0.51,99.0,7.2,19.4
2023-03-08 02:00:00,25067.51,0.0,9.01,0.93,99.0,3.88,31.5
2023-03-08 03:00:00,25017.1,0.0,291.81,1.05,99.0,5.84,26.7
2023-03-08 04:00:00,25150.99,0.0,1958.01,0.88,97.5,8.27,41.2
2023-03-08 05:00:00,27100.67,0.0,984.08,0.54,99.0,7.22,60.1
2023-03-08 06:00:00,28861.5,105.53,780.17,1.53,,6.95,69.3
2023-03-08 07:00:00,31188.62,489.8,520.87,1.47,99.0,6.4,65.4
2023-03-08 08:00:00,33525.84,1073.71,8406.48,-0.4,99.0,11.56,66.3
2023-03-08 09:00:00,32748.39,1808.19,6536.36,1.69,99.0,10.96,47.1
2023-03-08 10:00:00,31578.26,2418.41,31.44,4.25,99.0,4.32,46.9
2023-03-08 11:00:00,32199.21,2943.37,11.98,3.04,99.0,3.97,38.0
2023-03-08 12:00:00,31777.58,2792.09,166.05,3.31,99.0,5.3,48.8
2023-03-08 13:00:00,29758.32,1781.12,0.0,5.18,99.0,1.24,80.9
2023-03-08 14:00:00,28195.22,1514.98,0.0,8.28,99.0,3.03,84.2
2023-03-08 15:00:00,28883.77,2099.21,0.0,8.67,98.4,2.4,57.3
2023-03-08 16:00:00,29792.26,1823.42,0.0,7.89,93.5,2.37,53.1
2023-03-08 17:00:00,30792.94,1165.22,308.32,7.43,99.0,5.82,55.2
2023-03-08 18:00:00,30390.93,691.85,12.5,8.41,99.0,3.97,56.7
2023-03-08 19:00:00,32095.03,183.0,0.0,6.82,96.8,2.47,48.2
2023-03-08 20:00:00,32052.44,0.0,3598.88,4.94,97.2,9.56,52.4
2023-03-08 21:00:00,30434.85,0.0,3896.58,3.36,99.0,9.62,38.2
2023-03-08 22:00:00,29627.72,0.0,4052.44,1.29,98.7,9.73,29.3
2023-03-08 23:00:00,28104.18,0.0,204.04,0.53,99.0,5.47,40.6
2023-03-09 00:00:00,25398.92,0.0,0.0,1.72,99.0,2.61,30.7
2023-03-09 01:00:00,25493.62,0.0,1.22,1.43,99.0,3.45,40.5
2023-03-09 02:00:00,25607.52,0.0,131.04,0.77,99.0,5.13,26.3
2023-03-09 03:00:00,25636.46,0.0,64.34,0.39,99.0,4.7,51.4
2023-03-09 04:00:00,27298.07,0.0,6136.03,-1.05,99.0,10.78,43.0
2023-03-09 05:00:00,28324.89,0.0,9535.3,0.62,98.7,14.65,42.2
2023-03-09 06:00:00,28903.11,213.16,3626.9,1.43,99.0,9.59,48.2
2023-03-09 07:00:00,30601.17,633.27,1970.06,2.37,95.6,8.33,42.7
2023-03-09 08:00:00,28249.62,1347.84,672.61,7.18,93.6,6.74,46.3
2023-03-09 09:00:00,29027.54,1746.95,1830.65,8.68,90.3,8.17,54.7
2023-03-09 10:00:00,28392.4,1831.64,6913.12,9.0,98.1,11.05,66.7
2023-03-09 11:00:00,27386.71,1938.75,343.84,9.65,99.0,5.93,75.3
2023-03-09 12:00:00,26223.05,2099.45,0.0,11.9,97.6,2.06,71.2
2023-03-09 13:00:00,25527.54,2158.52,0.0,12.71,99.0,1.96,68.0
2023-03-09 14:00:00,26532.18,1256.27,143.47,11.52,99.0,5.23,95.1
2023-03-09 15:00:00,25809.24,860.32,0.17,12.71,99.0,3.23,100.0
2023-03-09 16:00:00,26861.34,1044.14,3008.16,11.77,96.2,9.18,85.9
2023-03-09 17:00:00,28586.18,811.1,239.87,13.35,99.0,5.58,83.8
2023-03-09 18:00:00,29130.78,483.49,499.01,13.65,99.0,6.35,76.8
2023-03-09 19:00:00,29485.86,109.45,0.0,11.98,99.0,0.5,73.0
2023-03-09 20:00:00,27119.66,0.0,178.92,12.08,93.5,5.39,56.6
2023-03-09 21:00:00,26145.17,0.0,130.96,10.69,95.1,5.18,51.9
2023-03-09 22:00:00,24029.41,0.0,1420.94,10.18,94.4,7.8,74.5
2023-03-09 23:00:00,23062.23,0.0,183.09,9.29,99.0,5.41,79.5
2023-03-10 00:00:00,21464.05,0.0,9754.42,7.25,97.9,13.62,47.2
2023-03-10 01:00:00,22539.09,0.0,1778.77,5.58,99.0,8.18,63.2
2023-03-10 02:00:00,21160.77,0.0,1915.87,6.08,99.0,8.21,75.8
2023-03-10 03:00:00,21230.04,0.0,9230.29,5.35,99.0,11.75,69.5
2023-03-10 04:00:00,22263.31,0.0,9772.34,4.9,99.0,16.26,76.8
2023-03-10 05:00:00,23361.83,0.0,32.05,4.19,99.0,4.35,64.3
2023-03-10 06:00:00,24749.14,136.1,3527.74,5.36,96.1,9.51,58.1
2023-03-10 07:00:00,26427.73,528.5,2.47,8.53,99.0,3.58,76.1
2023-03-10 08:00:00,27841.0,902.69,265.19,8.3,95.9,5.69,70.8
2023-03-10 09:00:00,28526.59,1950.71,0.0,9.43,89.7,2.33,46.9
2023-03-10 10:00:00,26154.15,2500.64,526.31,12.1,87.6,6.41,47.6
2023-03-10 11:00:00,26778.85,2777.78,83.44,12.96,91.1,4.87,48.0
2023-03-10 12:00:00,26406.63,2391.45,321.27,14.25,93.0,5.92,63.7
2023-03-10 13:00:00,26188.98,2408.76,441.79,13.63,90.0,6.18,63.3
2023-03-10 14:00:00,26247.4,2418.74,215.03,14.45,81.3,5.53,57.7
2023-03-10 15:00:00,25807.09,1733.86,0.0,14.26,99.0,2.91,70.4
2023-03-10 16:00:00,26918.17,1398.03,1616.06,15.05,91.4,7.87,70.5
2023-03-10 17:00:00,27902.1,1152.01,123.45,15.69,84.6,5.08,60.1
2023-03-10 18:00:00,28731.09,563.0,73.17,17.52,91.0,4.78,73.8
2023-03-10 19:00:00,27613.73,31.15,9431.11,16.75,91.9,13.09,74.3
2023-03-10 20:00:00,26437.03,0.0,4.84,15.53,91.1,3.72,72.5
2023-03-10 21:00:00,25247.41,0.0,351.49,14.08,95.1,5.93,73.0
2023-03-10 22:00:00,23116.23,0.0,1248.41,12.04,89.1,7.57,58.5
2023-03-10 23:00:00,21357.24,0.0,0.13,10.9,96.8,3.21,52.2
2023-03-11 00:00:00,16730.1,0.0,199.96,9.38,92.2,5.43,53.1
2023-03-11 01:00:00,16127.53,0.0,3933.5,8.48,94.6,9.59,51.5
2023-03-11 02:00:00,15701.49,0.0,79.69,9.14,99.0,4.81,67.7
2023-03-11 03:00:00,15962.33,0.0,739.14,7.49,99.0,6.86,69.3
2023-03-11 04:00:00,16230.62,0.0,1559.76,8.62,99.0,7.95,78.3
2023-03-11 05:00:00,16880.67,0.0,1858.69,10.2,99.0,8.19,76.1
2023-03-11 06:00:00,19358.47,0.0,2393.57,10.41,99.0,8.56,86.7
2023-03-11 07:00:00,23003.94,449.01,4919.11,8.69,99.0,10.08,88.2
2023-03-11 08:00:00,23900.0,753.35,134.95,8.96,99.0,5.19,84.8
2023-03-11 09:00:00,23043.86,1163.31,1178.08,11.47,99.0,7.49,81.6
2023-03-11 10:00:00,22971.04,1888.6,1175.31,12.44,92.7,7.44,67.4
2023-03-11 11:00:00,23876.52,1974.43,2.33,12.28,99.0,3.56,72.5
2023-03-11 12:00:00,23699.92,2282.05,7604.08,12.57,94.7,11.41,70.4
2023-03-11 13:00:00,22283.33,,2101.61,14.15,97.9,8.43,63.0
2023-03-11 14:00:00,22169.2,1855.14,0.0,15.08,91.8,2.92,75.8
2023-03-11 15:00:00,21819.74,2093.33,372.23,14.8,97.9,5.99,58.8
2023-03-11 16:00:00,23248.39,1776.65,549.74,14.08,92.9,6.45,53.7
2023-03-11 17:00:00,24132.87,995.8,19.99,13.05,99.0,4.14,66.7
2023-03-11 18:00:00,25878.78,606.5,2269.74,11.19,95.9,8.6,69.6
2023-03-11 19:00:00,25909.69,139.45,707.73,11.95,97.8,6.73,67.7
2023-03-11 20:00:00,24379.96,0.0,653.37,10.31,95.1,6.72,69.7
2023-03-11 21:00:00,22949.91,0.0,1.71,10.31,99.0,3.51,70.6
2023-03-11 22:00:00,20342.04,0.0,155.66,10.57,97.5,5.31,51.0
2023-03-11 23:00:00,17730.77,0.0,288.65,10.25,99.0,5.8,47.7
2023-03-12 00:00:00,17646.53,0.0,2447.14,8.63,99.0,8.62,68.6
2023-03-12 01:00:00,16902.4,0.0,1468.77,8.04,99.0,7.72,59.5
2023-03-12 02:00:00,17543.72,0.0,0.44,7.26,97.9,3.32,55.7
2023-03-12 03:00:00,17085.54,0.0,193.34,5.85,99.0,5.42,49.6
2023-03-12 04:00:00,16907.86,0.0,636.4,6.19,98.2,6.66,49.7
2023-03-12 05:00:00,20425.46,0.0,2655.78,5.18,99.0,8.84,43.8
2023-03-12 06:00:00,20939.93,115.93,2550.92,7.14,99.0,8.72,51.5
2023-03-12 07:00:00,23306.49,678.52,452.44,7.45,97.9,6.24,54.8
2023-03-12 08:00:00,24892.04,1138.79,0.0,8.69,99.0,2.83,64.6
2023-03-12 09:00:00,24019.45,1903.19,18.65,10.11,93.2,4.11,51.3
2023-03-12 10:00:00,24210.43,2399.66,1.52,10.92,91.2,3.49,48.2
2023-03-12 11:00:00,23039.32,2799.19,1324.16,12.59,94.4,7.7,46.8
2023-03-12 12:00:00,22699.11,2867.49,0.0,12.91,92.1,2.3,53.7
2023-03-12 13:00:00,22274.67,3043.46,34.91,14.52,88.3,4.4,44.8
2023-03-12 14:00:00,22907.09,2513.49,360.43,13.35,85.9,5.99,57.5
2023-03-12 15:00:00,22867.45,1727.86,6630.09,13.59,96.7,10.89,72.0
2023-03-12 16:00:00,23286.99,1751.72,9456.7,15.49,91.1,16.23,58.5
2023-03-12 17:00:00,23443.86,1212.52,5976.87,13.71,88.4,10.54,52.7
2023-03-12 18:00:00,24931.1,689.18,730.97,12.09,99.0,6.76,47.1
2023-03-12 19:00:00,24581.31,137.44,1022.43,11.59,90.6,7.31,80.1
2023-03-12 20:00:00,24787.56,0.0,1453.33,10.54,99.0,7.74,72.5
2023-03-12 21:00:00,23056.15,0.0,3483.76,9.58,99.0,9.43,91.0
2023-03-12 22:00:00,22350.92,0.0,9428.98,8.76,99.0,11.84,72.0
2023-03-12 23:00:00,19507.01,0.0,331.13,8.15,99.0,5.89,58.5
2023-03-13 00:00:00,20894.14,0.0,316.1,8.37,99.0,5.91,50.4
2023-03-13 01:00:00,19817.0,0.0,550.69,7.81,98.9,6.44,41.3
2023-03-13 02:00:00,19895.34,0.0,1952.1,6.82,93.6,8.21,40.3
2023-03-13 03:00:00,20782.15,0.0,3472.93,7.17,95.7,9.43,34.0
2023-03-13 04:00:00,20185.21,0.0,5857.17,9.17,89.2,10.72,27.2
2023-03-13 05:00:00,21185.11,0.0,501.89,9.14,90.1,6.41,45.0
2023-03-13 06:00:00,22812.71,185.49,201.95,8.5,99.0,5.51,61.4
2023-03-13 07:00:00,25196.16,577.79,9204.21,10.47,97.2,13.91,72.5
2023-03-13 08:00:00,26639.5,907.24,10.18,11.19,93.6,3.92,77.2
2023-03-13 09:00:00,27398.55,1323.27,1.83,9.76,99.0,3.52,76.1
2023-03-13 10:00:00,25915.31,1930.9,994.31,11.82,93.3,7.27,68.1
2023-03-13 11:00:00,27667.72,2523.42,0.0,12.22,,2.55,55.6
2023-03-13 12:00:00,26026.83,2553.64,18.11,12.99,93.5,4.09,60.4
2023-03-13 13:00:00,25342.25,3040.21,0.0,14.01,93.5,3.06,46.2
2023-03-13 14:00:00,25715.52,3122.7,0.0,14.57,81.9,1.88,35.8
2023-03-13 15:00:00,26425.12,2374.94,135.92,15.38,91.1,5.15,52.4
2023-03-13 16:00:00,26860.27,1371.87,2.71,14.57,99.0,3.58,76.1
2023-03-13 17:00:00,27245.11,885.73,36.43,14.53,96.8,4.38,78.8
2023-03-13 18:00:00,28147.0,387.65,0.0,13.32,99.0,2.44,89.7
2023-03-13 19:00:00,27510.99,108.36,1281.89,13.01,99.0,7.54,83.1
2023-03-13 20:00:00,27559.45,0.0,11.88,12.36,89.1,3.97,64.2
2023-03-13 21:00:00,26728.73,0.0,42.98,9.89,99.0,4.5,70.9
2023-03-13 22:00:00,24755.52,0.0,17.21,9.71,99.0,4.09,76.3
2023-03-13 23:00:00,22816.08,0.0,278.68,7.78,99.0,5.8,75.1
2023-03-14 00:00:00,21614.46,0.0,493.66,7.69,99.0,6.28,70.4
2023-03-14 01:00:00,20996.92,0.0,826.61,7.14,99.0,6.98,80.6
2023-03-14 02:00:00,19109.65,0.0,10000.0,8.48,96.8,13.39,66.2
2023-03-14 03:00:00,19912.04,0.0,8166.57,7.76,99.0,11.42,56.1
2023-03-14 04:00:00,21027.77,0.0,1421.92,7.26,97.4,7.76,44.4
2023-03-14 05:00:00,21466.45,0.0,0.0,7.48,92.4,2.5,47.2
2023-03-14 06:00:00,24080.29,207.9,1163.99,7.69,92.1,7.48,35.6
2023-03-14 07:00:00,25775.77,960.86,0.0,9.38,89.3,2.8,30.2
2023-03-14 08:00:00,27555.4,1793.44,1559.94,8.52,99.0,7.84,25.2
2023-03-14 09:00:00,28487.85,2445.65,89.85,8.5,87.1,4.86,26.2
2023-03-14 10:00:00,28707.55,3579.76,2408.34,8.53,86.7,8.73,12.3
2023-03-14 11:00:00,27546.64,3895.54,5656.06,10.77,83.5,10.61,19.0
2023-03-14 12:00:00,26398.68,3424.06,23.02,13.62,88.6,4.22,38.8
2023-03-14 13:00:00,25666.36,3264.99,32.64,14.13,84.9,4.36,42.9
2023-03-14 14:00:00,25932.06,2368.17,162.93,14.3,87.2,5.28,63.3
2023-03-14 15:00:00,25476.53,1520.83,0.0,14.44,94.7,2.1,78.9
2023-03-14 16:00:00,27597.41,1026.09,3844.27,15.45,94.6,9.6,85.8
2023-03-14 17:00:00,28606.26,829.63,20.12,13.78,95.2,4.15,83.5
2023-03-14 18:00:00,29280.95,400.2,0.0,13.18,95.6,2.18,80.9
2023-03-14 19:00:00,28642.38,33.82,1219.13,13.15,99.0,7.49,87.5
2023-03-14 20:00:00,27871.65,0.0,0.09,12.37,97.3,3.19,79.4
2023-03-14 21:00:00,25657.11,0.0,0.0,11.14,89.5,2.8,54.4
2023-03-14 22:00:00,23481.12,0.0,591.62,10.81,94.2,6.52,60.9
2023-03-14 23:00:00,23437.93,0.0,1402.49,6.43,99.0,7.76,47.1
2023-03-15 00:00:00,22059.18,0.0,944.28,6.3,91.1,7.12,37.1
2023-03-15 01:00:00,22211.35,0.0,1805.09,4.72,99.0,8.06,39.8
2023-03-15 02:00:00,24272.72,0.0,3.92,2.18,99.0,3.66,41.0
2023-03-15 03:00:00,22962.93,0.0,679.21,2.65,99.0,6.72,26.2
2023-03-15 04:00:00,22863.73,0.0,290.02,4.37,99.0,5.77,32.2
2023-03-15 05:00:00,23428.54,0.0,10000.0,4.64,92.9,13.6,47.0
2023-03-15 06:00:00,24773.1,115.33,0.0,6.41,99.0,2.5,35.0
2023-03-15 07:00:00,26430.81,672.7,72.82,9.08,93.1,4.75,53.2
2023-03-15 08:00:00,26617.39,1596.66,8116.22,11.48,85.6,11.5,35.2
2023-03-15 09:00:00,25430.59,1647.76,10000.0,14.25,92.6,13.32,63.5
2023-03-15 10:00:00,26397.65,2254.15,2226.71,15.94,93.7,8.55,58.1
2023-03-15 11:00:00,25981.72,2469.89,0.0,16.78,91.7,1.43,60.0
2023-03-15 12:00:00,24891.96,3491.27,174.01,15.64,87.0,5.35,37.2
2023-03-15 13:00:00,25246.64,3455.6,9.55,15.88,82.3,3.9,39.1
2023-03-15 14:00:00,25433.62,3040.95,1162.78,15.21,84.5,7.45,44.3
2023-03-15 15:00:00,25177.84,2575.39,0.0,17.62,84.0,0.53,45.0
2023-03-15 16:00:00,26933.35,2188.37,0.0,16.98,81.7,2.14,40.0
2023-03-15 17:00:00,27404.84,1558.14,51.11,16.38,84.4,4.59,31.0
2023-03-15 18:00:00,28522.47,740.02,0.0,15.97,88.9,2.09,47.9
2023-03-15 19:00:00,28186.9,149.69,704.29,14.76,90.1,6.76,49.7
2023-03-15 20:00:00,27335.54,0.0,2170.35,15.21,81.9,8.49,69.3
2023-03-15 21:00:00,26572.61,0.0,1128.86,12.93,93.9,7.47,61.8
2023-03-15 22:00:00,24047.36,0.0,225.05,11.61,93.4,5.56,56.3
2023-03-15 23:00:00,23079.21,0.0,4986.68,9.35,99.0,10.3,66.4
2023-03-16 00:00:00,21990.8,0.0,2.65,6.86,94.9,3.59,46.2
2023-03-16 01:00:00,21975.31,0.0,84.96,5.3,91.6,4.88,33.2
2023-03-16 02:00:00,21990.13,0.0,725.9,4.71,99.0,6.79,49.5
2023-03-16 03:00:00,21098.75,0.0,0.0,4.01,98.1,3.03,36.7
2023-03-16 04:00:00,22980.02,0.0,1.1,3.38,98.0,3.44,17.6
2023-03-16 05:00:00,25610.76,0.0,343.36,2.33,99.0,5.96,45.0
2023-03-16 06:00:00,27613.4,289.83,9367.71,3.1,99.0,12.1,30.0
2023-03-16 07:00:00,30472.19,810.03,6523.97,2.55,99.0,10.9,35.7
2023-03-16 08:00:00,30273.42,1532.31,275.22,4.74,99.0,5.76,39.4
2023-03-16 09:00:00,28896.68,2927.62,0.0,6.21,88.5,2.78,8.1
2023-03-16 10:00:00,29140.58,3613.42,0.0,5.97,93.8,2.82,11.0
2023-03-16 11:00:00,28755.59,3823.74,22.39,7.0,93.3,4.17,22.2
2023-03-16 12:00:00,29559.06,3732.62,0.0,7.39,94.3,2.57,30.9
2023-03-16 13:00:00,27320.02,3311.07,0.0,8.76,99.0,1.08,45.2
2023-03-16 14:00:00,26444.7,3029.4,383.37,10.93,97.0,6.02,42.3
2023-03-16 15:00:00,27940.35,2420.72,134.56,9.15,91.4,5.17,52.9
2023-03-16 16:00:00,27678.8,2065.38,0.0,9.35,90.1,2.93,45.4
2023-03-16 17:00:00,29421.03,1675.99,994.53,8.91,87.9,7.23,30.1
2023-03-16 18:00:00,30722.43,1021.55,1131.06,9.1,81.8,7.39,18.1
2023-03-16 19:00:00,30135.2,318.91,108.08,8.49,85.2,5.04,5.5
2023-03-16 20:00:00,31170.96,0.0,0.0,6.64,95.1,1.98,24.1
2023-03-16 21:00:00,28916.0,0.0,5965.27,5.21,91.1,10.53,10.1
2023-03-16 22:00:00,28511.47,0.0,1112.5,3.28,94.1,7.44,19.3
2023-03-16 23:00:00,25865.67,0.0,32.28,3.53,99.0,4.33,21.0
2023-03-17 00:00:00,24605.65,0.0,1149.02,2.87,98.6,7.46,24.4
2023-03-17 01:00:00,22080.29,0.0,355.06,4.33,99.0,6.02,45.0
2023-03-17 02:00:00,22300.62,0.0,1686.24,3.78,99.0,7.99,41.5
2023-03-17 03:00:00,23590.22,0.0,647.53,2.84,99.0,6.71,51.0
2023-03-17 04:00:00,24813.05,0.0,704.63,1.38,99.0,6.76,52.4
2023-03-17 05:00:00,27360.41,0.0,2501.12,0.03,99.0,8.83,51.5
2023-03-17 06:00:00,31927.34,127.36,1211.19,-0.7,99.0,7.49,80.0
2023-03-17 07:00:00,31980.87,690.12,0.0,0.93,99.0,2.68,60.3
2023-03-17 08:00:00,31809.65,949.8,0.0,2.96,99.0,2.2,75.6
2023-03-17 09:00:00,32489.82,1182.69,23.51,2.71,99.0,4.2,81.6
2023-03-17 10:00:00,30298.51,1801.96,82.32,5.28,99.0,4.86,73.2
2023-03-17 11:00:00,29463.18,1512.65,0.61,6.17,99.0,3.36,91.1
2023-03-17 12:00:00,28812.3,2504.81,422.1,7.61,99.0,6.12,65.1
2023-03-17 13:00:00,26802.23,2729.73,0.0,10.4,93.4,2.25,58.2
2023-03-17 14:00:00,26575.21,3124.66,487.22,12.0,93.9,6.31,43.8
2023-03-17 15:00:00,26657.75,2496.86,856.76,11.93,89.3,7.0,50.7
2023-03-17 16:00:00,28190.67,2221.01,0.0,10.86,97.1,1.44,38.4
2023-03-17 17:00:00,29702.95,1421.48,337.63,8.15,92.1,5.93,46.1
2023-03-17 18:00:00,31998.12,767.6,7215.63,6.86,92.4,11.08,45.5
2023-03-17 19:00:00,32155.38,199.27,0.0,5.93,99.0,2.66,41.4
2023-03-17 20:00:00,32188.28,0.0,4805.52,3.99,99.0,10.01,48.2
2023-03-17 21:00:00,31779.09,0.0,589.14,2.94,99.0,6.57,46.4
2023-03-17 22:00:00,29858.28,0.0,703.5,2.11,99.0,6.76,34.9
2023-03-17 23:00:00,28582.7,0.0,0.0,1.01,99.0,2.28,71.4
2023-03-18 00:00:00,24366.7,0.0,2569.33,-0.22,99.0,8.77,64.2
2023-03-18 01:00:00,23574.5,0.0,603.08,-0.47,99.0,6.58,37.1
2023-03-18 02:00:00,22475.88,0.0,2529.16,-0.17,99.0,8.8,29.6
2023-03-18 03:00:00,23545.42,0.0,4490.84,-1.29,99.0,9.85,18.0
2023-03-18 04:00:00,22044.82,0.0,883.88,0.74,99.0,7.06,32.9
2023-03-18 05:00:00,23588.33,0.0,91.89,1.3,99.0,4.91,40.0
2023-03-18 06:00:00,25012.63,217.54,3.31,2.27,99.0,3.63,47.1
2023-03-18 07:00:00,26169.57,776.64,2.24,4.22,99.0,3.56,44.2
2023-03-18 08:00:00,26492.72,1533.59,4155.97,5.76,98.1,9.81,42.7
2023-03-18 09:00:00,24824.5,2210.32,0.0,8.14,93.7,2.59,40.2
2023-03-18 10:00:00,25198.09,2856.64,45.65,9.73,88.0,4.51,41.6
2023-03-18 11:00:00,24148.0,2853.45,7.89,10.22,86.8,3.83,53.8
2023-03-18 12:00:00,23203.22,2755.58,2287.05,11.66,97.6,8.62,58.5
2023-03-18 13:00:00,23548.53,2511.21,45.41,11.19,97.5,4.5,64.6
2023-03-18 14:00:00,23266.39,2255.78,9237.64,11.88,99.0,14.34,70.0
2023-03-18 15:00:00,22944.28,1647.04,614.16,12.09,97.2,6.61,79.4
2023-03-18 16:00:00,23915.37,1294.73,1739.44,11.77,96.8,8.08,80.4
2023-03-18 17:00:00,25178.4,818.03,0.0,11.24,99.0,1.27,82.2
2023-03-18 18:00:00,27390.69,346.59,0.0,8.5,99.0,2.93,93.8
2023-03-18 19:00:00,28078.72,97.32,0.0,7.11,99.0,2.12,81.7
2023-03-18 20:00:00,27119.82,0.0,133.22,6.29,99.0,5.12,68.8
2023-03-18 21:00:00,26374.82,0.0,1321.21,5.44,97.7,7.61,53.4
2023-03-18 22:00:00,24658.51,0.0,0.6,3.26,99.0,3.36,56.4
2023-03-18 23:00:00,22894.14,0.0,0.22,3.74,99.0,3.26,34.5
2023-03-19 00:00:00,21665.74,0.0,1155.09,2.11,99.0,7.5,43.1
2023-03-19 01:00:00,20419.79,0.0,55.19,2.61,99.0,4.63,43.8
2023-03-19 02:00:00,20217.55,0.0,692.08,2.72,99.0,6.71,59.3
2023-03-19 03:00:00,20825.67,0.0,0.0,1.94,99.0,2.87,51.3
2023-03-19 04:00:00,19104.99,0.0,2021.05,4.17,99.0,8.4,49.8
2023-03-19 05:00:00,21017.68,0.0,894.58,3.34,99.0,7.08,64.5
2023-03-19 06:00:00,22178.88,130.25,1431.37,5.19,99.0,7.78,80.5
2023-03-19 07:00:00,23648.58,515.95,52.26,7.3,99.0,4.57,69.8
2023-03-19 08:00:00,25014.07,1041.9,28.28,7.66,99.0,4.3,70.8
2023-03-19 09:00:00,23434.21,1404.8,2381.0,10.43,99.0,8.55,73.0
2023-03-19 10:00:00,23368.86,1735.06,1082.84,11.3,94.8,7.3,75.9
2023-03-19 11:00:00,23404.84,2200.37,289.7,12.7,95.9,5.75,70.8
2023-03-19 12:00:00,22735.53,1852.34,323.67,13.89,96.5,5.92,84.8
2023-03-19 13:00:00,22528.8,2824.85,0.0,14.4,99.0,1.22,59.1
2023-03-19 14:00:00,20974.21,2827.79,1871.85,15.68,91.8,8.16,54.1
2023-03-19 15:00:00,22223.75,2175.24,850.67,16.58,88.0,6.97,60.1
2023-03-19 16:00:00,23663.16,1697.43,149.92,14.32,91.9,5.28,65.6
2023-03-19 17:00:00,24039.25,845.01,3841.85,15.22,98.8,9.5,81.1
2023-03-19 18:00:00,25869.02,338.3,0.0,12.49,99.0,2.19,92.9
2023-03-19 19:00:00,24669.52,117.63,647.56,12.61,88.1,6.7,85.5
2023-03-19 20:00:00,23510.21,0.0,8771.01,12.61,99.0,11.69,98.0
2023-03-19 21:00:00,23675.54,0.0,24.88,10.01,99.0,4.24,84.8
2023-03-19 22:00:00,21842.7,0.0,0.0,8.24,99.0,1.24,92.9
2023-03-19 23:00:00,20795.9,0.0,2114.2,5.83,99.0,8.38,100.0
2023-03-20 00:00:00,23452.24,0.0,0.0,,99.0,1.49,100.0
2023-03-20 01:00:00,22945.42,0.0,5626.38,3.75,99.0,10.63,100.0
2023-03-20 02:00:00,21955.37,0.0,0.0,4.19,99.0,2.91,100.0
2023-03-20 03:00:00,20855.64,0.0,1761.35,5.48,99.0,8.18,79.4
2023-03-20 04:00:00,20098.12,0.0,319.03,7.1,99.0,5.92,80.7
2023-03-20 05:00:00,22528.59,0.0,37.02,6.79,95.3,4.4,64.8
2023-03-20 06:00:00,24319.43,159.97,6803.0,7.21,99.0,10.93,54.7
2023-03-20 07:00:00,28179.88,855.49,2206.47,6.25,96.5,8.5,41.0
2023-03-20 08:00:00,27548.74,1640.08,77.1,6.54,90.8,4.79,37.7
2023-03-20 09:00:00,28328.86,2247.74,14.44,8.91,93.2,4.04,40.0
2023-03-20 10:00:00,26990.09,2703.12,1173.81,11.94,93.6,7.48,45.6
2023-03-20 11:00:00,26995.28,3311.46,2165.06,11.63,89.1,8.42,40.1
2023-03-20 12:00:00,26140.35,3012.61,686.38,11.96,89.9,6.74,55.3
2023-03-20 13:00:00,25533.65,3024.67,296.88,12.72,90.6,5.83,53.3
2023-03-20 14:00:00,26297.46,3135.34,0.0,13.53,88.1,2.41,44.6
2023-03-20 15:00:00,26566.09,2554.16,1751.03,12.8,82.7,8.07,49.2
2023-03-20 16:00:00,27053.66,1409.82,741.59,13.17,95.5,6.78,74.0
2023-03-20 17:00:00,28399.06,902.63,78.65,12.19,92.6,4.81,76.3
2023-03-20 18:00:00,29776.36,544.9,94.75,11.47,99.0,4.95,69.9
2023-03-20 19:00:00,28857.87,256.42,262.1,11.13,86.8,5.67,50.4
2023-03-20 20:00:00,28445.1,0.0,2221.53,9.99,98.3,8.59,48.9
2023-03-20 21:00:00,27665.93,0.0,1522.95,8.28,96.0,7.86,53.0
2023-03-20 22:00:00,25916.54,0.0,3782.28,6.96,96.4,9.63,49.1
2023-03-20 23:00:00,25003.21,0.0,532.16,5.75,96.7,6.37,30.4
2023-03-21 00:00:00,22678.2,0.0,1309.63,4.58,92.1,7.58,23.8
2023-03-21 01:00:00,22326.52,0.0,5276.18,3.6,99.0,10.33,45.5
2023-03-21 02:00:00,21006.85,0.0,75.06,4.96,99.0,4.77,64.4
2023-03-21 03:00:00,21559.98,0.0,562.66,5.39,99.0,6.48,53.2
2023-03-21 04:00:00,21770.89,0.0,1471.91,5.16,99.0,7.86,62.1
2023-03-21 05:00:00,21867.77,0.0,8318.21,6.37,94.5,11.49,47.7
2023-03-21 06:00:00,24832.84,182.47,0.0,6.68,98.1,1.8,66.0
2023-03-21 07:00:00,25967.79,655.04,15.17,8.91,99.0,4.04,68.2
2023-03-21 08:00:00,27094.69,892.22,10.53,10.34,99.0,3.94,78.5
2023-03-21 09:00:00,27206.85,1828.43,32.95,11.32,94.8,4.37,55.7
2023-03-21 10:00:00,27652.91,2167.8,4.81,12.93,95.3,3.71,64.3
2023-03-21 11:00:00,26309.95,2585.17,303.51,12.2,95.1,5.84,63.7
2023-03-21 12:00:00,25896.82,2280.36,2765.31,11.92,99.0,8.98,73.4
2023-03-21 13:00:00,26984.78,1945.7,284.28,11.4,99.0,5.8,82.8
2023-03-21 14:00:00,26802.25,1816.77,0.0,12.15,91.2,2.53,80.8
2023-03-21 15:00:00,25505.12,1945.82,1827.38,14.32,86.7,8.24,71.0
2023-03-21 16:00:00,25782.04,1335.38,243.17,16.59,99.0,5.64,79.0
2023-03-21 17:00:00,27706.75,883.41,0.0,16.64,91.7,2.46,76.0
2023-03-21 18:00:00,29059.24,593.09,6.68,16.23,93.0,3.8,63.6
2023-03-21 19:00:00,28097.15,132.38,1520.15,13.03,89.4,7.8,52.1
2023-03-21 20:00:00,28137.71,0.0,1164.83,11.19,88.9,7.51,35.3
2023-03-21 21:00:00,26498.29,0.0,509.86,9.03,89.6,6.33,32.1
2023-03-21 22:00:00,25831.22,0.0,0.02,7.11,99.0,3.12,48.6
2023-03-21 23:00:00,24302.73,0.0,3108.04,5.82,99.0,9.17,52.1
2023-03-22 00:00:00,23933.2,0.0,123.18,4.54,99.0,5.07,46.7
2023-03-22 01:00:00,24539.58,0.0,3284.51,1.68,99.0,9.23,57.9
2023-03-22 02:00:00,24172.29,0.0,1843.48,2.23,99.0,8.1,48.2
2023-03-22 03:00:00,24506.67,0.0,117.69,1.04,99.0,5.07,50.7
2023-03-22 04:00:00,24707.38,0.0,54.24,1.67,99.0,4.6,49.6
2023-03-22 05:00:00,24747.48,0.0,4.78,4.62,99.0,3.71,60.2
2023-03-22 06:00:00,27185.78,137.98,46.42,4.4,98.3,4.54,41.2
2023-03-22 07:00:00,31236.78,894.63,2.18,2.7,99.0,3.54,33.2
2023-03-22 08:00:00,31024.83,2028.47,853.37,3.8,92.5,6.98,16.8
2023-03-22 09:00:00,29201.94,2824.71,582.37,6.51,87.6,6.51,18.8
2023-03-22 10:00:00,27688.99,3044.02,413.82,10.07,96.1,6.1,38.3
2023-03-22 11:00:00,27942.27,3556.79,497.95,9.91,90.2,6.29,34.8
2023-03-22 12:00:00,27036.45,3959.0,1483.52,11.56,89.8,7.87,31.6
2023-03-22 13:00:00,26228.6,3427.79,3544.16,11.88,92.4,9.38,45.5
2023-03-22 14:00:00,25958.79,2728.31,0.0,12.34,96.3,2.43,60.0
2023-03-22 15:00:00,25605.29,2311.47,145.0,15.51,82.8,5.22,58.9
2023-03-22 16:00:00,27321.26,1667.39,0.0,13.61,91.4,0.9,67.2
2023-03-22 17:00:00,28615.34,1333.08,0.0,13.43,89.3,1.52,53.4
2023-03-22 18:00:00,30283.05,657.48,424.32,13.18,91.9,6.15,70.7
2023-03-22 19:00:00,28596.97,39.75,106.74,13.35,99.0,5.01,95.2
2023-03-22 20:00:00,27383.88,0.0,1432.18,12.21,99.0,7.73,97.2
2023-03-22 21:00:00,26179.22,0.0,130.83,11.2,99.0,5.14,67.7
2023-03-22 22:00:00,24590.38,0.0,0.0,9.42,96.5,2.94,60.0
2023-03-22 23:00:00,23415.46,0.0,4899.93,8.48,99.0,10.18,67.4
2023-03-23 00:00:00,21801.79,0.0,0.0,7.19,99.0,2.97,61.4
2023-03-23 01:00:00,20151.21,0.0,27.26,7.05,99.0,4.27,76.5
2023-03-23 02:00:00,20866.2,0.0,133.36,6.06,99.0,5.14,81.6
2023-03-23 03:00:00,20010.17,0.0,9236.65,6.24,99.0,16.32,70.5
2023-03-23 04:00:00,21312.65,0.0,460.65,6.28,99.0,6.23,69.6
2023-03-23 05:00:00,21332.56,0.0,672.31,7.91,99.0,6.76,57.7
2023-03-23 06:00:00,23467.93,195.06,2893.61,8.47,99.0,9.01,55.7
2023-03-23 07:00:00,26118.48,852.72,1173.47,7.37,99.0,7.44,49.6
2023-03-23 08:00:00,27377.65,1134.81,3598.82,9.9,94.3,9.41,64.9
2023-03-23 09:00:00,27913.57,1123.8,240.16,10.05,99.0,5.6,89.7
2023-03-23 10:00:00,27046.42,2002.91,9617.46,10.54,91.9,12.17,68.9
2023-03-23 11:00:00,27179.56,3344.95,1486.31,11.05,93.4,7.89,44.8
2023-03-23 12:00:00,26023.93,3426.12,18.06,13.61,87.2,4.1,43.6
2023-03-23 13:00:00,26416.51,4080.77,5.85,11.98,85.9,3.76,27.3
2023-03-23 14:00:00,25142.04,3665.48,3863.02,16.01,86.4,9.66,31.8
2023-03-23 15:00:00,25221.92,2786.67,378.15,17.22,81.1,6.08,44.1
2023-03-23 16:00:00,26937.07,1766.61,211.98,17.13,87.0,5.55,64.0
2023-03-23 17:00:00,26382.91,1252.27,827.36,16.41,89.6,6.99,65.9
2023-03-23 18:00:00,28562.37,711.17,171.94,15.8,82.2,5.35,62.8
2023-03-23 19:00:00,28147.02,227.25,0.0,15.2,83.3,2.35,38.7
2023-03-23 20:00:00,27875.6,0.0,13.42,14.56,76.1,4.0,41.6
2023-03-23 21:00:00,25511.35,0.0,417.85,13.7,85.6,6.17,44.6
2023-03-23 22:00:00,23342.63,0.0,0.0,12.3,95.7,1.32,54.1
2023-03-23 23:00:00,21336.5,0.0,301.45,10.68,94.4,5.83,46.3
2023-03-24 00:00:00,20387.77,0.0,2656.49,9.49,91.0,8.86,42.7
2023-03-24 01:00:00,19704.96,0.0,14.27,8.32,91.3,4.04,27.0
2023-03-24 02:00:00,18700.55,0.0,0.0,8.92,80.1,3.03,3.5
2023-03-24 03:00:00,18646.5,0.0,5061.01,9.18,83.1,10.22,0.0
2023-03-24 04:00:00,20907.36,0.0,1512.16,5.85,99.0,7.83,0.0
2023-03-24 05:00:00,21729.16,0.0,21.6,7.01,93.6,4.16,0.0
2023-03-24 06:00:00,,308.59,3684.31,7.89,85.2,9.46,0.0
2023-03-24 07:00:00,26097.86,1225.51,1370.67,8.77,84.5,7.63,0.5
2023-03-24 08:00:00,27513.38,2354.74,66.91,9.41,78.9,4.74,0.0
2023-03-24 09:00:00,26732.18,3373.56,71.18,11.83,76.2,4.76,0.0
2023-03-24 10:00:00,25709.02,4284.45,0.0,13.99,77.9,2.61,0.0
2023-03-24 11:00:00,25368.55,4891.13,2129.12,14.11,74.1,8.4,0.0
2023-03-24 12:00:00,25409.67,5210.99,95.15,15.43,78.0,4.93,0.0
2023-03-24 13:00:00,26097.38,5266.22,132.26,14.99,81.3,5.13,0.0
2023-03-24 14:00:00,26208.78,4747.34,2346.19,13.88,79.1,8.63,4.8
2023-03-24 15:00:00,26740.75,3829.0,0.0,13.38,80.9,0.5,13.1
2023-03-24 16:00:00,27075.03,3125.19,0.0,14.23,71.6,0.75,8.8
2023-03-24 17:00:00,28274.15,2183.48,0.0,14.81,80.8,1.94,10.2
2023-03-24 18:00:00,28716.11,935.62,0.0,14.55,80.1,0.5,36.3
2023-03-24 19:00:00,29000.88,304.08,521.27,14.27,83.9,6.43,38.3
2023-03-24 20:00:00,27486.61,0.0,542.03,13.55,90.5,6.5,38.7
2023-03-24 21:00:00,27204.61,0.0,1.01,11.44,91.6,3.42,29.9
2023-03-24 22:00:00,23863.86,0.0,0.06,10.57,82.0,3.17,10.8
2023-03-24 23:00:00,21627.66,0.0,0.94,10.16,83.8,3.42,14.7
2023-03-25 00:00:00,16500.95,0.0,9570.01,10.01,85.2,12.44,24.1
2023-03-25 01:00:00,15621.76,0.0,2182.76,10.35,87.1,8.4,41.6
2023-03-25 02:00:00,14985.51,0.0,1263.11,10.37,83.1,7.56,16.8
2023-03-25 03:00:00,15311.61,0.0,228.99,10.28,77.3,5.54,8.5
2023-03-25 04:00:00,15007.13,0.0,502.3,11.31,84.8,6.35,7.7
2023-03-25 05:00:00,16346.45,0.0,0.19,11.4,85.1,3.24,13.9
2023-03-25 06:00:00,19053.22,331.81,9401.8,10.85,87.5,17.18,17.7
2023-03-25 07:00:00,22167.61,1012.48,2286.12,11.4,81.5,8.6,21.3
2023-03-25 08:00:00,23125.72,1804.97,882.24,11.5,82.8,7.02,30.8
2023-03-25 09:00:00,22511.6,2750.57,558.97,11.83,85.5,6.42,23.5
2023-03-25 10:00:00,23836.9,2969.89,197.33,12.8,88.1,5.43,39.0
2023-03-25 11:00:00,23400.69,3327.49,0.14,12.98,88.9,3.22,46.7
2023-03-25 12:00:00,23129.69,3606.28,0.0,13.6,86.9,2.71,44.5
2023-03-25 13:00:00,23440.61,2674.56,116.37,12.26,99.0,5.07,65.5
2023-03-25 14:00:00,23119.11,1913.16,0.0,13.08,99.0,0.79,83.5
2023-03-25 15:00:00,22497.05,1403.42,0.0,13.33,99.0,0.81,91.9
2023-03-25 16:00:00,23312.23,2001.02,110.15,12.35,96.7,5.04,51.8
2023-03-25 17:00:00,25958.98,1128.42,3662.4,12.72,99.0,9.53,71.7
2023-03-25 18:00:00,25166.4,486.39,3922.53,13.07,93.4,9.58,79.9
2023-03-25 19:00:00,26221.9,94.98,0.0,10.32,99.0,0.5,100.0
2023-03-25 20:00:00,26693.18,0.0,0.0,8.44,99.0,2.1,100.0
2023-03-25 21:00:00,25196.99,0.0,501.15,6.51,99.0,6.38,100.0
2023-03-25 22:00:00,24186.41,0.0,3593.87,4.44,99.0,9.51,100.0
2023-03-25 23:00:00,22365.37,0.0,9560.62,4.44,99.0,12.23,100.0
2023-03-26 00:00:00,20693.81,0.0,4916.53,3.61,99.0,10.24,100.0
2023-03-26 01:00:00,20743.09,0.0,2013.26,2.74,99.0,8.25,100.0
2023-03-26 02:00:00,22295.5,0.0,43.65,0.24,99.0,4.49,100.0
2023-03-26 03:00:00,21169.68,0.0,0.09,1.09,99.0,3.19,100.0
2023-03-26 04:00:00,22581.61,0.0,0.0,0.14,99.0,2.77,100.0
2023-03-26 05:00:00,24029.29,0.0,1302.68,1.0,99.0,7.66,98.3
2023-03-26 06:00:00,24516.04,263.76,0.0,2.36,99.0,2.26,78.8
2023-03-26 07:00:00,25245.18,805.28,2083.11,5.11,99.0,8.43,56.9
2023-03-26 08:00:00,26110.61,1509.98,1468.31,4.98,99.0,7.86,48.4
2023-03-26 09:00:00,29301.07,1971.25,0.0,3.14,99.0,2.08,59.5
2023-03-26 10:00:00,27275.49,1703.86,4601.26,5.0,99.0,9.95,78.5
2023-03-26 11:00:00,25174.51,1753.66,155.99,8.51,99.0,5.28,87.3
2023-03-26 12:00:00,24046.04,1496.54,3489.76,11.11,99.0,9.36,96.7
2023-03-26 13:00:00,22812.57,1721.66,3000.32,12.24,99.0,9.11,91.3
2023-03-26 14:00:00,23446.91,2486.5,0.0,12.3,88.8,2.14,66.6
2023-03-26 15:00:00,22187.19,2401.79,2.7,13.49,93.4,3.59,60.3
2023-03-26 16:00:00,23520.51,2005.21,0.0,12.34,96.2,1.55,57.2
2023-03-26 17:00:00,24577.23,1354.11,932.47,12.53,90.2,7.19,51.6
2023-03-26 18:00:00,24825.55,755.24,91.26,12.42,92.4,4.89,53.2
2023-03-26 19:00:00,24960.53,133.56,5090.62,12.66,90.6,10.2,59.3
2023-03-26 20:00:00,23715.71,0.0,0.01,14.52,87.6,3.09,69.6
2023-03-26 21:00:00,21771.51,0.0,1028.81,13.52,87.1,7.32,65.1
2023-03-26 22:00:00,19823.92,0.0,9200.09,11.51,84.1,14.27,41.6
2023-03-26 23:00:00,18539.52,0.0,1320.68,10.16,94.0,7.7,38.0
2023-03-27 00:00:00,21393.74,0.0,0.0,7.26,86.2,2.78,41.2
2023-03-27 01:00:00,21509.65,0.0,1212.77,5.71,99.0,7.46,58.1
2023-03-27 02:00:00,21208.96,0.0,30.95,4.8,99.0,4.31,51.5
2023-03-27 03:00:00,22024.56,0.0,0.0,4.11,99.0,2.5,58.7
2023-03-27 04:00:00,21980.52,0.0,234.51,4.53,97.8,5.6,62.3
2023-03-27 05:00:00,24194.17,0.0,93.67,4.17,99.0,4.93,62.6
2023-03-27 06:00:00,24794.56,172.08,3347.18,6.28,99.0,9.24,73.4
2023-03-27 07:00:00,26982.29,734.65,176.28,7.31,99.0,5.34,63.9
2023-03-27 08:00:00,27142.45,1355.85,1714.8,8.49,95.8,8.07,56.5
2023-03-27 09:00:00,27042.3,1945.6,0.0,9.4,96.7,0.96,56.8
2023-03-27 10:00:00,27478.32,2766.83,0.0,10.86,93.2,0.61,49.5
2023-03-27 11:00:00,26952.83,2851.58,0.0,12.97,93.0,0.68,56.8
2023-03-27 12:00:00,26226.08,3426.71,0.0,12.99,90.1,2.65,48.6
2023-03-27 13:00:00,26192.97,3255.66,4.54,13.07,89.2,3.7,52.7
2023-03-27 14:00:00,25818.78,3096.5,189.77,13.29,91.9,5.43,52.4
2023-03-27 15:00:00,27178.37,2564.92,9869.08,12.07,94.9,12.36,55.9
2023-03-27 16:00:00,27507.14,2158.23,1.07,11.19,90.0,3.43,50.8
2023-03-27 17:00:00,28888.53,1611.88,0.0,10.41,95.1,0.7,47.9
2023-03-27 18:00:00,30070.27,814.6,0.0,10.84,98.2,2.43,50.5
2023-03-27 19:00:00,29107.47,169.53,3784.45,10.31,97.9,9.47,54.0
2023-03-27 20:00:00,28893.48,0.0,926.26,9.5,99.0,7.11,54.7
2023-03-27 21:00:00,26737.78,0.0,2120.19,9.32,99.0,8.41,75.8
2023-03-27 22:00:00,25710.26,0.0,0.0,7.98,96.6,2.91,62.0
2023-03-27 23:00:00,23766.67,0.0,0.4,7.31,97.8,3.31,61.0
2023-03-28 00:00:00,21368.3,0.0,0.46,6.43,98.8,3.32,42.0
2023-03-28 01:00:00,20781.91,0.0,5207.53,6.0,99.0,10.38,48.6
2023-03-28 02:00:00,21842.26,0.0,50.36,4.89,99.0,4.58,36.6
2023-03-28 03:00:00,24752.05,0.0,1843.2,2.1,99.0,8.1,36.1
2023-03-28 04:00:00,24473.16,0.0,826.38,2.33,96.7,7.0,34.5
2023-03-28 05:00:00,23747.15,0.0,940.61,4.58,96.7,7.1,40.9
2023-03-28 06:00:00,24537.91,218.62,19.11,6.47,99.0,4.14,36.5
2023-03-28 07:00:00,25747.93,953.97,1211.67,8.56,91.2,7.43,32.2
2023-03-28 08:00:00,26875.15,1416.92,0.0,11.05,93.9,1.85,52.8
2023-03-28 09:00:00,26934.57,1944.36,10000.0,12.27,89.2,14.68,57.0
2023-03-28 10:00:00,26053.14,2797.02,0.0,13.62,95.9,0.91,50.7
2023-03-28 11:00:00,26239.22,3202.86,0.0,13.99,90.6,1.06,48.8
2023-03-28 12:00:00,26052.47,2609.79,1.75,14.56,90.0,3.51,69.9
2023-03-28 13:00:00,26432.31,2749.84,1599.08,15.96,86.1,7.91,65.8
2023-03-28 14:00:00,25432.19,2923.87,0.0,17.68,86.7,2.66,56.9
2023-03-28 15:00:00,25264.5,2854.39,27.8,17.54,83.9,4.29,49.0
2023-03-28 16:00:00,25823.96,2364.5,0.0,16.74,86.8,0.5,43.7
2023-03-28 17:00:00,27184.75,1679.15,0.0,16.16,85.2,1.03,38.6
2023-03-28 18:00:00,28884.2,1025.52,284.05,15.97,79.0,5.74,25.8
2023-03-28 19:00:00,28660.01,318.74,0.0,13.26,79.4,2.68,16.4
2023-03-28 20:00:00,28643.8,0.0,891.89,9.55,84.9,7.06,11.7
2023-03-28 21:00:00,26679.63,0.0,2011.07,7.83,89.0,8.35,24.6
2023-03-28 22:00:00,26661.6,0.0,3569.87,5.4,94.0,9.54,24.2
2023-03-28 23:00:00,25913.57,0.0,0.35,3.91,97.1,3.3,26.0
2023-03-29 00:00:00,24491.6,0.0,436.78,3.2,99.0,6.21,45.4
2023-03-29 01:00:00,24562.18,0.0,9679.02,2.18,99.0,12.4,62.7
2023-03-29 02:00:00,22132.09,0.0,3490.92,3.56,99.0,9.35,58.9
2023-03-29 03:00:00,22446.33,0.0,4.89,3.9,99.0,3.72,51.5
2023-03-29 04:00:00,21856.28,0.0,775.69,4.51,98.8,6.89,42.1
2023-03-29 05:00:00,22995.74,0.0,9034.69,5.76,99.0,11.67,52.6
2023-03-29 06:00:00,25356.41,220.64,402.79,5.32,99.0,6.09,51.0
2023-03-29 07:00:00,27327.67,887.65,3703.75,7.57,99.0,9.64,47.5
2023-03-29 08:00:00,27784.0,1713.92,367.12,8.68,97.2,5.99,39.2
2023-03-29 09:00:00,27023.58,2611.26,0.0,10.71,94.4,2.41,32.5
2023-03-29 10:00:00,27888.86,3164.75,0.0,10.76,92.0,2.53,39.6
2023-03-29 11:00:00,27401.13,4143.31,0.0,10.28,83.9,1.0,26.3
2023-03-29 12:00:00,25960.21,3774.01,0.0,12.34,,2.44,42.2
2023-03-29 13:00:00,26512.31,3872.63,2738.73,13.62,82.4,8.95,38.0
2023-03-29 14:00:00,26164.0,3620.57,296.74,13.18,94.0,5.8,38.8
2023-03-29 15:00:00,26400.52,3579.06,643.93,12.51,92.8,6.62,25.3
2023-03-29 16:00:00,26513.69,2776.92,215.66,13.76,86.7,5.55,29.3
2023-03-29 17:00:00,28717.79,1929.22,6.64,12.06,89.8,3.8,29.1
2023-03-29 18:00:00,29192.58,995.01,0.0,13.27,86.5,2.63,32.2
2023-03-29 19:00:00,28700.67,237.12,4872.57,11.33,94.9,10.12,53.2
2023-03-29 20:00:00,28434.25,0.0,208.39,10.98,88.3,5.52,56.1
2023-03-29 21:00:00,27269.23,0.0,224.52,9.43,94.3,5.56,47.0
2023-03-29 22:00:00,24535.26,0.0,10000.0,8.92,90.0,15.69,40.1
2023-03-29 23:00:00,23473.71,0.0,184.59,7.19,99.0,5.42,49.6
2023-03-30 00:00:00,21800.04,0.0,5075.94,6.28,99.0,10.14,66.4
2023-03-30 01:00:00,22242.63,0.0,5508.91,5.63,99.0,10.46,69.0
2023-03-30 02:00:00,22010.09,0.0,70.75,4.11,99.0,4.77,76.2
2023-03-30 03:00:00,22291.41,0.0,1.32,4.89,99.0,3.47,81.6
2023-03-30 04:00:00,22316.88,0.0,9538.67,4.56,99.0,13.86,96.0
2023-03-30 05:00:00,22834.28,0.0,417.24,4.88,99.0,6.18,68.3
2023-03-30 06:00:00,25204.85,208.48,0.0,4.66,99.0,1.22,75.3
2023-03-30 07:00:00,30006.13,493.47,489.89,3.0,99.0,6.3,85.3
2023-03-30 08:00:00,31070.81,1270.77,885.34,4.28,99.0,7.0,66.2
2023-03-30 09:00:00,28686.1,2076.25,1932.04,8.49,96.2,8.24,54.8
2023-03-30 10:00:00,27350.65,2947.02,6541.45,10.74,92.4,10.91,45.2
2023-03-30 11:00:00,26593.19,3749.6,4175.61,11.95,81.0,9.85,38.2
2023-03-30 12:00:00,26286.91,4050.05,5177.78,12.74,80.7,10.28,35.1
2023-03-30 13:00:00,26132.93,3875.17,0.0,13.61,88.6,0.5,41.0
2023-03-30 14:00:00,26179.6,3181.91,512.65,14.78,95.0,6.39,53.6
2023-03-30 15:00:00,26478.69,2258.52,0.0,13.68,95.1,2.35,67.4
2023-03-30 16:00:00,27011.8,2054.18,0.0,14.86,86.4,2.06,56.4
2023-03-30 17:00:00,28007.61,1540.6,1246.34,15.21,80.6,7.49,46.7
2023-03-30 18:00:00,28838.89,695.72,24.46,15.22,93.9,4.22,64.1
2023-03-30 19:00:00,27096.69,196.31,4269.82,14.65,91.1,9.89,71.4
2023-03-30 20:00:00,26983.13,0.0,0.0,13.43,97.5,1.22,71.0
2023-03-30 21:00:00,25348.35,0.0,2223.41,12.84,98.4,8.56,75.4
2023-03-30 22:00:00,23024.86,0.0,0.0,12.13,99.0,3.04,73.2
2023-03-30 23:00:00,21807.04,0.0,4.92,10.43,99.0,3.72,77.9
2023-03-31 00:00:00,19877.61,0.0,495.25,8.88,99.0,6.38,71.7
2023-03-31 01:00:00,19686.42,0.0,335.11,8.16,99.0,5.94,73.5
2023-03-31 02:00:00,18970.03,0.0,693.47,9.31,93.9,6.76,53.8
2023-03-31 03:00:00,19101.03,0.0,9312.22,7.61,93.1,12.33,46.3
2023-03-31 04:00:00,20966.32,0.0,1922.24,6.07,87.9,8.19,39.8
2023-03-31 05:00:00,22631.23,0.0,126.76,6.75,95.3,5.12,37.7
2023-03-31 06:00:00,23688.7,247.58,10.53,7.58,98.8,3.93,29.3
2023-03-31 07:00:00,26543.74,1116.23,259.13,8.77,93.3,5.69,26.6
2023-03-31 08:00:00,26549.49,2270.2,254.12,10.18,85.8,5.65,12.4
2023-03-31 09:00:00,27032.24,2943.59,556.22,11.16,83.6,6.53,24.7
2023-03-31 10:00:00,25743.51,3580.66,2.61,14.03,87.3,3.58,27.9
2023-03-31 11:00:00,26717.28,4726.49,1242.45,13.32,79.7,7.54,11.3
2023-03-31 12:00:00,26153.29,5280.66,0.0,13.41,85.3,1.46,7.1
2023-03-31 13:00:00,26131.31,4843.67,133.0,14.12,76.7,5.15,17.5
2023-03-31 14:00:00,25894.41,4629.42,217.42,12.86,79.0,5.57,16.1
2023-03-31 15:00:00,26650.23,4102.26,0.0,13.0,77.7,2.19,13.0
2023-03-31 16:00:00,26962.47,3165.36,1407.65,14.83,73.8,7.71,17.8
2023-03-31 17:00:00,27912.74,1996.21,228.1,14.42,78.8,5.62,26.9
2023-03-31 18:00:00,28441.21,1176.92,400.27,13.96,80.3,6.07,13.7
2023-03-31 19:00:00,28838.14,227.57,116.06,11.61,83.3,5.09,25.8
2023-03-31 20:00:00,28077.24,0.0,4361.7,9.88,71.8,10.01,20.3
2023-03-31 21:00:00,27787.95,0.0,1053.42,8.37,94.8,7.37,24.9
2023-03-31 22:00:00,26305.39,0.0,127.36,6.94,86.7,5.11,28.7
2023-03-31 23:00:00,24074.69,0.0,26.5,7.36,94.6,4.26,26.1
2023-04-01 00:00:00,18624.49,0.0,0.0,7.25,90.4,2.81,17.9
2023-04-01 01:00:00,18076.33,0.0,15.97,5.3,99.0,4.05,19.5
2023-04-01 02:00:00,18182.97,0.0,9402.72,5.2,99.0,15.68,43.9
2023-04-01 03:00:00,17596.97,0.0,424.2,5.67,93.4,6.19,29.5
2023-04-01 04:00:00,17656.49,0.0,7223.23,7.13,96.6,11.25,53.4
2023-04-01 05:00:00,17190.46,0.0,18.49,9.32,99.0,4.1,51.1
2023-04-01 06:00:00,20549.63,172.9,361.49,8.83,90.9,5.98,52.6
2023-04-01 07:00:00,22289.83,945.96,9923.95,8.87,94.5,12.49,40.5
2023-04-01 08:00:00,24205.38,1859.44,0.0,8.64,91.8,2.53,33.5
2023-04-01 09:00:00,23726.24,2743.5,557.25,9.71,88.7,6.47,30.7
2023-04-01 10:00:00,22676.99,3883.66,5088.91,11.56,86.7,10.24,21.7
2023-04-01 11:00:00,22575.24,4348.19,6358.6,13.85,83.3,10.85,23.7
2023-04-01 12:00:00,22479.87,4675.14,1955.57,14.75,83.0,8.31,23.2
2023-04-01 13:00:00,22967.61,3499.58,2029.66,15.16,87.8,8.28,49.8
2023-04-01 14:00:00,21643.76,3763.84,283.72,15.82,84.8,5.82,37.1
2023-04-01 15:00:00,22269.44,3167.45,0.0,15.06,85.5,2.31,41.0
2023-04-01 16:00:00,22267.18,2276.3,603.85,17.26,80.8,6.58,46.3
2023-04-01 17:00:00,24885.49,1881.23,9412.66,14.92,83.9,11.86,35.1
2023-04-01 18:00:00,24957.69,848.39,114.34,14.39,84.6,5.07,46.3
2023-04-01 19:00:00,24403.68,211.3,0.2,15.64,81.8,3.25,43.2
2023-04-01 20:00:00,23612.47,0.0,358.86,14.37,78.4,5.99,15.3
2023-04-01 21:00:00,21579.36,0.0,1141.53,12.8,84.8,7.34,28.6
2023-04-01 22:00:00,19884.72,0.0,5.0,11.07,85.4,3.71,18.9
2023-04-01 23:00:00,18323.93,0.0,1843.61,9.65,89.0,8.22,11.3
2023-04-02 00:00:00,16728.71,0.0,993.46,10.32,85.9,7.27,25.4
2023-04-02 01:00:00,16275.67,0.0,1367.8,6.98,93.4,7.67,25.4
2023-04-02 02:00:00,16427.22,0.0,175.67,8.21,95.1,5.37,40.6
2023-04-02 03:00:00,17328.57,0.0,18.69,6.39,99.0,4.11,57.4
2023-04-02 04:00:00,16829.33,0.0,1550.8,6.28,99.0,7.88,50.0
2023-04-02 05:00:00,19077.19,0.0,1173.81,6.32,99.0,7.45,60.7
2023-04-02 06:00:00,21248.29,223.43,166.49,7.78,98.8,5.31,51.6
2023-04-02 07:00:00,23281.67,539.8,66.24,7.04,99.0,4.73,79.4
2023-04-02 08:00:00,23911.24,1172.22,84.4,8.82,98.0,4.84,68.7
2023-04-02 09:00:00,24329.99,1530.66,241.77,12.37,99.0,5.63,80.0
2023-04-02 10:00:00,23534.59,1513.13,10000.0,12.06,98.4,12.34,87.7
2023-04-02 11:00:00,22961.03,1701.45,1167.34,13.46,92.5,7.5,88.2
2023-04-02 12:00:00,22591.07,2452.76,2052.16,13.75,99.0,8.4,76.8
2023-04-02 13:00:00,22511.55,2514.22,70.85,15.05,92.7,4.72,72.9
2023-04-02 14:00:00,22472.19,3563.41,72.94,15.58,84.4,4.76,45.5
2023-04-02 15:00:00,21570.28,2906.11,0.0,15.07,85.2,2.17,50.0
2023-04-02 16:00:00,22068.33,2150.41,571.69,15.51,95.6,6.48,55.4
2023-04-02 17:00:00,23676.15,1411.43,16.54,17.05,87.9,4.06,57.5
2023-04-02 18:00:00,24843.89,1097.0,841.87,15.99,81.3,7.01,22.1
2023-04-02 19:00:00,24580.84,287.48,35.72,15.71,77.5,4.41,11.5
2023-04-02 20:00:00,23327.85,0.0,0.0,13.02,80.9,2.12,8.3
2023-04-02 21:00:00,23095.88,0.0,0.01,10.71,91.1,3.08,18.0
2023-04-02 22:00:00,20946.26,0.0,2894.76,10.03,87.6,8.99,26.5
2023-04-02 23:00:00,17988.37,0.0,39.23,10.51,82.6,4.43,28.5
2023-04-03 00:00:00,19742.53,0.0,70.6,10.02,95.4,4.72,39.9
2023-04-03 01:00:00,19437.85,0.0,8945.7,8.81,93.2,11.86,30.0
2023-04-03 02:00:00,19770.69,0.0,1882.49,8.25,95.1,8.19,40.9
2023-04-03 03:00:00,20422.84,0.0,4.17,6.63,99.0,3.69,48.9
2023-04-03 04:00:00,19790.64,0.0,11.34,7.47,97.8,3.96,54.8
2023-04-03 05:00:00,21553.55,0.0,102.62,8.89,96.9,4.98,53.2
2023-04-03 06:00:00,22817.58,104.96,1108.27,9.07,99.0,7.32,76.0
2023-04-03 07:00:00,25052.19,602.61,2367.34,9.5,99.0,8.58,80.0
2023-04-03 08:00:00,26489.26,1253.03,28.59,10.93,99.0,4.27,66.0
2023-04-03 09:00:00,26612.88,1824.06,3580.01,11.66,91.1,9.56,68.2
2023-04-03 10:00:00,26581.16,2038.84,0.0,12.83,99.0,2.12,76.3
2023-04-03 11:00:00,25449.33,2618.64,0.0,16.3,93.5,2.8,67.3
2023-04-03 12:00:00,26136.39,2334.0,7891.78,16.89,85.1,11.54,79.5
2023-04-03 13:00:00,26292.34,2182.14,0.0,17.14,91.5,1.67,81.7
2023-04-03 14:00:00,25428.59,3306.67,2424.59,16.83,84.5,8.72,51.0
2023-04-03 15:00:00,25843.56,2693.04,461.42,17.78,86.6,6.27,55.7
2023-04-03 16:00:00,25360.76,2237.35,0.0,17.33,80.6,0.83,51.3
2023-04-03 17:00:00,27407.52,1431.12,48.54,16.08,88.3,4.54,58.8
2023-04-03 18:00:00,27930.55,593.34,112.73,16.75,89.6,5.01,70.3
2023-04-03 19:00:00,27431.33,197.83,5286.88,17.21,86.8,10.29,71.4
2023-04-03 20:00:00,26723.64,0.0,79.01,15.2,93.7,4.79,90.0
2023-04-03 21:00:00,25935.79,0.0,166.98,11.77,99.0,5.3,84.3
2023-04-03 22:00:00,23081.43,0.0,0.0,11.63,95.1,2.78,88.8
2023-04-03 23:00:00,21937.64,0.0,1205.88,9.64,99.0,7.46,95.0
2023-04-04 00:00:00,19664.81,0.0,27.97,9.69,99.0,4.27,89.7
2023-04-04 01:00:00,21336.4,0.0,0.01,6.69,99.0,3.09,95.4
2023-04-04 02:00:00,20284.4,0.0,10000.0,7.25,99.0,16.84,84.0
2023-04-04 03:00:00,21151.02,0.0,126.23,5.75,99.0,5.12,76.1
2023-04-04 04:00:00,21151.87,0.0,10.17,6.8,98.3,3.93,58.4
2023-04-04 05:00:00,21627.91,0.0,2197.83,7.31,98.7,8.46,61.5
2023-04-04 06:00:00,24678.68,124.36,4002.3,7.05,99.0,9.66,65.2
2023-04-04 07:00:00,27263.67,509.18,0.0,7.68,99.0,2.47,78.7
2023-04-04 08:00:00,26725.65,900.34,0.0,9.7,99.0,2.7,86.0
2023-04-04 09:00:00,26016.09,1486.9,0.0,11.11,94.7,2.21,79.4
2023-04-04 10:00:00,26178.03,2494.5,0.0,13.04,97.5,1.29,63.0
2023-04-04 11:00:00,26404.83,2663.43,573.13,16.37,93.3,6.45,67.8
2023-04-04 12:00:00,25443.33,2232.29,236.16,15.52,99.0,5.58,80.2
2023-04-04 13:00:00,25290.71,2063.53,383.92,18.04,94.0,6.04,86.8
2023-04-04 14:00:00,25049.14,1478.31,52.71,18.51,94.1,4.6,96.6
2023-04-04 15:00:00,25619.76,1548.47,1239.67,17.56,98.4,7.56,89.7
2023-04-04 16:00:00,25954.02,1572.09,93.01,15.88,96.7,4.92,80.5
2023-04-04 17:00:00,27047.44,1293.17,3651.36,15.23,99.0,9.5,69.2
2023-04-04 18:00:00,28172.44,692.78,67.86,15.53,94.9,4.75,67.4
2023-04-04 19:00:00,28047.27,110.23,1494.94,14.37,92.9,7.81,65.6
2023-04-04 20:00:00,27576.73,0.0,62.17,14.87,87.3,4.68,67.4
2023-04-04 21:00:00,26164.88,0.0,144.54,11.92,93.2,5.21,65.0
2023-04-04 22:00:00,23581.25,0.0,3501.28,10.66,91.0,9.52,62.8
2023-04-04 23:00:00,22603.95,0.0,0.0,8.12,97.0,3.02,53.1
2023-04-05 00:00:00,21428.48,0.0,928.73,7.81,99.0,7.08,65.2
2023-04-05 01:00:00,19970.22,0.0,2503.55,8.07,99.0,8.73,65.5
2023-04-05 02:00:00,19722.59,0.0,3125.45,7.12,99.0,9.11,62.7
2023-04-05 03:00:00,22239.15,0.0,1365.28,4.11,99.0,7.65,53.4
2023-04-05 04:00:00,21812.38,0.0,576.29,4.68,97.4,6.47,38.2
2023-04-05 05:00:00,23182.69,0.0,85.27,5.8,99.0,4.89,56.5
2023-04-05 06:00:00,24671.73,117.48,7077.68,7.13,99.0,11.17,63.6
2023-04-05 07:00:00,25268.78,988.67,164.84,9.58,94.1,5.31,43.7
2023-04-05 08:00:00,27997.78,1506.71,2756.51,9.56,96.9,8.83,54.8
2023-04-05 09:00:00,26684.4,1870.7,0.0,11.62,93.3,1.32,66.5
2023-04-05 10:00:00,25005.62,2297.66,0.36,14.2,91.2,3.3,67.2
2023-04-05 11:00:00,26676.68,1976.93,9.97,13.35,99.0,3.92,85.5
2023-04-05 12:00:00,24824.71,2165.45,482.2,14.76,99.0,6.31,85.0
2023-04-05 13:00:00,26218.25,3057.44,0.29,15.01,85.3,3.28,65.0
2023-04-05 14:00:00,25604.9,2619.9,0.0,15.47,82.1,0.5,68.8
2023-04-05 15:00:00,25736.36,2253.9,0.0,16.09,91.5,1.89,70.7
2023-04-05 16:00:00,26446.84,1994.85,0.0,15.43,93.5,2.67,62.2
2023-04-05 17:00:00,28113.26,1292.58,0.0,14.28,91.1,2.07,68.8
2023-04-05 18:00:00,28470.65,894.41,0.0,13.67,92.9,2.51,47.7
2023-04-05 19:00:00,28907.77,147.83,1253.73,11.59,95.3,7.56,61.1
2023-04-05 20:00:00,28881.08,0.0,66.64,9.41,94.8,4.72,50.4
2023-04-05 21:00:00,25963.31,0.0,103.87,9.14,96.2,4.98,39.7
2023-04-05 22:00:00,26335.24,0.0,9911.93,6.81,94.5,12.49,40.8
2023-04-05 23:00:00,24124.9,0.0,309.13,6.63,97.6,5.9,48.3
2023-04-06 00:00:00,22049.05,0.0,8519.16,6.53,99.0,11.62,51.6
2023-04-06 01:00:00,23021.52,0.0,144.97,4.0,99.0,5.19,43.7
2023-04-06 02:00:00,23863.36,0.0,394.56,3.02,99.0,6.1,39.6
2023-04-06 03:00:00,21882.8,0.0,401.12,4.45,99.0,6.11,28.4
2023-04-06 04:00:00,22875.13,0.0,1012.86,3.71,99.0,7.24,29.5
2023-04-06 05:00:00,24027.07,0.0,1143.65,3.91,99.0,7.43,46.1
2023-04-06 06:00:00,24717.67,280.37,51.34,5.44,99.0,4.59,47.7
2023-04-06 07:00:00,27054.82,781.87,2833.03,7.5,99.0,9.05,59.5
2023-04-06 08:00:00,27433.24,1086.62,343.91,8.52,99.0,5.99,77.0
2023-04-06 09:00:00,26839.41,1861.53,0.0,9.25,96.4,0.64,67.9
2023-04-06 10:00:00,26656.89,2424.21,402.4,12.24,99.0,6.14,64.7
2023-04-06 11:00:00,26007.54,1797.28,1647.79,15.38,98.2,7.91,90.2
2023-04-06 12:00:00,25567.92,1460.72,0.0,17.41,99.0,2.91,100.0
2023-04-06 13:00:00,25522.8,2381.66,0.0,18.16,99.0,0.5,78.5
2023-04-06 14:00:00,24662.94,2264.91,1207.27,17.64,94.6,7.46,81.0
2023-04-06 15:00:00,26145.25,1921.52,7928.69,16.85,92.3,11.55,78.4
2023-04-06 16:00:00,26471.76,1353.87,0.0,17.27,89.6,0.88,86.1
2023-04-06 17:00:00,28037.6,1161.75,4833.05,17.23,94.0,10.03,74.1
2023-04-06 18:00:00,27912.22,701.81,6.01,17.96,87.3,3.78,62.3
2023-04-06 19:00:00,27961.26,189.78,5647.72,17.54,87.1,10.57,53.9
2023-04-06 20:00:00,26254.13,0.0,612.05,14.55,94.5,6.64,47.8
2023-04-06 21:00:00,25049.59,0.0,4440.93,14.4,87.3,9.92,59.0
2023-04-06 22:00:00,22975.94,0.0,2329.49,11.93,86.8,8.67,44.9
2023-04-06 23:00:00,21938.82,0.0,0.0,10.3,90.5,1.85,39.3
2023-04-07 00:00:00,19565.89,0.0,0.0,9.76,90.7,2.73,20.3
2023-04-07 01:00:00,18478.77,0.0,791.67,11.15,91.9,6.95,37.1
2023-04-07 02:00:00,17326.07,0.0,7.26,13.92,86.7,3.81,55.1
2023-04-07 03:00:00,17015.27,0.0,597.61,14.05,92.3,6.61,51.8
2023-04-07 04:00:00,17104.19,0.0,9349.62,13.63,84.4,12.8,49.2
2023-04-07 05:00:00,19875.53,0.0,131.05,14.35,86.5,5.16,55.9
2023-04-07 06:00:00,21357.96,93.62,572.92,15.73,92.0,6.47,74.1
2023-04-07 07:00:00,24621.93,687.63,195.38,15.97,90.8,5.42,77.3
2023-04-07 08:00:00,24697.44,1300.19,884.12,18.74,90.0,7.09,66.8
2023-04-07 09:00:00,25392.69,2467.92,0.25,19.79,81.1,3.27,46.6
2023-04-07 10:00:00,25800.94,3643.08,2.05,21.14,82.2,3.53,34.8
2023-04-07 11:00:00,26565.5,3895.68,2581.95,22.58,73.1,8.76,38.7
2023-04-07 12:00:00,26506.89,4498.51,1446.41,23.57,70.9,7.83,33.4
2023-04-07 13:00:00,25593.35,4222.54,1109.38,24.79,75.9,7.36,38.9
2023-04-07 14:00:00,25218.67,4005.78,897.6,24.1,70.6,7.02,34.8
2023-04-07 15:00:00,25722.88,3888.87,21.97,23.23,75.7,4.2,25.1
2023-04-07 16:00:00,26801.93,3392.22,574.57,21.5,71.9,6.56,15.2
2023-04-07 17:00:00,27522.89,1856.24,6.65,21.24,66.7,3.8,39.3
2023-04-07 18:00:00,28304.98,860.6,0.0,21.05,84.3,1.49,52.4
2023-04-07 19:00:00,28297.76,126.72,27.62,20.25,89.8,4.29,74.1
2023-04-07 20:00:00,27225.17,0.0,0.0,20.61,90.7,2.64,78.9
2023-04-07 21:00:00,25542.56,0.0,89.26,18.95,79.7,4.87,71.4
2023-04-07 22:00:00,22879.92,0.0,40.82,18.05,89.6,4.45,85.9
2023-04-07 23:00:00,21015.6,0.0,893.71,15.28,92.9,7.12,82.4
2023-04-08 00:00:00,14758.98,0.0,215.76,13.75,94.0,5.49,82.3
2023-04-08 01:00:00,15581.69,0.0,2235.71,13.49,99.0,8.52,79.1
2023-04-08 02:00:00,14509.43,0.0,828.45,13.64,87.2,6.97,41.5
2023-04-08 03:00:00,14079.17,0.0,9401.48,12.82,93.6,11.76,62.9
2023-04-08 04:00:00,15115.85,0.0,0.76,12.6,97.7,3.38,68.5
2023-04-08 05:00:00,16561.32,0.0,2028.37,11.14,99.0,8.35,71.4
2023-04-08 06:00:00,19251.9,135.73,1659.23,11.35,84.1,8.01,69.3
2023-04-08 07:00:00,21311.51,662.36,9295.91,13.2,92.5,12.09,70.1
2023-04-08 08:00:00,22472.9,1512.03,116.2,14.81,85.0,5.03,61.7
2023-04-08 09:00:00,22064.83,1812.89,24.41,16.4,91.9,4.21,68.9
2023-04-08 10:00:00,22805.39,2932.26,0.0,17.47,83.4,2.77,52.1
2023-04-08 11:00:00,22301.14,3269.28,0.3,18.42,84.1,3.28,55.3
2023-04-08 12:00:00,22628.94,3101.31,90.81,18.49,77.4,4.88,62.6
2023-04-08 13:00:00,22091.95,3307.48,1616.58,19.87,81.9,8.0,59.9
2023-04-08 14:00:00,21179.22,2833.11,0.0,20.63,87.7,2.88,64.3
2023-04-08 15:00:00,21968.46,2912.31,0.0,21.14,85.0,1.74,51.9
2023-04-08 16:00:00,23281.66,2596.69,0.0,20.17,81.0,2.78,41.3
2023-04-08 17:00:00,23983.59,1656.03,0.0,17.15,78.2,1.3,46.3
2023-04-08 18:00:00,25351.04,883.03,4447.22,17.58,90.5,9.9,56.1
2023-04-08 19:00:00,23970.54,283.53,2808.43,15.96,85.1,8.99,34.1
2023-04-08 20:00:00,24207.18,0.0,9.87,13.8,87.1,3.92,43.4
2023-04-08 21:00:00,22289.26,0.0,4.98,13.33,79.0,3.73,38.9
2023-04-08 22:00:00,20232.25,0.0,5794.8,11.61,93.3,10.54,39.1
2023-04-08 23:00:00,17413.06,0.0,0.0,11.61,83.8,0.93,25.5
2023-04-09 00:00:00,16106.81,0.0,1133.17,11.42,86.2,7.38,19.4
2023-04-09 01:00:00,14806.67,0.0,8128.35,11.29,89.4,11.51,35.8
2023-04-09 02:00:00,15401.85,0.0,830.0,9.16,99.0,6.94,39.1
2023-04-09 03:00:00,15009.78,0.0,0.0,10.27,90.4,1.63,37.0
2023-04-09 04:00:00,15172.85,0.0,58.59,10.59,90.7,4.65,38.4
2023-04-09 05:00:00,17429.12,0.0,8355.01,10.52,99.0,11.67,46.8
2023-04-09 06:00:00,17880.12,251.79,0.0,11.33,90.9,1.83,53.7
2023-04-09 07:00:00,21997.14,897.69,210.8,10.26,98.3,5.5,53.5
2023-04-09 08:00:00,22685.47,1312.92,2538.56,11.88,95.4,8.71,67.4
2023-04-09 09:00:00,23214.28,1599.86,2843.35,11.97,94.8,9.05,78.1
2023-04-09 10:00:00,23238.35,1966.86,150.06,11.78,99.0,5.23,80.9
2023-04-09 11:00:00,24180.43,2366.55,0.0,11.4,99.0,3.01,79.0
2023-04-09 12:00:00,22666.26,2142.13,246.0,13.85,99.0,5.67,84.6
2023-04-09 13:00:00,22592.28,2276.05,0.0,14.07,99.0,2.83,85.4
2023-04-09 14:00:00,22472.3,1554.21,0.0,16.41,95.6,2.64,95.1
2023-04-09 15:00:00,22429.87,1200.6,1176.06,16.05,94.6,7.43,100.0
2023-04-09 16:00:00,22754.74,1421.88,0.0,14.1,96.1,1.75,84.4
2023-04-09 17:00:00,24724.52,1307.92,0.0,12.6,90.7,0.5,68.4
2023-04-09 18:00:00,25321.27,889.38,2.89,13.46,91.0,3.6,59.0
2023-04-09 19:00:00,24518.41,210.67,117.89,12.46,94.9,5.04,70.8
2023-04-09 20:00:00,24503.12,0.0,932.66,10.87,96.3,7.17,50.6
2023-04-09 21:00:00,23461.28,0.0,1953.75,10.0,87.3,8.3,56.4
2023-04-09 22:00:00,22138.02,0.0,1082.06,9.48,95.1,7.39,61.2
2023-04-09 23:00:00,18905.22,0.0,1111.28,9.68,98.3,7.35,75.0
2023-04-10 00:00:00,19833.41,0.0,1641.98,10.53,99.0,7.95,75.3
2023-04-10 01:00:00,20270.37,0.0,103.45,9.32,92.8,4.97,57.3
2023-04-10 02:00:00,20334.4,0.0,346.58,7.36,98.1,5.96,46.1
2023-04-10 03:00:00,20634.05,0.0,1566.18,6.81,94.4,7.86,33.6
2023-04-10 04:00:00,20198.69,0.0,0.0,7.34,97.5,3.05,30.3
2023-04-10 05:00:00,21724.07,0.0,140.42,6.83,96.7,5.16,31.6
2023-04-10 06:00:00,24918.42,317.45,296.06,6.66,92.4,5.84,21.0
2023-04-10 07:00:00,27298.14,1024.1,586.69,8.22,93.1,6.58,43.3
2023-04-10 08:00:00,27918.17,2112.78,346.34,9.47,82.7,5.92,29.4
2023-04-10 09:00:00,27311.49,2426.97,1348.02,10.89,94.0,7.61,49.2
2023-04-10 10:00:00,26699.65,2555.64,143.57,11.43,98.3,5.19,64.7
2023-04-10 11:00:00,26049.21,2487.46,3669.52,12.5,90.9,9.6,74.9
2023-04-10 12:00:00,26128.43,3077.45,11.4,12.66,89.5,3.94,64.8
2023-04-10 13:00:00,25915.96,3013.1,87.99,14.63,93.6,4.87,68.3
2023-04-10 14:00:00,25259.72,3459.86,0.0,16.4,87.4,0.5,51.9
2023-04-10 15:00:00,26472.7,2516.59,0.0,14.61,87.5,3.04,63.8
2023-04-10 16:00:00,26167.03,2025.58,1951.3,13.62,90.3,8.33,62.5
2023-04-10 17:00:00,28539.31,1560.33,0.79,11.74,86.5,3.39,57.2
2023-04-10 18:00:00,29392.42,1029.07,0.0,10.59,97.4,2.93,42.9
2023-04-10 19:00:00,30101.35,335.98,196.73,9.86,80.8,5.46,15.2
2023-04-10 20:00:00,30166.56,0.0,0.0,7.44,89.8,1.76,8.1
2023-04-10 21:00:00,29031.33,0.0,331.26,5.6,94.9,5.96,27.6
2023-04-10 22:00:00,28710.11,0.0,45.38,3.7,99.0,4.5,26.7
2023-04-10 23:00:00,25553.25,0.0,182.12,3.26,95.4,5.41,28.6
2023-04-11 00:00:00,23696.08,0.0,3157.34,3.0,99.0,9.27,40.2
2023-04-11 01:00:00,24304.7,0.0,1746.14,1.85,99.0,8.11,64.2
2023-04-11 02:00:00,23175.69,0.0,529.55,2.0,99.0,6.45,79.6
2023-04-11 03:00:00,24243.54,0.0,1176.21,1.64,99.0,7.53,65.5
2023-04-11 04:00:00,24412.51,0.0,3192.42,1.91,96.6,9.29,41.5
2023-04-11 05:00:00,23615.23,0.0,2898.84,4.64,99.0,8.94,72.0
2023-04-11 06:00:00,24744.82,117.12,14.63,7.14,99.0,4.05,97.8
2023-04-11 07:00:00,26943.03,377.35,75.87,6.87,99.0,4.77,95.5
2023-04-11 08:00:00,26794.25,1169.69,86.45,9.18,99.0,4.85,76.0
2023-04-11 09:00:00,26427.89,1389.7,0.14,11.49,95.0,3.22,85.6
2023-04-11 10:00:00,26404.89,1930.18,0.0,11.58,99.0,0.52,81.2
2023-04-11 11:00:00,26116.28,2395.06,0.0,13.81,99.0,2.49,77.3
2023-04-11 12:00:00,26022.31,2142.56,1458.59,16.61,91.6,7.79,85.9
2023-04-11 13:00:00,24806.48,2164.86,109.16,16.14,91.9,5.04,86.8
2023-04-11 14:00:00,25396.55,2697.35,0.47,15.69,89.3,3.33,69.3
2023-04-11 15:00:00,26153.61,2509.07,175.94,17.1,90.4,5.39,64.3
2023-04-11 16:00:00,26795.99,1778.24,654.64,17.3,94.6,6.68,71.7
2023-04-11 17:00:00,27201.25,1197.13,2.21,17.46,85.7,3.55,76.4
2023-04-11 18:00:00,29220.17,625.96,53.71,17.07,85.5,4.6,77.5
2023-04-11 19:00:00,27391.47,45.02,0.0,16.48,99.0,1.27,86.6
2023-04-11 20:00:00,27186.42,0.0,451.34,13.82,95.7,6.19,79.0
2023-04-11 21:00:00,25074.37,0.0,53.65,13.77,97.5,4.6,78.9
2023-04-11 22:00:00,23291.16,0.0,207.28,13.79,83.0,5.51,36.1
2023-04-11 23:00:00,22379.87,0.0,271.33,12.27,89.2,5.71,33.5
2023-04-12 00:00:00,20264.19,0.0,1342.06,11.36,95.4,7.65,45.8
2023-04-12 01:00:00,20135.37,0.0,1072.28,8.83,95.5,7.33,42.8
2023-04-12 02:00:00,18919.9,0.0,480.3,8.95,99.0,6.27,39.2
2023-04-12 03:00:00,18790.5,0.0,0.0,9.41,88.8,2.18,29.2
2023-04-12 04:00:00,19744.31,0.0,1541.66,9.46,92.9,7.86,44.9
2023-04-12 05:00:00,20454.95,0.0,6015.85,11.14,94.7,10.76,53.3
2023-04-12 06:00:00,22445.93,214.35,2878.43,11.43,97.8,9.01,63.9
2023-04-12 07:00:00,24575.11,996.43,9704.37,12.96,89.4,13.75,42.7
2023-04-12 08:00:00,26406.2,1835.13,0.0,12.89,83.5,3.06,42.8
2023-04-12 09:00:00,26621.18,2711.14,1.93,14.06,87.9,3.53,41.5
2023-04-12 10:00:00,25363.41,3425.49,264.07,,83.5,5.71,40.3
2023-04-12 11:00:00,26068.57,4237.69,0.0,16.46,79.5,3.04,35.3
2023-04-12 12:00:00,25987.07,4520.78,0.0,17.02,80.8,0.53,34.1
2023-04-12 13:00:00,25264.36,3953.12,10.79,17.63,79.3,3.92,47.3
2023-04-12 14:00:00,25975.56,4619.79,0.0,19.02,71.3,2.9,25.9
2023-04-12 15:00:00,25570.17,3108.03,0.0,18.65,72.3,2.67,51.3
2023-04-12 16:00:00,26936.11,2231.78,5401.98,16.69,94.1,10.43,58.1
2023-04-12 17:00:00,27334.25,1578.52,0.0,18.23,87.2,2.62,57.8
2023-04-12 18:00:00,28316.72,656.13,0.0,18.95,86.2,1.81,68.9
2023-04-12 19:00:00,27977.55,219.07,0.0,16.41,83.0,2.01,50.4
2023-04-12 20:00:00,27662.43,0.0,2001.49,15.98,73.0,8.3,43.5
2023-04-12 21:00:00,25857.15,0.0,1228.79,14.11,84.3,7.58,44.0
2023-04-12 22:00:00,23060.86,0.0,0.0,13.12,96.1,2.96,62.3
2023-04-12 23:00:00,21009.69,0.0,18.44,12.23,98.0,4.1,61.4
2023-04-13 00:00:00,19401.09,0.0,2434.22,11.12,99.0,8.76,66.6
2023-04-13 01:00:00,19455.19,0.0,104.68,9.45,98.1,5.0,58.7
2023-04-13 02:00:00,19158.59,0.0,9709.01,8.21,99.0,14.31,64.6
2023-04-13 03:00:00,20096.19,0.0,1026.4,7.09,99.0,7.23,84.2
2023-04-13 04:00:00,21550.9,0.0,36.49,6.45,99.0,4.42,93.2
2023-04-13 05:00:00,22777.49,0.0,5599.1,7.01,99.0,10.4,88.2
2023-04-13 06:00:00,23798.13,133.82,127.74,7.14,99.0,5.16,92.9
2023-04-13 07:00:00,25252.42,472.44,64.26,9.08,99.0,4.67,95.8
2023-04-13 08:00:00,25941.09,685.77,61.1,12.0,99.0,4.69,97.6
2023-04-13 09:00:00,25606.84,957.34,1752.55,12.63,99.0,8.15,100.0
2023-04-13 10:00:00,25635.8,1280.61,0.0,14.2,98.1,2.77,100.0
2023-04-13 11:00:00,26174.57,1521.18,23.85,15.96,94.5,4.2,100.0
2023-04-13 12:00:00,25690.52,1561.72,0.0,17.48,99.0,0.5,100.0
2023-04-13 13:00:00,24725.58,1605.77,1448.85,18.3,96.1,7.84,97.7
2023-04-13 14:00:00,25926.51,2177.51,0.44,19.57,93.0,3.32,82.1
2023-04-13 15:00:00,25510.12,2162.06,0.0,20.19,88.8,2.54,76.2
2023-04-13 16:00:00,26066.77,1808.41,134.81,18.56,85.3,5.19,73.3
2023-04-13 17:00:00,27957.45,1673.8,523.47,19.03,82.6,6.44,51.7
2023-04-13 18:00:00,28384.9,731.99,1449.66,19.17,85.4,7.85,63.0
2023-04-13 19:00:00,27798.39,332.22,11.5,17.21,75.6,3.94,29.4
2023-04-13 20:00:00,26686.1,0.0,1992.19,16.03,85.5,8.38,65.6
2023-04-13 21:00:00,25535.55,0.0,195.87,15.47,92.3,5.44,82.9
2023-04-13 22:00:00,22878.21,0.0,0.0,13.89,99.0,2.65,77.0
2023-04-13 23:00:00,20584.12,0.0,4000.4,13.83,93.7,9.77,75.0
2023-04-14 00:00:00,17845.58,0.0,855.65,15.5,98.4,6.94,76.8
2023-04-14 01:00:00,18463.65,0.0,1258.21,13.57,92.0,7.58,67.6
2023-04-14 02:00:00,18840.62,0.0,10000.0,11.34,99.0,12.21,69.0
2023-04-14 03:00:00,18118.73,0.0,1169.73,11.39,99.0,7.38,66.1
2023-04-14 04:00:00,17919.91,0.0,0.0,12.21,98.8,1.73,64.2
2023-04-14 05:00:00,20143.49,0.0,5993.22,12.26,96.9,10.6,65.9
2023-04-14 06:00:00,21813.8,214.2,87.55,14.47,93.6,4.89,49.4
2023-04-14 07:00:00,24103.68,942.83,467.88,13.76,91.0,6.32,51.1
2023-04-14 08:00:00,25887.46,1566.12,4.21,15.54,94.6,3.68,54.1
2023-04-14 09:00:00,25527.82,2370.31,19.43,15.94,81.3,4.14,56.3
2023-04-14 10:00:00,25221.24,2980.46,874.05,18.96,84.4,6.99,54.1
2023-04-14 11:00:00,25870.66,2902.62,52.79,22.08,83.3,4.57,68.4
2023-04-14 12:00:00,26187.95,3314.28,320.33,21.88,77.4,5.91,63.1
2023-04-14 13:00:00,25546.25,3114.78,1398.26,21.77,84.2,7.8,65.4
2023-04-14 14:00:00,24911.83,2332.3,0.42,22.97,78.0,3.32,80.3
2023-04-14 15:00:00,25526.73,2219.3,117.12,22.44,81.2,5.06,76.9
2023-04-14 16:00:00,26838.34,1654.91,877.25,22.0,76.6,7.1,77.4
2023-04-14 17:00:00,27623.22,1305.07,599.91,21.35,90.9,6.54,74.1
2023-04-14 18:00:00,28191.5,532.99,140.29,18.27,91.3,5.18,87.2
2023-04-14 19:00:00,27758.79,204.2,22.77,17.21,99.0,4.21,80.8
2023-04-14 20:00:00,27499.24,0.0,64.86,15.24,99.0,4.69,93.7
2023-04-14 21:00:00,26136.27,0.0,141.3,13.45,99.0,5.19,88.3
2023-04-14 22:00:00,22458.7,0.0,85.43,13.82,93.0,4.86,74.6
2023-04-14 23:00:00,21913.88,0.0,1761.93,11.21,96.3,8.02,80.9
2023-04-15 00:00:00,16274.35,0.0,1.24,11.34,99.0,3.46,74.7
2023-04-15 01:00:00,16402.94,0.0,9606.63,10.24,99.0,13.26,80.3
2023-04-15 02:00:00,15525.35,0.0,3676.98,9.43,88.7,9.43,45.1
2023-04-15 03:00:00,15640.68,0.0,170.66,10.14,87.5,5.35,46.9
2023-04-15 04:00:00,15531.89,0.0,0.0,10.63,88.0,2.69,42.9
2023-04-15 05:00:00,16020.68,0.0,2351.89,11.67,95.0,8.58,32.1
2023-04-15 06:00:00,18854.33,295.5,2415.01,13.39,93.3,8.63,28.8
2023-04-15 07:00:00,21244.15,1207.02,9222.9,13.86,83.8,12.63,25.6
2023-04-15 08:00:00,21907.61,2263.13,17.63,14.22,84.0,4.1,29.1
2023-04-15 09:00:00,22736.73,3576.2,0.0,14.19,78.9,2.12,16.3
2023-04-15 10:00:00,23687.58,4124.1,4907.03,14.52,78.3,10.14,25.3
2023-04-15 11:00:00,22282.63,3877.31,0.16,18.97,86.4,3.23,45.8
2023-04-15 12:00:00,22626.78,3859.33,741.48,21.19,86.6,6.8,50.9
2023-04-15 13:00:00,21607.3,3385.35,0.0,20.24,79.5,0.78,61.6
2023-04-15 14:00:00,21743.36,2647.02,769.35,19.15,87.5,6.9,74.5
2023-04-15 15:00:00,22664.75,1746.87,0.0,19.82,88.3,1.43,87.5
2023-04-15 16:00:00,23015.51,969.97,442.39,20.21,91.0,6.23,100.0
2023-04-15 17:00:00,24009.44,758.38,93.11,20.24,96.2,4.93,95.0
2023-04-15 18:00:00,25566.12,579.97,6507.86,19.08,84.6,10.83,82.1
2023-04-15 19:00:00,23985.73,86.49,0.0,17.86,95.1,0.83,88.8
2023-04-15 20:00:00,23363.44,0.0,6.37,16.98,98.6,3.79,93.8
2023-04-15 21:00:00,22064.31,0.0,0.0,15.74,98.1,1.94,99.0
2023-04-15 22:00:00,19829.31,0.0,4584.49,11.96,99.0,10.02,100.0
2023-04-15 23:00:00,18562.43,0.0,862.58,10.6,99.0,7.07,100.0
2023-04-16 00:00:00,17576.87,0.0,731.13,8.95,99.0,6.84,100.0
2023-04-16 01:00:00,16475.43,0.0,4.78,8.5,99.0,3.71,91.5
2023-04-16 02:00:00,14411.31,0.0,706.68,11.4,99.0,6.78,100.0
2023-04-16 03:00:00,14427.89,0.0,422.79,11.54,99.0,6.13,100.0
2023-04-16 04:00:00,13874.25,0.0,195.57,11.24,93.1,5.45,93.9
2023-04-16 05:00:00,16657.18,0.0,3355.17,12.64,95.4,9.23,85.6
2023-04-16 06:00:00,18415.34,98.37,0.0,13.79,92.1,2.67,74.7
2023-04-16 07:00:00,20560.99,730.72,1258.41,15.07,94.7,7.53,64.1
2023-04-16 08:00:00,21096.54,1654.44,3202.49,16.71,84.1,9.14,57.3
2023-04-16 09:00:00,22699.07,2802.69,5003.52,20.0,75.0,10.27,41.2
2023-04-16 10:00:00,22203.08,3830.66,1238.39,19.66,80.2,7.59,34.0
2023-04-16 11:00:00,22754.36,3193.48,0.98,21.09,75.1,3.42,60.4
2023-04-16 12:00:00,22294.87,3021.86,268.3,20.81,75.9,5.68,69.1
2023-04-16 13:00:00,21373.3,2545.88,0.0,21.99,83.5,1.74,79.1
2023-04-16 14:00:00,22570.84,1870.85,0.0,21.25,83.2,1.36,90.9
2023-04-16 15:00:00,22785.36,1209.96,254.86,20.82,86.2,5.66,100.0
2023-04-16 16:00:00,23243.82,1617.21,1661.59,20.23,90.4,8.08,81.9
2023-04-16 17:00:00,24241.68,1449.16,0.0,20.75,86.6,0.87,64.5
2023-04-16 18:00:00,24261.13,905.95,0.0,20.86,83.5,1.55,54.2
2023-04-16 19:00:00,24791.03,274.81,240.18,18.31,87.1,5.64,49.2
2023-04-16 20:00:00,24413.93,0.0,0.08,17.12,88.7,3.18,46.9
2023-04-16 21:00:00,22004.26,0.0,641.37,15.0,77.2,6.62,43.0
2023-04-16 22:00:00,20158.06,0.0,6.38,12.34,92.4,3.77,47.6
2023-04-16 23:00:00,17680.1,0.0,0.02,10.99,90.9,3.12,49.5
2023-04-17 00:00:00,19096.34,0.0,792.99,9.92,89.6,6.92,41.9
2023-04-17 01:00:00,18280.28,0.0,5700.43,11.9,86.1,10.46,17.9
2023-04-17 02:00:00,18639.6,0.0,2079.32,11.81,75.3,8.44,11.0
2023-04-17 03:00:00,19187.74,0.0,4344.65,10.02,77.5,9.97,10.2
2023-04-17 04:00:00,19174.57,0.0,113.78,9.54,88.5,5.05,13.2
2023-04-17 05:00:00,20299.73,0.0,6432.59,11.17,83.6,10.88,5.2
2023-04-17 06:00:00,21060.32,394.32,248.29,14.18,78.1,5.61,5.8
2023-04-17 07:00:00,24481.8,1495.57,4276.15,13.25,73.9,9.86,0.0
2023-04-17 08:00:00,25883.33,2761.58,302.96,12.27,82.9,5.8,4.4
2023-04-17 09:00:00,25780.55,4119.75,10.09,15.64,76.8,3.9,0.0
2023-04-17 10:00:00,25692.58,5187.63,1.91,17.24,72.2,3.53,0.0
2023-04-17 11:00:00,25779.84,6005.83,253.11,17.36,67.0,5.65,0.0
2023-04-17 12:00:00,26148.38,6406.15,0.0,18.92,67.8,1.22,0.0
2023-04-17 13:00:00,26429.64,6402.91,4009.0,16.72,75.9,9.8,0.0
2023-04-17 14:00:00,25336.69,5545.85,0.0,17.32,79.7,2.77,10.6
2023-04-17 15:00:00,26338.43,4348.25,0.18,17.96,74.9,3.24,21.3
2023-04-17 16:00:00,25741.3,3325.1,0.0,18.9,74.8,2.46,25.1
2023-04-17 17:00:00,27471.44,2448.88,0.0,17.32,76.0,0.5,19.6
2023-04-17 18:00:00,27661.87,1182.5,557.62,16.73,80.9,6.51,29.0
2023-04-17 19:00:00,27947.95,280.14,302.73,14.79,83.2,5.84,40.9
2023-04-17 20:00:00,27558.93,0.0,2011.15,14.05,76.0,8.34,44.9
2023-04-17 21:00:00,26638.44,0.0,0.0,11.92,99.0,1.5,65.9
2023-04-17 22:00:00,23871.2,0.0,7402.13,10.39,99.0,11.11,70.6
2023-04-17 23:00:00,23035.22,0.0,104.69,8.31,99.0,5.0,80.2
2023-04-18 00:00:00,21291.15,0.0,7109.74,8.48,99.0,11.25,79.3
2023-04-18 01:00:00,20243.97,0.0,1.17,8.83,99.0,3.45,85.0
2023-04-18 02:00:00,19705.65,0.0,2998.89,8.2,99.0,9.04,72.4
2023-04-18 03:00:00,19223.99,0.0,1265.11,8.2,99.0,7.55,65.3
2023-04-18 04:00:00,20358.58,0.0,299.19,6.87,99.0,5.78,68.8
2023-04-18 05:00:00,21674.64,0.0,0.02,7.22,99.0,3.11,71.8
2023-04-18 06:00:00,23913.45,135.07,1105.22,8.13,98.4,7.41,76.4
2023-04-18 07:00:00,24371.5,423.94,0.0,12.2,99.0,1.81,87.5
2023-04-18 08:00:00,26463.35,1441.0,370.94,12.15,98.2,6.03,67.1
2023-04-18 09:00:00,25941.49,2369.66,610.56,15.08,92.7,6.56,54.4
2023-04-18 10:00:00,25892.44,2918.98,1132.11,17.4,82.2,7.45,57.8
2023-04-18 11:00:00,25071.79,3817.23,9801.69,18.78,89.4,13.68,49.3
2023-04-18 12:00:00,25712.5,2073.56,0.0,21.61,81.5,2.99,91.0
2023-04-18 13:00:00,25307.53,1973.58,0.37,22.58,90.6,3.3,93.4
2023-04-18 14:00:00,26442.63,1930.48,0.49,23.27,77.9,3.33,88.4
2023-04-18 15:00:00,25178.61,2147.38,613.05,23.14,80.1,6.55,78.7
2023-04-18 16:00:00,26394.55,1927.11,3890.37,24.11,86.1,9.73,70.6
2023-04-18 17:00:00,27945.5,1403.06,8147.78,24.55,82.4,11.58,69.7
2023-04-18 18:00:00,27786.54,796.28,5282.23,22.76,79.4,10.47,69.8
2023-04-18 19:00:00,28667.71,139.09,2923.98,20.04,81.6,9.11,63.0
2023-04-18 20:00:00,27676.95,0.0,10000.0,18.49,85.3,13.91,59.3
2023-04-18 21:00:00,24802.43,0.0,69.27,16.22,94.2,4.75,75.5
2023-04-18 22:00:00,22616.83,0.0,8969.97,14.82,99.0,11.72,90.1
2023-04-18 23:00:00,21428.25,0.0,2473.36,14.94,95.6,8.67,89.5
2023-04-19 00:00:00,19392.35,0.0,9.52,13.51,88.1,3.89,69.7
2023-04-19 01:00:00,18056.33,0.0,0.0,12.58,97.7,2.62,74.9
2023-04-19 02:00:00,18082.09,0.0,56.49,12.06,99.0,4.62,91.7
2023-04-19 03:00:00,16953.61,0.0,3574.02,12.73,98.0,9.47,100.0
2023-04-19 04:00:00,19861.61,0.0,1693.42,10.27,99.0,7.96,100.0
2023-04-19 05:00:00,20589.13,0.0,49.83,10.08,99.0,4.58,100.0
2023-04-19 06:00:00,22788.88,95.17,2363.12,11.12,99.0,8.71,100.0
2023-04-19 07:00:00,23956.35,422.92,0.73,13.46,98.6,3.38,100.0
2023-04-19 08:00:00,25130.06,724.82,3011.41,14.03,99.0,9.13,98.9
2023-04-19 09:00:00,26450.8,1187.06,2145.33,13.19,96.7,8.46,97.7
2023-04-19 10:00:00,26878.73,1292.6,10000.0,15.22,96.4,12.2,100.0
2023-04-19 11:00:00,25799.8,1677.09,0.0,15.74,97.0,2.27,96.0
2023-04-19 12:00:00,25431.61,2475.78,3640.79,15.52,99.0,9.41,81.2
2023-04-19 13:00:00,25776.55,2598.79,1.2,15.77,97.0,3.45,79.8
2023-04-19 14:00:00,26222.49,2523.85,9.44,16.25,96.2,3.9,74.6
2023-04-19 15:00:00,25530.3,2066.26,28.01,15.95,99.0,4.27,80.5
2023-04-19 16:00:00,26732.1,1946.43,241.28,13.59,99.0,5.6,72.6
2023-04-19 17:00:00,28227.59,834.06,9749.9,14.46,98.8,13.94,91.6
2023-04-19 18:00:00,28817.19,634.1,263.6,15.38,98.2,5.67,72.2
2023-04-19 19:00:00,27879.16,185.21,5076.61,15.28,99.0,10.14,85.7
2023-04-19 20:00:00,27993.49,0.0,1.56,13.0,99.0,3.49,73.4
2023-04-19 21:00:00,26438.71,0.0,92.92,11.73,99.0,4.93,50.1
2023-04-19 22:00:00,24111.7,0.0,381.92,10.67,92.9,6.06,54.1
2023-04-19 23:00:00,22240.45,0.0,102.05,10.36,92.4,4.94,51.7
2023-04-20 00:00:00,20140.14,0.0,9492.93,10.45,92.4,13.64,39.2
2023-04-20 01:00:00,19217.05,0.0,2533.62,8.96,88.1,8.73,21.4
2023-04-20 02:00:00,19994.51,0.0,693.05,8.69,91.6,6.71,25.9
2023-04-20 03:00:00,19153.42,0.0,3018.46,9.14,99.0,9.16,41.6
2023-04-20 04:00:00,19198.88,0.0,636.96,10.98,91.4,6.62,50.7
2023-04-20 05:00:00,19761.98,0.0,0.0,12.21,90.8,2.03,52.4
2023-04-20 06:00:00,21812.44,268.34,818.11,13.77,92.2,6.9,59.0
2023-04-20 07:00:00,24277.07,807.65,1111.79,14.74,89.1,7.34,58.7
2023-04-20 08:00:00,25458.65,2062.32,10000.0,17.33,74.5,13.43,41.6
2023-04-20 09:00:00,26287.69,3358.29,0.0,18.82,74.0,1.5,26.7
2023-04-20 10:00:00,26009.9,4211.94,197.93,18.9,79.3,5.5,28.1
2023-04-20 11:00:00,25887.4,4678.75,0.0,21.45,79.2,1.71,29.9
2023-04-20 12:00:00,26194.63,4434.97,0.0,22.98,70.1,2.0,43.7
2023-04-20 13:00:00,25735.69,3824.73,218.4,23.0,72.8,5.57,54.6
2023-04-20 14:00:00,26752.37,3219.02,0.0,22.73,79.9,2.44,62.4
2023-04-20 15:00:00,25877.44,2975.42,697.26,23.05,70.1,6.74,58.7
2023-04-20 16:00:00,26918.44,2835.86,58.67,23.21,72.3,4.66,42.2
2023-04-20 17:00:00,27919.94,1751.51,0.0,22.74,69.5,2.45,49.2
2023-04-20 18:00:00,27278.15,897.86,80.75,22.12,84.7,4.81,56.7
2023-04-20 19:00:00,27494.0,285.25,0.0,22.78,68.1,0.5,28.3
2023-04-20 20:00:00,26612.34,0.0,3176.93,22.49,76.6,9.12,22.0
2023-04-20 21:00:00,24425.16,0.0,0.0,21.1,75.5,0.85,18.2
2023-04-20 22:00:00,22422.13,0.0,0.0,20.54,70.8,0.95,24.5
2023-04-20 23:00:00,19583.6,0.0,965.24,17.85,71.5,7.22,19.1
2023-04-21 00:00:00,17718.8,0.0,10000.0,17.2,77.0,13.41,23.3
2023-04-21 01:00:00,17508.71,0.0,5541.3,18.12,76.5,10.36,25.1
2023-04-21 02:00:00,17792.29,0.0,94.67,16.99,80.4,4.93,27.3
2023-04-21 03:00:00,16359.22,0.0,44.01,15.52,76.8,4.5,22.5
2023-04-21 04:00:00,16963.52,0.0,1539.2,14.67,83.2,7.91,19.2
2023-04-21 05:00:00,19073.18,0.0,4474.34,13.72,80.6,9.87,11.1
2023-04-21 06:00:00,21708.36,286.74,211.82,13.47,81.1,5.5,21.4
2023-04-21 07:00:00,23560.79,1233.44,300.31,13.97,81.8,5.79,32.8
2023-04-21 08:00:00,25447.38,2429.1,0.0,13.52,83.0,2.81,26.7
2023-04-21 09:00:00,25526.99,,0.0,14.82,84.2,2.89,48.8
2023-04-21 10:00:00,25966.45,3475.43,347.8,17.09,83.9,5.95,46.3
2023-04-21 11:00:00,26108.57,3061.56,0.0,17.22,88.8,1.76,66.2
2023-04-21 12:00:00,25631.26,3817.24,0.0,19.92,83.6,2.5,57.6
2023-04-21 13:00:00,25330.01,4918.35,0.0,21.18,81.8,2.59,33.5
2023-04-21 14:00:00,25101.21,4258.81,19.49,22.7,74.0,4.12,41.4
2023-04-21 15:00:00,25723.21,3511.76,0.0,21.98,80.9,0.5,46.5
2023-04-21 16:00:00,25878.51,2682.28,49.45,22.65,77.3,4.55,48.4
2023-04-21 17:00:00,28196.26,,4092.87,20.81,76.4,9.76,42.0
2023-04-21 18:00:00,27525.94,1118.29,0.0,20.95,77.1,0.5,43.7
2023-04-21 19:00:00,27504.66,304.64,427.26,20.02,77.6,6.19,39.4
2023-04-21 20:00:00,27190.69,0.0,2520.71,19.34,79.6,8.7,38.1
2023-04-21 21:00:00,24972.4,0.0,26.25,16.64,81.5,4.26,50.7
2023-04-21 22:00:00,23277.46,,0.0,14.34,83.6,2.99,54.0
2023-04-21 23:00:00,21459.63,0.0,0.0,13.83,94.7,2.14,61.9
2023-04-22 00:00:00,16196.38,0.0,1497.87,11.96,97.5,7.75,58.7
2023-04-22 01:00:00,14563.36,0.0,992.62,11.72,96.2,7.17,54.6
2023-04-22 02:00:00,14900.23,0.0,72.6,9.72,93.3,4.74,41.3
2023-04-22 03:00:00,14861.41,0.0,5084.02,10.57,94.0,10.15,39.0
2023-04-22 04:00:00,16075.07,0.0,2890.02,9.39,86.1,8.95,1.6
2023-04-22 05:00:00,17488.5,0.0,113.4,10.57,84.7,5.01,1.4
2023-04-22 06:00:00,18428.06,325.99,2703.85,12.08,77.5,8.83,7.3
2023-04-22 07:00:00,21088.32,1299.8,31.11,12.31,79.5,4.32,20.3
2023-04-22 08:00:00,22097.94,2428.1,1236.67,14.17,80.0,7.5,21.7
2023-04-22 09:00:00,22225.01,3316.28,0.0,15.71,81.5,2.54,30.4
2023-04-22 10:00:00,23149.27,5101.87,893.93,16.35,74.1,7.04,7.7
2023-04-22 11:00:00,22522.2,5646.88,0.0,16.43,68.8,3.06,13.1
2023-04-22 12:00:00,22564.02,6548.57,187.63,15.36,81.4,5.44,0.0
2023-04-22 13:00:00,22555.33,6586.77,0.0,16.73,71.5,2.04,0.0
2023-04-22 14:00:00,22868.0,6136.75,582.1,15.67,74.8,6.53,0.0
2023-04-22 15:00:00,22373.88,4538.36,0.0,16.21,83.3,0.62,19.9
2023-04-22 16:00:00,23577.52,3350.35,0.0,16.01,71.5,1.85,29.0
2023-04-22 17:00:00,24982.18,2198.2,0.0,16.54,79.0,2.15,32.9
2023-04-22 18:00:00,24906.3,1208.89,0.0,15.64,81.5,0.66,35.8
2023-04-22 19:00:00,24493.29,275.25,1024.15,14.48,81.9,7.29,30.0
2023-04-22 20:00:00,24759.26,0.0,9234.95,14.34,82.0,12.79,27.0
2023-04-22 21:00:00,22741.65,0.0,1865.3,13.62,91.7,8.27,35.9
2023-04-22 22:00:00,19948.25,0.0,4040.14,12.85,86.2,9.7,22.1
2023-04-22 23:00:00,18002.2,0.0,0.0,12.3,91.0,1.2,33.6
2023-04-23 00:00:00,16175.92,0.0,0.73,9.88,90.3,3.38,31.9
2023-04-23 01:00:00,16242.3,0.0,1012.95,10.11,87.5,7.22,45.1
2023-04-23 02:00:00,14307.27,0.0,10000.0,10.4,87.7,14.02,58.3
2023-04-23 03:00:00,16069.87,0.0,1907.83,9.16,86.6,8.26,38.3
2023-04-23 04:00:00,15658.36,0.0,329.68,9.17,93.1,5.9,33.8
2023-04-23 05:00:00,16570.76,0.0,8.33,9.73,89.1,3.86,26.5
2023-04-23 06:00:00,18491.23,395.61,5.47,10.46,82.7,3.74,8.7
2023-04-23 07:00:00,21213.99,1534.23,147.15,11.94,78.4,5.25,2.3
2023-04-23 08:00:00,22413.93,2010.01,1622.51,14.76,93.0,7.88,38.4
2023-04-23 09:00:00,21593.38,2670.45,0.0,17.18,80.7,1.33,48.2
2023-04-23 10:00:00,21877.87,2459.01,2804.33,16.9,94.2,8.95,72.5
2023-04-23 11:00:00,22277.6,2526.49,5667.31,18.76,89.9,10.58,80.8
2023-04-23 12:00:00,22663.4,3159.2,2962.42,21.18,83.4,9.04,69.3
2023-04-23 13:00:00,22522.26,3460.29,3397.77,22.25,85.4,9.36,63.5
2023-04-23 14:00:00,22199.02,2963.69,0.0,23.8,86.0,0.5,70.0
2023-04-23 15:00:00,23404.47,2369.98,8389.85,25.97,77.2,11.65,73.9
2023-04-23 16:00:00,24105.89,2152.21,1.81,26.62,78.2,3.52,65.2
2023-04-23 17:00:00,24597.86,1921.78,2278.33,26.04,72.6,8.5,46.3
2023-04-23 18:00:00,25905.01,526.34,0.0,26.07,81.4,2.36,87.3
2023-04-23 19:00:00,24156.12,68.38,67.22,24.82,82.6,4.7,82.2
2023-04-23 20:00:00,23689.9,0.0,0.0,23.3,79.5,1.25,75.5
2023-04-23 21:00:00,21175.29,0.0,0.0,21.29,83.7,1.48,74.9
2023-04-23 22:00:00,19264.26,0.0,8001.55,21.44,81.2,11.54,70.1
2023-04-23 23:00:00,17348.36,0.0,3412.65,18.97,90.6,9.27,70.2
2023-04-24 00:00:00,18295.94,0.0,737.86,19.55,89.3,6.8,84.2
2023-04-24 01:00:00,17394.34,0.0,793.35,18.92,84.2,6.95,79.7
2023-04-24 02:00:00,17066.41,0.0,3068.49,16.48,85.8,9.09,63.2
2023-04-24 03:00:00,17168.39,0.0,267.63,16.42,75.4,5.69,60.8
2023-04-24 04:00:00,18617.31,0.0,3176.5,13.96,88.2,9.24,55.0
2023-04-24 05:00:00,19348.97,0.0,640.16,14.98,93.3,6.63,72.5
2023-04-24 06:00:00,21034.37,112.37,1352.04,16.53,93.5,7.7,84.9
2023-04-24 07:00:00,23757.89,627.11,9280.06,16.64,99.0,12.69,83.1
2023-04-24 08:00:00,24796.24,1549.02,289.07,17.75,89.6,5.8,64.8
2023-04-24 09:00:00,25042.34,2754.6,122.84,20.97,81.1,5.08,49.4
2023-04-24 10:00:00,24705.39,3409.46,4409.51,21.36,72.2,9.93,50.7
2023-04-24 11:00:00,25692.28,3587.35,3736.61,21.11,78.9,9.57,55.7
2023-04-24 12:00:00,25171.53,4050.08,9566.01,23.57,74.0,13.62,51.6
2023-04-24 13:00:00,26302.3,4296.89,119.23,26.25,67.8,5.08,46.7
2023-04-24 14:00:00,25972.81,4303.28,0.56,26.37,66.2,3.35,41.1
2023-04-24 15:00:00,26395.75,3641.4,0.0,27.31,61.3,2.48,42.9
2023-04-24 16:00:00,26983.56,3752.42,0.0,28.23,55.4,0.5,16.2
2023-04-24 17:00:00,28185.75,2738.21,673.03,26.48,64.4,6.66,8.1
2023-04-24 18:00:00,27743.06,1546.43,0.0,24.81,62.4,2.77,6.7
2023-04-24 19:00:00,28458.92,266.82,356.97,24.85,66.1,5.98,27.5
2023-04-24 20:00:00,27334.1,0.0,4899.68,25.16,66.1,10.18,21.5
2023-04-24 21:00:00,25176.17,0.0,8313.23,24.06,74.0,11.47,28.1
2023-04-24 22:00:00,23252.84,0.0,0.0,21.37,74.7,0.82,34.5
2023-04-24 23:00:00,20204.43,0.0,88.48,22.01,80.6,4.9,53.0
2023-04-25 00:00:00,18373.74,0.0,4412.36,20.14,81.6,9.88,68.8
2023-04-25 01:00:00,17709.36,0.0,849.33,18.58,84.2,7.04,66.9
2023-04-25 02:00:00,16667.4,0.0,3986.24,18.09,87.1,9.78,60.2
2023-04-25 03:00:00,16569.92,0.0,5815.67,19.24,89.7,10.48,52.1
2023-04-25 04:00:00,17218.65,0.0,513.84,19.88,86.4,6.42,50.0
2023-04-25 05:00:00,18194.06,0.0,243.41,20.32,81.3,5.66,45.8
2023-04-25 06:00:00,22003.39,188.49,423.34,21.1,80.6,6.21,54.0
2023-04-25 07:00:00,23872.35,908.56,1274.41,21.65,86.2,7.58,59.6
2023-04-25 08:00:00,25147.48,1521.41,111.05,22.95,83.7,5.0,66.6
2023-04-25 09:00:00,26538.49,1686.44,1857.18,20.94,77.7,8.23,80.8
2023-04-25 10:00:00,25304.33,1399.76,4370.91,21.57,86.6,9.89,100.0
2023-04-25 11:00:00,26614.89,1743.92,0.98,22.75,89.8,3.42,97.0
2023-04-25 12:00:00,26068.4,1760.88,7345.16,22.24,82.7,11.25,100.0
2023-04-25 13:00:00,26070.41,1919.5,258.03,23.27,83.8,5.68,95.8
2023-04-25 14:00:00,25397.55,1643.86,2263.85,23.35,85.5,8.53,100.0
2023-04-25 15:00:00,26182.52,1363.44,0.0,25.3,84.6,1.17,100.0
2023-04-25 16:00:00,27038.11,1139.48,0.0,26.61,82.6,2.61,100.0
2023-04-25 17:00:00,28400.21,807.64,0.31,25.28,84.5,3.29,100.0
2023-04-25 18:00:00,28554.51,420.15,0.5,24.06,90.1,3.34,97.8
2023-04-25 19:00:00,27570.45,136.5,0.0,22.72,82.2,2.47,76.4
2023-04-25 20:00:00,26569.35,0.0,3267.9,20.82,83.8,9.21,73.8
2023-04-25 21:00:00,25093.33,0.0,123.49,19.6,85.8,5.08,90.4
2023-04-25 22:00:00,22463.42,0.0,9802.7,17.32,96.6,12.32,82.9
2023-04-25 23:00:00,21139.11,0.0,831.94,14.78,95.0,6.98,89.4
2023-04-26 00:00:00,18881.69,0.0,2.77,14.63,95.1,3.59,95.8
2023-04-26 01:00:00,18111.66,0.0,891.46,14.47,98.6,7.12,87.9
2023-04-26 02:00:00,17710.87,0.0,9957.77,12.98,99.0,15.85,100.0
2023-04-26 03:00:00,16938.59,0.0,1161.65,13.73,89.7,7.43,60.3
2023-04-26 04:00:00,18191.03,0.0,0.0,13.08,90.1,1.5,45.4
2023-04-26 05:00:00,18359.19,0.0,9706.89,13.76,84.4,11.96,36.0
2023-04-26 06:00:00,21476.44,285.96,41.59,15.34,91.0,4.48,28.9
2023-04-26 07:00:00,23529.34,1187.99,1581.0,16.16,82.2,7.92,36.5
2023-04-26 08:00:00,24802.42,1982.33,393.16,17.7,84.4,6.14,42.7
2023-04-26 09:00:00,25391.5,2709.44,34.32,18.22,75.1,4.36,49.3
2023-04-26 10:00:00,25762.23,3163.51,4.76,19.14,80.2,3.71,57.6
2023-04-26 11:00:00,25889.46,4145.65,4899.66,19.99,75.2,10.2,46.3
2023-04-26 12:00:00,26055.61,4956.75,3883.93,20.1,72.3,9.53,33.2
2023-04-26 13:00:00,25421.75,4608.29,78.45,20.65,79.0,4.78,41.0
2023-04-26 14:00:00,25354.22,4723.5,0.0,19.43,81.8,2.67,35.5
2023-04-26 15:00:00,25071.97,4727.12,0.0,19.15,75.4,1.16,19.5
2023-04-26 16:00:00,25730.58,3142.18,0.0,18.8,77.7,1.77,35.8
2023-04-26 17:00:00,27629.18,1684.31,88.12,18.18,81.8,4.85,55.3
2023-04-26 18:00:00,28497.52,655.42,0.74,17.3,94.8,3.38,74.4
2023-04-26 19:00:00,27755.37,196.12,0.0,16.39,99.0,0.92,74.8
2023-04-26 20:00:00,27342.14,0.0,118.39,15.91,94.3,5.05,80.3
2023-04-26 21:00:00,24609.46,0.0,1626.74,15.74,99.0,7.9,94.2
2023-04-26 22:00:00,23266.23,0.0,5198.28,13.83,98.6,10.26,82.2
2023-04-26 23:00:00,21025.32,0.0,833.45,11.43,99.0,7.0,92.7
2023-04-27 00:00:00,19724.05,0.0,2154.89,9.67,99.0,8.51,91.8
2023-04-27 01:00:00,19535.13,0.0,265.26,8.59,99.0,5.7,98.8
2023-04-27 02:00:00,19686.1,0.0,752.09,7.96,99.0,6.84,96.2
2023-04-27 03:00:00,20269.47,0.0,2822.93,7.19,99.0,8.93,100.0
2023-04-27 04:00:00,21255.46,0.0,2583.54,6.21,99.0,8.87,100.0
2023-04-27 05:00:00,22346.57,0.0,407.95,6.54,98.9,6.17,80.8
2023-04-27 06:00:00,24363.47,201.27,784.14,7.86,99.0,6.91,95.6
2023-04-27 07:00:00,26423.43,737.49,7338.77,9.84,99.0,11.27,79.7
2023-04-27 08:00:00,26658.89,857.59,935.15,10.65,97.8,7.11,92.2
2023-04-27 09:00:00,26743.42,1497.3,772.54,11.73,96.6,6.89,87.1
2023-04-27 10:00:00,26450.47,1428.89,1725.47,12.25,99.0,8.03,97.8
2023-04-27 11:00:00,26238.93,1591.56,0.0,13.71,99.0,1.9,100.0
2023-04-27 12:00:00,26687.64,1635.15,109.32,14.1,99.0,5.04,100.0
2023-04-27 13:00:00,26195.83,1670.49,6587.63,15.85,93.9,10.8,100.0
2023-04-27 14:00:00,25620.01,1546.37,1.52,14.67,99.0,3.48,100.0
2023-04-27 15:00:00,26201.98,2391.32,0.0,14.83,99.0,2.92,76.0
2023-04-27 16:00:00,26903.49,1872.99,184.6,15.4,88.5,5.37,75.3
2023-04-27 17:00:00,27476.88,1640.89,0.0,15.48,95.2,2.47,59.9
2023-04-27 18:00:00,27612.34,891.79,162.69,18.0,82.0,5.31,61.8
2023-04-27 19:00:00,28116.64,328.78,0.0,17.52,86.8,2.32,47.7
2023-04-27 20:00:00,27400.0,0.0,372.13,15.35,81.7,6.04,34.8
2023-04-27 21:00:00,25850.05,0.0,590.66,14.16,85.8,6.54,56.9
2023-04-27 22:00:00,23757.0,0.0,183.82,11.12,95.9,5.39,69.9
2023-04-27 23:00:00,22619.63,0.0,177.88,10.13,99.0,5.41,68.5
2023-04-28 00:00:00,20760.07,0.0,49.01,8.68,99.0,4.57,69.4
2023-04-28 01:00:00,19042.06,0.0,191.7,9.22,99.0,5.44,65.1
2023-04-28 02:00:00,18789.19,0.0,740.73,8.35,99.0,6.86,71.2
2023-04-28 03:00:00,19306.22,0.0,99.74,8.29,95.0,4.94,61.5
2023-04-28 04:00:00,20112.38,0.0,3683.49,7.98,98.1,9.48,73.1
2023-04-28 05:00:00,20191.3,0.0,2245.95,10.63,93.0,8.56,68.3
2023-04-28 06:00:00,23403.27,308.42,69.14,11.17,92.3,4.76,62.1
2023-04-28 07:00:00,24360.98,893.04,0.0,14.32,95.8,2.9,61.9
2023-04-28 08:00:00,24834.66,1787.89,0.0,16.39,88.9,0.5,54.4
2023-04-28 09:00:00,24578.35,2508.35,594.2,18.12,83.2,6.49,58.8
2023-04-28 10:00:00,25905.76,3418.07,0.02,19.69,81.5,3.12,52.3
2023-04-28 11:00:00,26345.03,3609.57,0.0,21.19,86.6,0.5,58.7
2023-04-28 12:00:00,26538.7,3004.19,6.55,19.95,94.0,3.78,73.2
2023-04-28 13:00:00,25408.91,3661.49,6302.38,20.43,84.1,10.92,62.8
2023-04-28 14:00:00,26174.9,3490.34,442.05,21.88,69.9,6.17,60.7
2023-04-28 15:00:00,25088.48,2756.33,1811.13,21.97,82.9,8.15,66.0
2023-04-28 16:00:00,26145.24,2382.73,0.0,20.24,86.4,1.65,59.9
2023-04-28 17:00:00,27043.52,1570.62,0.0,19.78,85.5,0.96,65.3
2023-04-28 18:00:00,28556.45,647.12,0.0,20.97,87.3,0.5,71.1
2023-04-28 19:00:00,27214.52,146.21,7362.53,21.31,88.2,11.08,82.6
2023-04-28 20:00:00,26980.79,0.0,7.96,19.96,81.2,3.85,72.4
2023-04-28 21:00:00,24541.18,0.0,191.19,19.66,79.8,5.4,59.4
2023-04-28 22:00:00,23391.63,0.0,138.78,17.85,83.6,5.21,55.6
2023-04-28 23:00:00,20338.36,0.0,2062.64,14.69,90.8,8.34,44.3
2023-04-29 00:00:00,15704.09,0.0,120.36,12.88,88.1,5.09,52.7
2023-04-29 01:00:00,13668.03,0.0,913.26,13.89,88.2,7.03,39.4
2023-04-29 02:00:00,13513.41,0.0,9384.77,13.05,96.4,16.37,69.7
2023-04-29 03:00:00,13871.48,0.0,555.49,12.59,99.0,6.48,83.9
2023-04-29 04:00:00,15057.68,0.0,1058.25,12.41,98.7,7.28,81.0
2023-04-29 05:00:00,15951.96,0.0,748.07,14.98,90.2,6.77,88.7
2023-04-29 06:00:00,18297.84,174.99,3449.67,17.42,90.5,9.42,65.4
2023-04-29 07:00:00,19720.62,439.23,44.43,20.63,99.0,4.5,94.8
2023-04-29 08:00:00,22028.09,1121.58,0.67,21.26,89.9,3.37,83.3
2023-04-29 09:00:00,21958.55,1732.05,1611.13,22.5,81.1,7.99,78.9
2023-04-29 10:00:00,22036.35,3352.35,73.64,21.75,74.8,4.75,54.2
2023-04-29 11:00:00,22486.26,3407.48,4043.29,24.33,73.3,9.82,60.5
2023-04-29 12:00:00,22376.21,4447.41,389.3,23.75,82.5,6.06,47.0
2023-04-29 13:00:00,22672.72,4273.09,140.25,24.56,72.7,5.19,49.5
2023-04-29 14:00:00,22618.23,4381.33,0.0,23.64,71.3,0.8,44.1
2023-04-29 15:00:00,22579.91,4199.77,589.84,23.04,71.3,6.54,32.8
2023-04-29 16:00:00,23184.97,3444.43,421.89,21.89,70.6,6.13,26.2
2023-04-29 17:00:00,24920.37,2319.57,299.88,20.73,81.4,5.83,32.8
2023-04-29 18:00:00,25113.68,1336.72,0.0,19.41,69.9,3.06,20.5
2023-04-29 19:00:00,24304.18,397.48,5900.48,17.88,79.7,10.75,16.0
2023-04-29 20:00:00,23663.39,0.0,14.52,17.74,78.9,4.02,29.1
2023-04-29 21:00:00,22669.55,0.0,0.0,15.32,95.3,2.88,63.8
2023-04-29 22:00:00,19165.19,0.0,10000.0,14.43,99.0,14.02,68.9
2023-04-29 23:00:00,16911.0,0.0,2240.5,14.7,89.9,8.5,56.6
2023-04-30 00:00:00,16057.99,0.0,322.39,13.35,89.1,5.9,52.3
2023-04-30 01:00:00,14931.76,0.0,9764.46,11.84,93.0,12.04,53.4
2023-04-30 02:00:00,15142.46,0.0,0.73,11.19,92.4,3.38,49.8
2023-04-30 03:00:00,14855.04,0.0,0.76,12.41,87.4,3.38,61.6
2023-04-30 04:00:00,13992.0,0.0,2109.4,12.8,99.0,8.42,63.8
2023-04-30 05:00:00,16005.7,0.0,20.44,12.69,97.7,4.17,74.0
2023-04-30 06:00:00,18787.87,224.31,7824.0,14.01,88.8,11.35,68.4
2023-04-30 07:00:00,20839.38,687.88,4016.48,13.79,89.2,9.68,83.0
2023-04-30 08:00:00,21032.13,1276.18,48.01,15.76,84.2,4.52,78.1
2023-04-30 09:00:00,21978.08,2340.37,4546.53,17.48,90.6,9.89,64.0
2023-04-30 10:00:00,22757.51,1842.64,0.0,18.37,90.2,1.22,89.5
2023-04-30 11:00:00,23074.42,3336.29,204.73,18.62,84.1,5.5,63.8
2023-04-30 12:00:00,22322.88,4134.6,4838.66,18.71,85.3,10.14,54.3
2023-04-30 13:00:00,22317.7,4398.4,2027.84,20.18,77.5,8.27,47.2
2023-04-30 14:00:00,21834.26,2645.43,1.19,22.09,86.9,3.44,78.6
2023-04-30 15:00:00,22706.43,1462.39,0.0,21.55,90.7,1.97,97.9
2023-04-30 16:00:00,23541.34,1145.35,0.0,21.92,90.0,2.26,100.0
2023-04-30 17:00:00,24445.69,722.5,76.29,19.15,87.9,4.79,100.0
2023-04-30 18:00:00,24747.16,393.27,241.48,17.89,92.7,5.65,100.0
2023-04-30 19:00:00,24621.7,102.86,0.0,17.03,99.0,0.75,100.0
2023-04-30 20:00:00,24075.6,0.0,65.57,15.03,97.2,4.73,100.0
2023-04-30 21:00:00,22420.89,0.0,2677.57,12.97,99.0,8.93,100.0
2023-04-30 22:00:00,20832.21,0.0,228.72,11.26,99.0,5.59,100.0
2023-04-30 23:00:00,18454.67,0.0,3.6,10.71,99.0,3.65,100.0
2023-05-01 00:00:00,20639.68,0.0,9478.83,9.98,99.0,12.5,94.2
2023-05-01 01:00:00,21096.9,0.0,93.0,7.01,99.0,4.93,97.1
2023-05-01 02:00:00,21718.35,0.0,4049.74,4.58,99.0,9.67,96.9
2023-05-01 03:00:00,22725.77,0.0,41.37,4.25,99.0,4.47,91.8
2023-05-01 04:00:00,21838.2,0.0,479.53,5.42,99.0,6.28,100.0
2023-05-01 05:00:00,24762.97,0.0,654.13,3.33,99.0,6.68,64.6
2023-05-01 06:00:00,25961.73,259.95,619.03,4.15,99.0,6.56,69.9
2023-05-01 07:00:00,28520.36,674.24,523.07,5.16,99.0,6.44,77.1
2023-05-01 08:00:00,28579.37,1014.24,8.16,8.45,99.0,3.86,88.6
2023-05-01 09:00:00,26282.15,1583.83,310.43,9.74,99.0,5.84,84.1
2023-05-01 10:00:00,25641.78,2059.69,160.16,11.87,99.0,5.26,83.5
2023-05-01 11:00:00,26787.38,2013.74,0.0,13.6,99.0,2.81,92.3
2023-05-01 12:00:00,26613.71,1734.3,9273.7,12.63,99.0,12.98,100.0
2023-05-01 13:00:00,26100.15,1906.57,2238.09,14.74,98.3,8.44,96.7
2023-05-01 14:00:00,25290.16,1927.64,2379.43,15.87,93.0,8.71,95.3
2023-05-01 15:00:00,24765.33,1332.05,382.47,16.98,92.0,6.09,100.0
2023-05-01 16:00:00,25925.61,1915.82,0.0,21.45,82.1,1.8,79.1
2023-05-01 17:00:00,28202.0,1553.74,150.13,18.73,88.2,5.22,68.3
2023-05-01 18:00:00,27996.78,589.18,1597.32,20.04,91.2,7.96,84.7
2023-05-01 19:00:00,27600.68,135.46,0.0,18.78,95.8,0.86,94.6
2023-05-01 20:00:00,25616.77,0.0,178.37,18.01,89.0,5.37,96.5
2023-05-01 21:00:00,24330.35,0.0,88.63,16.77,94.1,4.91,86.5
2023-05-01 22:00:00,23333.43,0.0,5.73,15.11,88.9,3.75,72.5
2023-05-01 23:00:00,20678.32,0.0,177.81,13.39,94.8,5.37,63.7
2023-05-02 00:00:00,19323.82,0.0,9772.59,13.08,99.0,14.17,81.4
2023-05-02 01:00:00,18540.72,0.0,2589.68,10.73,94.1,8.7,71.1
2023-05-02 02:00:00,17515.25,0.0,160.2,11.25,99.0,5.32,70.7
2023-05-02 03:00:00,18158.4,0.0,1467.45,10.74,99.0,7.77,60.1
2023-05-02 04:00:00,18829.49,0.0,89.45,9.79,99.0,4.89,70.0
2023-05-02 05:00:00,20226.08,0.0,1306.38,9.98,96.9,7.65,62.1
2023-05-02 06:00:00,21733.84,192.35,6665.85,12.34,92.6,10.89,60.4
2023-05-02 07:00:00,24476.15,1180.57,719.57,12.87,87.1,6.76,39.9
2023-05-02 08:00:00,25308.21,2663.19,1808.47,14.57,78.2,8.08,22.7
2023-05-02 09:00:00,25411.11,3541.4,179.43,15.13,82.6,5.35,27.0
2023-05-02 10:00:00,26623.59,5016.06,232.65,17.36,70.9,5.59,14.9
2023-05-02 11:00:00,26106.08,4268.91,705.73,19.37,72.6,6.78,45.3
2023-05-02 12:00:00,25779.82,5786.18,1513.22,22.45,71.0,7.84,22.1
2023-05-02 13:00:00,25507.17,6071.86,357.6,22.94,68.2,6.01,16.8
2023-05-02 14:00:00,25882.99,5397.46,8472.61,24.09,65.5,11.67,21.9
2023-05-02 15:00:00,26153.84,4717.55,1293.56,24.26,62.4,7.59,21.9
2023-05-02 16:00:00,26325.82,4046.38,925.18,25.42,64.8,7.09,12.9
2023-05-02 17:00:00,26973.48,2917.15,1792.02,23.97,60.2,8.11,6.8
2023-05-02 18:00:00,27329.88,1547.03,0.06,23.91,62.2,3.16,1.1
2023-05-02 19:00:00,28618.17,387.11,51.39,22.53,72.6,4.58,4.5
2023-05-02 20:00:00,26599.61,0.0,326.92,21.16,77.6,5.92,34.3
2023-05-02 21:00:00,25366.43,0.0,191.84,19.89,72.2,5.42,38.1
2023-05-02 22:00:00,22690.93,0.0,3691.94,18.8,78.3,9.5,54.7
2023-05-02 23:00:00,20621.41,0.0,0.0,17.38,87.6,1.83,61.1
2023-05-03 00:00:00,18217.55,0.0,26.1,16.71,85.6,4.26,74.0
2023-05-03 01:00:00,16807.83,0.0,6154.05,17.56,73.0,10.8,38.4
2023-05-03 02:00:00,16433.4,0.0,0.0,17.94,82.3,2.95,37.1
2023-05-03 03:00:00,16642.16,0.0,75.28,18.46,85.3,4.76,55.3
2023-05-03 04:00:00,16487.75,0.0,261.8,17.8,85.1,5.72,48.7
2023-05-03 05:00:00,18441.36,0.0,2742.41,17.04,90.9,8.99,71.0
2023-05-03 06:00:00,20660.53,139.71,850.72,18.66,91.4,7.04,87.2
2023-05-03 07:00:00,23652.09,779.61,9376.57,20.37,84.3,12.24,78.0
2023-05-03 08:00:00,25007.85,1487.31,8.82,22.86,83.5,3.88,69.6
2023-05-03 09:00:00,25701.85,2652.23,3703.86,23.07,83.8,9.59,56.0
2023-05-03 10:00:00,26314.61,3591.37,4.75,23.76,72.9,3.71,48.7
2023-05-03 11:00:00,25820.46,4889.66,0.02,22.84,68.7,3.12,35.0
2023-05-03 12:00:00,25089.54,4707.91,84.77,23.25,69.6,4.85,42.9
2023-05-03 13:00:00,24956.25,5597.85,0.0,25.0,64.3,0.93,27.2
2023-05-03 14:00:00,25799.98,4716.75,3.95,24.79,71.6,3.66,38.1
2023-05-03 15:00:00,25923.88,3671.6,0.89,25.53,63.7,3.4,48.0
2023-05-03 16:00:00,26604.67,3612.06,0.0,24.99,70.1,1.8,29.2
2023-05-03 17:00:00,27961.32,1886.52,1953.82,24.73,76.8,8.36,51.3
2023-05-03 18:00:00,28862.13,1006.25,12.19,22.55,71.8,3.98,58.2
2023-05-03 19:00:00,27013.62,255.33,9301.86,21.58,78.7,12.58,67.2
2023-05-03 20:00:00,26369.13,0.0,4116.84,17.06,86.7,9.8,56.9
2023-05-03 21:00:00,25204.66,0.0,0.3,15.74,89.5,3.28,64.5
2023-05-03 22:00:00,22832.43,0.0,381.99,12.84,99.0,6.06,77.2
2023-05-03 23:00:00,20164.34,0.0,919.13,13.24,95.3,7.14,73.7
2023-05-04 00:00:00,19368.98,0.0,3984.64,13.45,99.0,9.63,95.7
2023-05-04 01:00:00,17549.57,0.0,6239.46,13.29,99.0,10.87,91.7
2023-05-04 02:00:00,16649.96,0.0,1512.26,14.52,96.7,7.89,100.0
2023-05-04 03:00:00,16912.43,0.0,0.0,13.26,98.1,2.59,99.6
2023-05-04 04:00:00,17885.33,0.0,663.59,15.35,99.0,6.72,100.0
2023-05-04 05:00:00,18530.83,0.0,6555.17,16.75,91.7,10.85,76.2
2023-05-04 06:00:00,20599.66,171.66,2222.73,17.09,94.2,8.42,78.5
2023-05-04 07:00:00,23421.93,917.94,5029.79,19.2,88.3,10.15,67.1
2023-05-04 08:00:00,25178.32,1808.1,1162.22,18.93,75.4,7.49,55.9
2023-05-04 09:00:00,26001.3,1911.96,0.0,19.15,83.9,1.55,77.0
2023-05-04 10:00:00,26163.5,2625.23,9431.16,19.66,82.4,11.94,72.1
2023-05-04 11:00:00,25550.0,3647.84,4632.72,20.23,79.0,9.92,58.3
2023-05-04 12:00:00,25460.99,4222.69,0.0,20.08,79.7,1.78,54.0
2023-05-04 13:00:00,26449.59,5018.15,0.0,22.28,78.5,1.43,38.8
2023-05-04 14:00:00,25857.73,3700.42,89.23,22.48,83.9,4.86,58.3
2023-05-04 15:00:00,25633.0,3656.65,718.27,23.05,75.0,6.82,49.9
2023-05-04 16:00:00,25270.02,2566.34,3.42,22.26,78.1,3.64,57.1
2023-05-04 17:00:00,27293.53,1324.39,0.0,19.81,83.8,1.69,73.5
2023-05-04 18:00:00,27603.02,939.69,96.49,19.5,85.5,4.95,65.6
2023-05-04 19:00:00,27473.12,238.11,8.77,16.52,91.4,3.86,71.0
2023-05-04 20:00:00,26536.43,0.0,26.15,15.53,91.8,4.26,57.1
2023-05-04 21:00:00,25690.37,0.0,821.35,13.02,99.0,6.91,86.5
2023-05-04 22:00:00,23018.87,0.0,5090.12,14.28,90.4,10.14,94.3
2023-05-04 23:00:00,20258.26,0.0,743.9,14.28,97.3,6.78,87.6
2023-05-05 00:00:00,18140.35,0.0,1799.08,13.71,99.0,8.16,74.6
2023-05-05 01:00:00,17680.35,0.0,1792.89,14.41,91.8,8.09,71.1
2023-05-05 02:00:00,17378.58,0.0,1046.87,12.99,98.7,7.28,65.4
2023-05-05 03:00:00,16520.69,0.0,201.46,13.47,97.9,5.45,87.9
2023-05-05 04:00:00,17953.32,0.0,322.72,13.86,94.7,5.93,69.6
2023-05-05 05:00:00,18790.01,0.0,170.71,14.63,88.4,5.33,69.7
2023-05-05 06:00:00,21121.11,230.74,7993.67,16.77,85.2,11.36,68.1
2023-05-05 07:00:00,23701.07,845.58,3718.01,18.46,89.4,9.48,65.4
2023-05-05 08:00:00,25193.05,1669.5,683.54,19.79,87.6,6.66,63.1
2023-05-05 09:00:00,25665.72,2405.75,5104.79,19.05,84.7,10.38,61.1
2023-05-05 10:00:00,25212.93,2671.44,3646.06,19.2,82.0,9.53,71.1
2023-05-05 11:00:00,26040.56,2764.77,4892.72,20.25,87.0,10.17,76.8
2023-05-05 12:00:00,25545.14,2868.01,0.0,21.38,91.0,2.67,79.5
2023-05-05 13:00:00,25988.0,4966.99,588.56,20.93,83.8,6.56,40.5
2023-05-05 14:00:00,25962.7,4281.77,186.84,24.16,72.4,5.44,46.1
2023-05-05 15:00:00,26940.63,4588.57,624.94,25.92,60.0,6.57,27.6
2023-05-05 16:00:00,26639.93,3224.85,0.0,26.26,72.3,2.71,39.0
2023-05-05 17:00:00,28641.61,1783.8,474.43,25.66,73.7,6.34,58.9
2023-05-05 18:00:00,28500.65,1075.52,20.55,24.48,77.4,4.17,47.6
2023-05-05 19:00:00,28113.88,303.81,2025.25,22.28,77.4,8.39,45.7
2023-05-05 20:00:00,27103.47,0.0,1829.77,21.12,72.9,8.16,39.9
2023-05-05 21:00:00,25306.57,0.0,1.09,20.07,82.3,3.43,56.8
2023-05-05 22:00:00,22121.77,0.0,1.5,17.36,91.5,3.49,58.1
2023-05-05 23:00:00,20687.85,0.0,1908.27,16.56,91.9,8.21,78.7
2023-05-06 00:00:00,15123.59,0.0,796.41,15.57,90.3,6.96,81.0
2023-05-06 01:00:00,14126.6,0.0,1041.12,12.69,92.2,7.21,81.1
2023-05-06 02:00:00,14513.14,0.0,3190.97,11.37,96.8,9.13,79.1
2023-05-06 03:00:00,14261.62,0.0,5873.6,10.91,99.0,10.5,86.3
2023-05-06 04:00:00,13771.47,0.0,76.96,13.32,96.1,4.82,62.0
2023-05-06 05:00:00,16136.87,0.0,977.58,14.45,86.9,7.19,62.4
2023-05-06 06:00:00,17640.03,194.4,3968.55,13.75,98.2,9.76,61.0
2023-05-06 07:00:00,19999.17,739.67,5017.78,15.37,86.5,10.2,69.3
2023-05-06 08:00:00,22964.51,1537.54,33.27,14.87,99.0,4.37,65.6
2023-05-06 09:00:00,22006.62,2760.09,0.0,17.46,91.5,2.38,52.1
2023-05-06 10:00:00,22695.95,3410.04,0.36,18.25,84.2,3.3,52.9
2023-05-06 11:00:00,23006.17,4703.9,6143.3,19.4,72.3,10.71,40.4
2023-05-06 12:00:00,22648.4,6075.86,53.22,21.95,69.9,4.57,19.3
2023-05-06 13:00:00,22167.31,5411.88,14.97,21.3,72.8,4.04,32.6
2023-05-06 14:00:00,21983.23,4559.85,0.0,20.33,73.1,0.5,42.6
2023-05-06 15:00:00,22541.92,3612.79,0.0,20.03,81.6,0.5,49.9
2023-05-06 16:00:00,22798.9,2448.57,365.01,21.21,79.6,5.97,66.5
2023-05-06 17:00:00,24412.7,1928.77,185.86,19.18,80.6,5.4,57.4
2023-05-06 18:00:00,24855.68,1248.55,203.19,15.52,83.5,5.47,40.2
2023-05-06 19:00:00,24693.37,246.13,0.0,14.42,83.9,1.85,41.4
2023-05-06 20:00:00,24638.44,0.0,26.66,14.26,94.1,4.26,39.2
2023-05-06 21:00:00,21792.45,0.0,2576.64,14.68,81.1,8.69,31.3
2023-05-06 22:00:00,19864.58,0.0,0.88,13.16,87.7,3.41,33.4
2023-05-06 23:00:00,18070.07,0.0,5368.69,11.8,87.3,10.38,29.0
2023-05-07 00:00:00,15854.33,0.0,0.96,12.55,82.4,3.42,10.2
2023-05-07 01:00:00,15964.33,0.0,17.15,9.91,86.5,4.09,10.6
2023-05-07 02:00:00,15061.52,0.0,651.09,9.29,87.1,6.7,2.5
2023-05-07 03:00:00,15434.51,0.0,9422.53,9.63,86.6,12.5,11.9
2023-05-07 04:00:00,15463.34,0.0,214.05,10.55,84.5,5.55,9.4
2023-05-07 05:00:00,17409.19,0.0,1701.9,10.69,88.4,8.07,28.5
2023-05-07 06:00:00,19233.42,321.99,1003.92,11.73,91.8,7.28,51.2
2023-05-07 07:00:00,22646.16,858.26,1.34,10.2,93.1,3.46,60.1
2023-05-07 08:00:00,22716.64,2255.99,14.96,11.01,90.6,4.05,41.1
2023-05-07 09:00:00,22410.42,2371.12,6356.83,13.15,93.8,10.84,61.1
2023-05-07 10:00:00,23077.47,2323.23,0.0,13.65,98.4,2.88,79.6
2023-05-07 11:00:00,23220.0,2871.8,689.38,15.26,94.6,6.78,77.1
2023-05-07 12:00:00,22232.48,2306.43,7720.28,17.1,93.8,11.23,90.6
2023-05-07 13:00:00,21768.1,2790.38,0.0,17.79,90.9,1.51,80.0
2023-05-07 14:00:00,21279.34,3937.31,6.29,18.77,81.2,3.77,54.9
2023-05-07 15:00:00,22463.36,3816.66,0.0,18.16,83.3,2.34,46.0
2023-05-07 16:00:00,22849.19,2254.44,0.0,18.1,86.8,2.36,68.1
2023-05-07 17:00:00,23904.72,1989.34,0.0,18.61,82.9,1.5,48.9
2023-05-07 18:00:00,25207.34,1105.92,404.6,18.28,86.9,6.11,49.9
2023-05-07 19:00:00,24396.07,309.02,1093.71,16.88,82.3,7.3,51.2
2023-05-07 20:00:00,23488.12,0.0,821.85,16.23,87.1,6.9,45.8
2023-05-07 21:00:00,22216.94,0.0,5919.15,16.0,84.2,10.69,41.8
2023-05-07 22:00:00,20978.3,0.0,0.03,12.68,97.5,3.13,44.5
2023-05-07 23:00:00,17275.02,0.0,90.3,13.09,86.6,4.92,39.3
2023-05-08 00:00:00,18770.49,0.0,179.84,12.13,87.9,5.36,24.3
2023-05-08 01:00:00,17946.19,0.0,58.39,12.05,86.9,4.65,30.8
2023-05-08 02:00:00,17797.87,0.0,11.03,13.06,83.9,3.94,46.8
2023-05-08 03:00:00,17506.87,0.0,768.44,11.46,92.5,6.81,58.5
2023-05-08 04:00:00,18400.13,0.0,4990.11,11.01,96.3,10.15,48.6
2023-05-08 05:00:00,19898.71,0.0,9252.74,11.38,87.0,12.68,34.6
2023-05-08 06:00:00,23087.02,306.25,1.58,11.49,79.5,3.5,33.9
2023-05-08 07:00:00,24652.9,1068.8,3642.15,14.64,89.3,9.43,55.5
2023-05-08 08:00:00,24763.85,1663.57,3127.02,14.98,86.5,9.16,63.4
2023-05-08 09:00:00,26451.17,2129.86,86.16,15.78,92.2,4.85,71.1
2023-05-08 10:00:00,25261.51,2387.64,0.0,17.44,97.8,2.13,80.1
2023-05-08 11:00:00,25980.91,2623.11,10000.0,17.44,95.3,13.47,82.4
2023-05-08 12:00:00,25324.46,2799.21,431.69,18.24,96.8,6.16,80.8
2023-05-08 13:00:00,25325.26,2518.22,10000.0,19.61,87.8,12.16,85.9
2023-05-08 14:00:00,24958.82,2970.26,37.47,19.93,86.5,4.42,75.9
2023-05-08 15:00:00,26453.99,3344.67,4.46,20.22,77.7,3.7,56.7
2023-05-08 16:00:00,26236.96,2349.15,0.0,19.69,82.0,2.57,65.4
2023-05-08 17:00:00,27602.87,1279.42,10000.0,17.78,87.2,12.29,79.3
2023-05-08 18:00:00,27720.0,960.92,0.0,17.7,81.8,2.94,63.2
2023-05-08 19:00:00,27163.22,288.73,0.0,18.92,93.1,0.55,72.3
2023-05-08 20:00:00,26600.27,0.0,201.32,17.93,85.2,5.5,90.7
2023-05-08 21:00:00,25358.36,0.0,74.57,17.08,99.0,4.76,86.6
2023-05-08 22:00:00,22591.22,0.0,21.6,16.72,95.9,4.16,73.2
2023-05-08 23:00:00,21036.5,0.0,1185.8,14.23,96.3,7.42,72.8
2023-05-09 00:00:00,18436.52,0.0,211.78,15.46,85.9,5.51,64.1
2023-05-09 01:00:00,17665.09,0.0,373.79,14.94,82.7,5.99,55.9
2023-05-09 02:00:00,17224.6,0.0,0.0,16.27,86.3,2.29,61.2
2023-05-09 03:00:00,17064.65,0.0,1370.64,15.2,87.6,7.63,41.4
2023-05-09 04:00:00,17638.14,0.0,5.14,17.31,78.3,3.73,26.0
2023-05-09 05:00:00,19049.84,0.0,43.81,18.48,73.4,4.49,29.9
2023-05-09 06:00:00,21609.93,320.92,2071.25,19.65,81.3,8.45,32.9
2023-05-09 07:00:00,24122.41,1315.17,82.82,20.68,83.8,4.87,39.9
2023-05-09 08:00:00,25812.12,1626.83,0.35,21.33,81.4,3.3,64.5
2023-05-09 09:00:00,26092.98,2367.77,474.86,23.69,79.5,6.33,64.8
2023-05-09 10:00:00,26920.42,2766.94,0.04,24.82,73.0,3.15,71.0
2023-05-09 11:00:00,25758.68,3792.51,0.46,23.56,75.8,3.33,57.6
2023-05-09 12:00:00,26137.15,3626.48,299.65,23.21,82.2,5.86,66.8
2023-05-09 13:00:00,25004.38,3978.89,758.5,23.73,79.0,6.8,59.3
2023-05-09 14:00:00,26095.02,3643.49,686.29,24.53,74.6,6.67,59.9
2023-05-09 15:00:00,26007.14,3220.21,35.85,24.59,75.0,4.37,58.2
2023-05-09 16:00:00,27309.04,2171.41,23.42,25.74,75.8,4.2,70.4
2023-05-09 17:00:00,28297.78,1944.14,1118.1,23.0,76.0,7.34,53.1
2023-05-09 18:00:00,28567.9,1322.01,0.0,22.42,72.9,2.42,26.2
2023-05-09 19:00:00,27614.26,343.53,0.0,19.44,67.7,2.28,27.3
2023-05-09 20:00:00,26310.41,0.0,706.08,19.25,77.9,6.78,36.5
2023-05-09 21:00:00,25341.22,0.0,104.22,17.98,82.4,5.01,40.8
2023-05-09 22:00:00,22486.25,0.0,1467.76,17.27,83.9,7.84,57.5
2023-05-09 23:00:00,20716.57,0.0,38.61,15.21,88.5,4.41,62.7
2023-05-10 00:00:00,18091.94,0.0,146.53,15.93,85.7,5.21,55.1
2023-05-10 01:00:00,17060.76,0.0,7013.04,16.32,78.1,11.09,27.4
2023-05-10 02:00:00,16861.12,0.0,438.63,16.42,80.0,6.26,28.0
2023-05-10 03:00:00,17135.2,0.0,1305.59,16.02,85.0,7.65,43.8
2023-05-10 04:00:00,17299.44,0.0,2.39,16.74,74.3,3.56,40.7
2023-05-10 05:00:00,18513.14,0.0,21.89,16.32,86.5,4.18,43.0
2023-05-10 06:00:00,22010.26,273.95,0.0,17.97,82.1,2.26,49.7
2023-05-10 07:00:00,23737.57,1224.93,265.53,20.66,84.4,5.73,38.3
2023-05-10 08:00:00,24207.73,2015.12,9806.93,22.78,71.3,14.23,48.0
2023-05-10 09:00:00,26056.65,2265.79,4045.88,22.94,77.6,9.62,68.7
2023-05-10 10:00:00,26030.91,2998.14,594.08,24.37,77.4,6.5,65.2
2023-05-10 11:00:00,25973.29,4240.84,2470.48,23.89,76.9,8.8,50.7
2023-05-10 12:00:00,26096.99,4434.18,238.83,25.39,65.3,5.62,50.6
2023-05-10 13:00:00,26267.36,5909.27,3.76,26.5,61.7,3.66,24.6
2023-05-10 14:00:00,26468.66,5063.75,0.0,24.75,71.8,1.93,32.5
2023-05-10 15:00:00,26015.22,4065.47,292.14,23.59,69.4,5.79,40.9
2023-05-10 16:00:00,26473.69,2408.05,0.0,23.16,84.8,2.11,62.9
2023-05-10 17:00:00,27388.49,1731.11,14.96,22.4,77.8,4.03,59.8
2023-05-10 18:00:00,28977.81,893.81,1678.95,20.38,80.0,8.02,64.4
2023-05-10 19:00:00,28179.32,229.53,0.0,19.96,83.8,2.05,53.1
2023-05-10 20:00:00,27245.07,0.0,0.0,19.19,87.9,2.34,49.3
2023-05-10 21:00:00,25225.98,0.0,2.03,17.83,80.7,3.54,31.9
2023-05-10 22:00:00,23179.4,0.0,552.24,15.85,87.0,6.44,32.5
2023-05-10 23:00:00,20490.06,0.0,34.9,15.99,88.3,4.37,31.8
2023-05-11 00:00:00,18056.11,0.0,615.68,17.09,77.9,6.58,38.2
2023-05-11 01:00:00,17709.25,0.0,152.66,15.74,85.9,5.22,32.9
2023-05-11 02:00:00,18173.11,0.0,794.5,14.57,78.7,6.92,36.8
2023-05-11 03:00:00,17147.09,0.0,136.67,14.98,85.5,5.18,35.2
2023-05-11 04:00:00,18069.15,0.0,10000.0,14.74,83.5,14.18,33.8
2023-05-11 05:00:00,19574.86,0.0,671.18,15.08,89.2,6.69,37.5
2023-05-11 06:00:00,21501.34,362.94,2452.64,16.69,87.4,8.72,40.3
2023-05-11 07:00:00,24713.62,1121.54,1731.58,15.55,89.3,8.03,51.3
2023-05-11 08:00:00,24222.18,2041.4,345.81,18.26,84.3,5.95,50.5
2023-05-11 09:00:00,24773.63,3056.91,3.75,19.6,82.4,3.66,47.1
2023-05-11 10:00:00,26577.52,3873.76,198.73,20.39,79.2,5.48,46.0
2023-05-11 11:00:00,25608.66,4885.61,640.06,21.48,75.4,6.65,38.7
2023-05-11 12:00:00,25759.58,5262.04,47.36,22.47,79.5,4.55,36.6
2023-05-11 13:00:00,26287.76,3914.58,0.0,21.36,88.2,1.07,63.3
2023-05-11 14:00:00,25601.43,4126.52,0.0,23.63,75.3,0.5,51.6
2023-05-11 15:00:00,26608.77,3693.09,0.08,23.88,75.7,3.18,48.8
2023-05-11 16:00:00,26336.03,3028.9,0.0,24.24,73.7,1.71,45.1
2023-05-11 17:00:00,28108.79,2119.7,3260.2,24.81,65.7,9.21,43.5
2023-05-11 18:00:00,28257.22,1128.01,0.0,22.86,72.9,2.26,41.1
2023-05-11 19:00:00,28477.51,287.43,28.2,22.4,82.6,4.29,46.3
2023-05-11 20:00:00,26682.27,0.0,1053.28,20.93,70.5,7.24,27.1
2023-05-11 21:00:00,24666.06,0.0,2514.63,20.62,86.4,8.73,43.1
2023-05-11 22:00:00,22418.7,0.0,306.07,16.98,90.0,5.85,52.3
2023-05-11 23:00:00,20145.06,0.0,6.03,15.8,85.0,3.76,37.9
2023-05-12 00:00:00,18265.64,0.0,73.06,14.43,81.2,4.78,12.7
2023-05-12 01:00:00,17479.64,0.0,419.12,14.27,73.9,6.12,6.3
2023-05-12 02:00:00,17769.67,0.0,302.79,14.39,77.1,5.83,9.4
2023-05-12 03:00:00,18000.52,0.0,285.0,13.5,94.4,5.74,46.0
2023-05-12 04:00:00,18084.79,0.0,7.64,12.97,88.8,3.84,53.8
2023-05-12 05:00:00,19083.29,0.0,8389.03,13.47,89.5,11.45,32.4
2023-05-12 06:00:00,21534.83,379.25,0.0,13.38,78.5,2.13,27.0
2023-05-12 07:00:00,23045.0,1354.43,311.78,15.48,77.0,5.85,29.9
2023-05-12 08:00:00,25447.09,2301.37,9622.07,16.35,89.7,13.36,36.1
2023-05-12 09:00:00,25629.92,3868.27,925.49,14.53,81.3,7.05,22.8
2023-05-12 10:00:00,26612.7,4847.18,27.74,15.68,78.2,4.28,25.2
2023-05-12 11:00:00,25389.62,5769.24,0.0,16.02,84.1,2.22,20.4
2023-05-12 12:00:00,25594.72,6641.68,7521.77,15.6,82.0,11.19,11.4
2023-05-12 13:00:00,25637.64,6138.51,0.0,15.46,83.0,0.5,20.0
2023-05-12 14:00:00,25666.61,5089.48,384.13,16.57,78.9,6.09,33.6
2023-05-12 15:00:00,26511.33,3830.37,2314.06,18.67,80.3,8.53,46.5
2023-05-12 16:00:00,25683.31,2770.07,0.0,19.21,84.0,0.5,54.5
2023-05-12 17:00:00,27364.13,2076.41,663.09,18.38,85.2,6.64,48.8
2023-05-12 18:00:00,27557.32,968.72,9825.18,18.46,82.7,16.04,58.3
2023-05-12 19:00:00,28171.23,237.6,467.13,17.25,88.0,6.27,61.8
2023-05-12 20:00:00,26666.17,0.0,68.14,15.63,90.9,4.74,62.8
2023-05-12 21:00:00,25635.73,0.0,3992.28,13.44,96.0,9.63,54.7
2023-05-12 22:00:00,24031.0,0.0,563.57,10.66,96.3,6.45,48.9
2023-05-12 23:00:00,22251.6,0.0,2258.44,9.55,89.3,8.54,50.7
2023-05-13 00:00:00,16795.75,0.0,1024.09,9.41,99.0,7.27,80.5
2023-05-13 01:00:00,15840.83,0.0,0.0,8.98,99.0,2.49,81.2
2023-05-13 02:00:00,16086.53,0.0,55.93,8.46,99.0,4.6,70.9
2023-05-13 03:00:00,16030.37,0.0,0.27,7.67,99.0,3.27,59.1
2023-05-13 04:00:00,16454.76,0.0,2.27,8.96,97.1,3.56,52.9
2023-05-13 05:00:00,18017.08,0.0,0.0,8.38,99.0,1.97,79.4
2023-05-13 06:00:00,18928.19,218.96,355.05,10.45,99.0,5.95,71.9
2023-05-13 07:00:00,22971.13,633.3,5.15,10.71,99.0,3.74,80.9
2023-05-13 08:00:00,23744.09,1547.83,3968.69,11.46,95.7,9.62,73.4
2023-05-13 09:00:00,24471.67,2045.36,1662.42,11.53,93.6,7.94,74.5
2023-05-13 10:00:00,23023.34,2324.67,373.7,12.73,90.4,5.99,81.8
2023-05-13 11:00:00,22301.98,3108.55,108.3,15.48,97.4,5.03,71.9
2023-05-13 12:00:00,22671.09,3911.07,0.0,17.46,89.1,2.96,62.3
2023-05-13 13:00:00,22598.61,2856.91,45.21,19.66,90.3,4.48,81.5
2023-05-13 14:00:00,22088.53,2287.97,256.56,20.99,94.2,5.72,90.3
2023-05-13 15:00:00,21353.32,1670.2,926.04,20.16,86.7,7.11,95.7
2023-05-13 16:00:00,22458.5,1236.23,0.0,19.91,86.2,0.95,100.0
2023-05-13 17:00:00,24290.13,826.73,562.05,18.86,96.1,6.47,100.0
2023-05-13 18:00:00,24502.92,521.14,849.34,19.89,94.3,7.02,100.0
2023-05-13 19:00:00,23786.98,27.18,238.54,17.79,89.2,5.58,100.0
2023-05-13 20:00:00,23284.33,0.0,0.04,17.9,97.4,3.14,100.0
2023-05-13 21:00:00,20239.73,0.0,372.15,17.84,91.5,6.02,88.5
2023-05-13 22:00:00,18928.51,0.0,373.67,18.74,85.2,6.04,74.7
2023-05-13 23:00:00,16629.0,0.0,394.4,17.14,85.2,6.12,58.1
2023-05-14 00:00:00,14959.44,0.0,442.11,17.16,80.5,6.25,73.0
2023-05-14 01:00:00,14246.43,0.0,1.64,18.89,77.3,3.49,40.3
2023-05-14 02:00:00,13675.15,0.0,31.5,17.57,77.9,4.33,37.4
2023-05-14 03:00:00,13965.04,0.0,1.68,15.6,77.3,3.5,3.7
2023-05-14 04:00:00,14244.54,0.0,86.71,13.69,76.2,4.85,0.0
2023-05-14 05:00:00,14985.36,0.0,88.71,15.07,77.7,4.91,0.9
2023-05-14 06:00:00,18309.11,374.67,51.63,13.82,72.5,4.56,24.1
2023-05-14 07:00:00,20331.61,1206.72,14.04,14.59,80.4,4.03,32.7
2023-05-14 08:00:00,21258.42,2640.13,1808.8,16.43,81.6,8.1,25.5
2023-05-14 09:00:00,22460.56,3285.92,2461.55,18.03,80.0,8.77,42.0
2023-05-14 10:00:00,21764.2,4075.07,16.39,19.87,82.5,4.06,43.9
2023-05-14 11:00:00,22806.09,4553.35,2.93,21.37,70.3,3.6,45.8
2023-05-14 12:00:00,21862.27,5548.45,1935.56,23.85,73.7,8.28,32.6
2023-05-14 13:00:00,22071.47,6082.95,255.23,23.56,66.4,5.69,23.6
2023-05-14 14:00:00,21821.6,6089.57,0.0,23.34,64.8,2.95,17.6
2023-05-14 15:00:00,22835.23,4959.49,525.76,22.75,73.8,6.36,22.8
2023-05-14 16:00:00,23280.41,3790.51,0.55,23.64,74.5,3.35,27.7
2023-05-14 17:00:00,23937.95,2032.79,176.62,24.23,78.6,5.37,49.6
2023-05-14 18:00:00,24892.08,1081.11,9436.52,23.97,84.3,13.66,55.0
2023-05-14 19:00:00,25212.75,398.27,2.59,24.26,72.8,3.57,22.7
2023-05-14 20:00:00,24071.86,0.0,5754.2,21.71,69.9,10.54,29.8
2023-05-14 21:00:00,21087.57,0.0,29.5,22.29,69.3,4.32,15.6
2023-05-14 22:00:00,19807.41,0.0,504.34,22.6,65.1,6.34,8.9
2023-05-14 23:00:00,17357.91,0.0,377.47,22.04,74.5,6.0,4.8
2023-05-15 00:00:00,18319.08,0.0,3159.2,22.96,69.0,9.17,2.8
2023-05-15 01:00:00,17359.16,0.0,0.0,20.02,67.2,2.86,0.0
2023-05-15 02:00:00,16652.3,0.0,1550.9,18.74,74.0,7.92,2.7
2023-05-15 03:00:00,16240.68,0.0,3126.87,17.59,66.4,9.26,0.0
2023-05-15 04:00:00,17352.52,0.0,628.9,18.44,72.2,6.65,4.1
2023-05-15 05:00:00,18727.95,0.0,1.06,17.6,76.9,3.43,37.2
2023-05-15 06:00:00,21395.71,328.83,51.84,19.12,68.4,4.56,23.5
2023-05-15 07:00:00,24006.46,1482.33,1557.71,21.5,75.0,7.83,24.0
2023-05-15 08:00:00,26395.57,3317.57,5398.97,23.22,67.1,10.33,0.0
2023-05-15 09:00:00,26407.35,4749.62,118.47,24.53,63.7,5.1,0.9
2023-05-15 10:00:00,26298.22,5315.71,326.81,24.45,64.8,5.88,15.2
2023-05-15 11:00:00,,5474.37,0.0,24.51,63.8,2.98,28.8
2023-05-15 12:00:00,26836.17,5519.02,21.79,26.78,62.1,4.18,33.0
2023-05-15 13:00:00,27836.93,4818.82,0.92,28.22,64.2,3.41,46.4
2023-05-15 14:00:00,26949.76,2868.34,292.4,28.44,74.8,5.85,78.1
2023-05-15 15:00:00,28172.71,1733.21,9267.73,27.95,85.2,12.24,96.0
2023-05-15 16:00:00,27030.26,1681.36,1248.44,25.4,85.9,7.54,84.9
2023-05-15 17:00:00,27756.8,1716.68,0.0,23.72,72.2,2.22,64.0
2023-05-15 18:00:00,28160.38,972.46,206.38,25.11,72.6,5.49,58.2
2023-05-15 19:00:00,28493.87,286.61,0.0,22.64,73.0,1.3,46.5
2023-05-15 20:00:00,26426.22,0.0,1.03,21.7,68.8,3.42,53.1
2023-05-15 21:00:00,24846.03,0.0,0.01,21.57,77.9,3.08,39.3
2023-05-15 22:00:00,21753.52,0.0,74.84,18.88,78.7,4.75,40.4
2023-05-15 23:00:00,20603.34,0.0,1551.28,17.95,83.5,7.82,52.3
2023-05-16 00:00:00,18464.45,0.0,625.11,18.19,88.8,6.55,51.4
2023-05-16 01:00:00,17415.01,0.0,9741.96,17.39,82.1,11.95,40.5
2023-05-16 02:00:00,17233.11,0.0,57.09,20.01,80.4,4.6,56.5
2023-05-16 03:00:00,17092.18,0.0,315.82,17.77,81.9,5.86,33.8
2023-05-16 04:00:00,17035.52,0.0,230.35,18.99,81.8,5.56,32.5
2023-05-16 05:00:00,18446.82,0.0,60.7,19.1,79.1,4.68,34.8
2023-05-16 06:00:00,20428.13,329.72,9882.6,20.56,79.3,15.46,37.5
2023-05-16 07:00:00,23720.05,1157.46,201.88,21.84,75.3,5.44,41.9
2023-05-16 08:00:00,24611.33,2092.73,8061.27,21.98,77.6,11.45,50.9
2023-05-16 09:00:00,25746.38,2962.52,84.2,23.32,76.6,4.87,51.0
2023-05-16 10:00:00,25733.26,3853.25,0.0,22.36,73.5,3.05,47.2
2023-05-16 11:00:00,25913.23,4669.77,0.0,24.15,70.7,1.94,43.3
2023-05-16 12:00:00,26659.31,5399.11,2226.06,25.41,75.3,8.46,37.5
2023-05-16 13:00:00,26019.79,4705.19,0.0,26.79,78.8,0.5,49.1
2023-05-16 14:00:00,26245.99,4698.95,6393.39,28.32,73.3,10.91,42.2
2023-05-16 15:00:00,27489.59,3549.37,9.47,28.71,64.0,3.88,54.0
2023-05-16 16:00:00,27746.99,2849.84,0.0,28.51,64.0,2.58,54.4
2023-05-16 17:00:00,28550.82,2133.58,236.33,26.87,65.7,5.63,48.3
2023-05-16 18:00:00,28218.96,1035.98,0.0,25.2,75.4,1.84,56.6
2023-05-16 19:00:00,28489.14,265.41,0.0,25.45,61.1,1.38,47.8
2023-05-16 20:00:00,26946.55,0.0,2279.29,25.73,71.7,8.59,56.4
2023-05-16 21:00:00,24823.66,0.0,133.4,23.99,82.8,5.13,58.9
2023-05-16 22:00:00,22892.52,0.0,440.17,22.6,81.1,6.17,51.4
2023-05-16 23:00:00,20179.1,0.0,4.91,20.26,80.1,3.72,58.2
2023-05-17 00:00:00,17665.82,0.0,0.0,20.63,81.5,2.68,64.3
2023-05-17 01:00:00,16971.68,0.0,261.98,20.41,89.0,5.73,77.2
2023-05-17 02:00:00,16732.23,0.0,835.32,21.85,90.7,6.92,86.2
2023-05-17 03:00:00,16285.67,0.0,3496.97,20.38,87.4,9.32,88.4
2023-05-17 04:00:00,17070.43,0.0,773.47,19.87,85.0,6.88,70.9
2023-05-17 05:00:00,18686.27,0.0,3338.15,20.39,89.8,9.35,98.5
2023-05-17 06:00:00,20787.32,222.19,0.56,21.64,79.5,3.35,76.5
2023-05-17 07:00:00,24093.46,625.27,0.0,22.15,85.5,2.47,85.4
2023-05-17 08:00:00,24741.43,1110.06,0.23,22.12,85.6,3.26,87.0
2023-05-17 09:00:00,26361.99,2376.12,1862.36,24.19,74.4,8.19,69.1
2023-05-17 10:00:00,26380.42,3075.66,1450.78,26.02,78.7,7.74,66.0
2023-05-17 11:00:00,26255.14,3596.42,0.0,25.94,77.6,2.18,63.8
2023-05-17 12:00:00,27588.59,3068.08,0.0,28.26,78.8,0.5,78.5
2023-05-17 13:00:00,28250.75,3694.29,450.08,30.07,67.6,6.25,67.2
2023-05-17 14:00:00,28705.47,3678.66,1846.36,30.4,61.2,8.15,62.6
2023-05-17 15:00:00,27727.87,4524.49,748.08,30.35,63.8,6.79,33.8
2023-05-17 16:00:00,29581.38,2689.91,0.0,30.52,64.9,2.19,57.2
2023-05-17 17:00:00,29202.7,2248.77,166.15,28.79,63.2,5.35,44.2
2023-05-17 18:00:00,29649.35,1119.18,966.41,27.84,64.3,7.18,49.4
2023-05-17 19:00:00,27974.84,203.21,0.12,24.26,73.2,3.21,49.0
2023-05-17 20:00:00,27575.66,0.0,229.15,24.01,80.8,5.62,48.6
2023-05-17 21:00:00,24262.78,0.0,28.16,20.93,79.5,4.28,59.1
2023-05-17 22:00:00,23326.34,0.0,8.86,21.34,81.5,3.86,78.8
2023-05-17 23:00:00,20517.9,0.0,10000.0,19.72,90.7,12.94,79.0
2023-05-18 00:00:00,18268.46,0.0,7654.98,18.61,91.6,11.24,83.9
2023-05-18 01:00:00,16777.59,0.0,502.84,17.1,84.7,6.33,84.4
2023-05-18 02:00:00,16228.49,0.0,9.76,16.3,99.0,3.89,93.1
2023-05-18 03:00:00,16550.09,0.0,2818.26,17.7,99.0,8.91,83.0
2023-05-18 04:00:00,17731.12,0.0,101.5,15.04,87.7,4.96,92.6
2023-05-18 05:00:00,18824.74,0.0,16.53,17.01,92.2,4.08,100.0
2023-05-18 06:00:00,21460.21,99.07,237.43,18.14,84.2,5.65,100.0
2023-05-18 07:00:00,23142.84,490.75,592.9,17.78,94.5,6.55,94.6
2023-05-18 08:00:00,25221.1,995.69,0.0,17.8,97.0,2.61,87.9
2023-05-18 09:00:00,26092.92,1665.02,477.9,21.01,88.7,6.29,86.9
2023-05-18 10:00:00,26453.35,3083.98,0.0,21.22,88.5,0.62,66.6
2023-05-18 11:00:00,25335.71,2560.12,3459.29,21.17,90.8,9.35,84.4
2023-05-18 12:00:00,25643.85,2976.0,4059.52,23.56,90.0,9.74,80.8
2023-05-18 13:00:00,25661.96,2922.1,715.43,24.74,86.3,6.72,81.2
2023-05-18 14:00:00,25325.13,3241.59,27.57,24.22,78.3,4.29,71.1
2023-05-18 15:00:00,26416.95,3609.75,0.0,24.71,75.0,2.6,53.3
2023-05-18 16:00:00,27685.41,3076.28,697.8,23.49,71.2,6.72,46.3
2023-05-18 17:00:00,27230.77,2114.77,4470.33,24.35,73.5,9.84,50.0
2023-05-18 18:00:00,28722.78,1030.54,0.0,24.81,76.2,2.1,58.8
2023-05-18 19:00:00,28170.89,227.03,86.06,24.38,76.6,4.84,60.3
2023-05-18 20:00:00,27046.17,0.0,11.55,23.57,84.3,3.97,63.9
2023-05-18 21:00:00,25901.28,0.0,53.37,24.19,75.5,4.61,58.8
2023-05-18 22:00:00,22792.24,0.0,157.25,22.76,76.5,5.29,64.4
2023-05-18 23:00:00,19238.67,0.0,9819.33,20.12,84.6,12.13,81.1
2023-05-19 00:00:00,17553.43,0.0,62.76,19.73,92.6,4.68,86.3
2023-05-19 01:00:00,16919.88,0.0,648.04,21.15,83.9,6.69,92.3
2023-05-19 02:00:00,16563.15,0.0,9789.2,19.31,91.0,12.68,91.3
2023-05-19 03:00:00,16737.19,0.0,689.68,18.59,92.5,6.72,69.0
2023-05-19 04:00:00,17103.38,0.0,5855.69,19.09,84.1,10.6,54.8
2023-05-19 05:00:00,17979.47,0.0,0.0,19.36,83.7,2.83,60.3
2023-05-19 06:00:00,20476.08,151.93,10000.0,18.91,84.3,12.43,59.5
2023-05-19 07:00:00,22846.46,948.5,7.41,21.07,78.5,3.82,64.3
2023-05-19 08:00:00,24795.64,1208.32,9463.99,24.65,78.9,13.33,83.3
2023-05-19 09:00:00,26662.12,1619.3,0.02,25.83,81.2,3.11,88.7
2023-05-19 10:00:00,26284.78,1462.22,99.82,25.8,85.9,4.97,99.8
2023-05-19 11:00:00,25864.55,1988.93,3.33,25.06,88.6,3.63,95.6
2023-05-19 12:00:00,25595.72,2937.25,31.49,26.25,79.9,4.34,81.0
2023-05-19 13:00:00,26622.46,3048.43,0.0,28.13,81.3,2.72,77.2
2023-05-19 14:00:00,27713.63,3672.44,7026.15,28.97,78.1,10.95,64.9
2023-05-19 15:00:00,27942.75,2307.06,0.0,28.95,79.3,3.01,82.5
2023-05-19 16:00:00,27683.31,1601.15,286.77,27.97,83.9,5.83,88.7
2023-05-19 17:00:00,28106.67,1083.37,0.0,26.16,78.1,1.7,90.9
2023-05-19 18:00:00,28168.72,445.45,1678.66,26.27,79.6,8.0,100.0
2023-05-19 19:00:00,28188.13,219.25,189.1,26.19,79.3,5.45,71.7
2023-05-19 20:00:00,27108.49,0.0,10000.0,23.18,77.4,12.67,76.8
2023-05-19 21:00:00,24909.3,0.0,125.59,23.64,76.3,5.12,58.4
2023-05-19 22:00:00,23363.83,0.0,2.91,22.89,81.5,3.6,58.0
2023-05-19 23:00:00,20793.32,0.0,126.2,23.1,82.8,5.12,53.9
2023-05-20 00:00:00,14595.8,0.0,2499.67,20.57,81.6,8.65,61.8
2023-05-20 01:00:00,13880.59,0.0,1660.76,18.15,83.9,8.08,63.7
2023-05-20 02:00:00,14508.55,0.0,3604.1,17.46,92.5,9.42,78.8
2023-05-20 03:00:00,13782.25,0.0,0.11,17.81,83.9,3.2,68.7
2023-05-20 04:00:00,13831.62,0.0,1247.68,19.88,86.4,7.52,75.6
2023-05-20 05:00:00,15483.57,0.0,9391.4,20.95,85.4,11.93,75.1
2023-05-20 06:00:00,17867.0,213.49,0.25,21.23,79.4,3.27,53.1
2023-05-20 07:00:00,20392.36,1220.5,0.0,20.91,77.7,2.86,42.3
2023-05-20 08:00:00,21389.04,2201.85,1618.6,23.3,70.5,7.9,42.0
2023-05-20 09:00:00,22089.94,2760.56,26.71,23.3,74.7,4.28,56.9
2023-05-20 10:00:00,22501.74,3324.91,686.36,26.22,71.9,6.73,62.2
2023-05-20 11:00:00,23818.19,4467.67,193.54,26.86,63.8,5.47,47.4
2023-05-20 12:00:00,24552.75,4878.49,9810.94,29.42,67.8,12.73,46.6
2023-05-20 13:00:00,25598.78,3376.69,2756.38,30.66,74.6,8.86,71.8
2023-05-20 14:00:00,24590.89,3284.94,387.8,30.68,74.0,6.06,71.1
2023-05-20 15:00:00,25627.94,3138.79,0.0,30.0,69.3,2.65,65.3
2023-05-20 16:00:00,25685.51,2313.55,0.0,29.24,69.3,2.7,70.0
2023-05-20 17:00:00,25473.09,1376.47,2579.21,29.04,77.6,8.73,77.3
2023-05-20 18:00:00,26166.07,767.87,216.63,28.16,76.4,5.55,69.2
2023-05-20 19:00:00,25001.4,141.74,1399.03,26.31,78.4,7.8,73.5
2023-05-20 20:00:00,23086.95,0.0,108.85,24.82,85.1,5.01,67.3
2023-05-20 21:00:00,21682.67,0.0,0.0,23.54,81.6,2.36,74.5
2023-05-20 22:00:00,19451.14,0.0,71.32,19.83,85.8,4.73,74.2
2023-05-20 23:00:00,16588.76,0.0,2.37,19.2,86.9,3.57,77.7
2023-05-21 00:00:00,14042.53,0.0,3089.28,17.31,81.9,9.16,65.7
2023-05-21 01:00:00,14545.74,0.0,2122.32,15.34,90.8,8.47,54.5
2023-05-21 02:00:00,13807.81,0.0,0.58,13.13,93.7,3.35,65.9
2023-05-21 03:00:00,14374.5,0.0,1582.91,11.23,98.2,7.91,63.6
2023-05-21 04:00:00,16242.67,0.0,6453.86,10.24,99.0,10.78,66.0
2023-05-21 05:00:00,17221.41,0.0,2132.97,10.34,95.2,8.44,61.0
2023-05-21 06:00:00,17958.47,263.08,614.0,13.68,,6.65,71.0
2023-05-21 07:00:00,20233.86,1006.81,83.11,14.37,93.3,4.86,61.8
2023-05-21 08:00:00,22344.42,1856.4,5156.97,16.02,89.1,10.17,59.3
2023-05-21 09:00:00,22603.7,2376.6,123.77,17.97,85.0,5.11,68.2
2023-05-21 10:00:00,22171.97,2373.73,2909.7,19.57,90.4,9.0,80.7
2023-05-21 11:00:00,21933.45,3342.84,1457.58,20.85,87.8,7.72,71.3
2023-05-21 12:00:00,22473.52,2262.39,1478.95,20.72,86.4,7.89,92.8
2023-05-21 13:00:00,22442.68,2359.72,9859.61,23.34,85.1,13.0,92.0
2023-05-21 14:00:00,22487.57,3029.09,697.41,25.95,84.3,6.77,75.0
2023-05-21 15:00:00,22021.91,2577.48,0.0,24.28,78.4,0.5,77.1
2023-05-21 16:00:00,22963.83,2367.27,0.0,23.12,81.3,2.22,69.8
2023-05-21 17:00:00,24319.58,1468.58,0.0,22.53,72.3,0.5,73.2
2023-05-21 18:00:00,24580.81,883.33,0.0,20.9,78.4,2.39,70.5
2023-05-21 19:00:00,24517.85,162.88,0.0,20.71,85.0,1.23,69.5
2023-05-21 20:00:00,23562.44,0.0,178.51,18.95,88.6,5.41,56.8
2023-05-21 21:00:00,22215.46,0.0,0.0,20.33,79.2,1.25,68.4
2023-05-21 22:00:00,19010.69,0.0,307.37,20.48,80.9,5.81,52.9
2023-05-21 23:00:00,16287.33,0.0,6005.68,19.55,77.1,10.69,39.9
2023-05-22 00:00:00,18169.71,0.0,2679.58,19.86,83.5,8.78,45.9
2023-05-22 01:00:00,18159.38,0.0,10000.0,20.23,79.3,12.3,66.1
2023-05-22 02:00:00,16106.59,0.0,70.06,18.97,86.3,4.72,60.5
2023-05-22 03:00:00,15760.13,0.0,936.86,17.81,85.5,7.16,68.2
2023-05-22 04:00:00,17151.38,0.0,195.78,18.01,91.6,5.47,79.5
2023-05-22 05:00:00,18629.33,0.0,678.16,19.39,90.7,6.7,86.3
2023-05-22 06:00:00,21106.24,141.02,857.1,20.2,86.4,7.02,78.7
2023-05-22 07:00:00,23689.49,956.35,0.0,19.36,86.5,2.01,62.8
2023-05-22 08:00:00,25652.51,2515.19,10.21,19.64,77.5,3.93,35.3
2023-05-22 09:00:00,25580.89,3593.16,1254.57,20.85,74.9,7.48,34.5
2023-05-22 10:00:00,26169.02,3825.37,1484.99,22.07,76.4,7.89,51.0
2023-05-22 11:00:00,25287.93,5115.56,244.88,25.46,70.2,5.67,38.0
2023-05-22 12:00:00,25805.48,4788.98,0.01,24.86,74.2,3.08,48.4
2023-05-22 13:00:00,25874.0,5362.74,10.66,26.2,64.8,3.94,37.7
2023-05-22 14:00:00,26038.89,4888.72,0.0,28.3,65.2,1.12,41.0
2023-05-22 15:00:00,29043.51,3850.21,5178.28,30.86,61.4,10.39,51.1
2023-05-22 16:00:00,28942.86,3237.94,1967.42,30.0,64.7,8.37,43.6
2023-05-22 17:00:00,29877.97,2222.18,0.0,29.85,63.6,0.85,47.0
2023-05-22 18:00:00,30493.23,1214.88,0.0,29.48,68.5,2.17,42.9
2023-05-22 19:00:00,29593.83,346.73,279.71,28.45,72.1,5.76,52.8
2023-05-22 20:00:00,28276.7,0.0,0.36,26.93,68.6,3.3,55.9
2023-05-22 21:00:00,26037.82,0.0,6692.75,25.93,73.8,10.96,56.4
2023-05-22 22:00:00,22747.85,0.0,2027.42,21.66,87.0,8.32,74.9
2023-05-22 23:00:00,21238.26,0.0,48.18,21.19,85.7,4.55,80.4
2023-05-23 00:00:00,17881.37,0.0,0.0,20.42,81.7,1.45,68.8
2023-05-23 01:00:00,16788.04,0.0,3902.98,19.3,81.1,9.56,66.1
2023-05-23 02:00:00,17428.37,0.0,476.02,20.99,86.0,6.28,63.8
2023-05-23 03:00:00,17640.08,0.0,1675.2,19.87,87.7,8.09,63.6
2023-05-23 04:00:00,16914.16,0.0,152.5,19.43,91.2,5.22,92.8
2023-05-23 05:00:00,19420.01,0.0,7.76,21.98,91.4,3.83,92.6
2023-05-23 06:00:00,20959.94,333.55,1642.31,21.58,69.8,8.04,63.6
2023-05-23 07:00:00,24063.14,1098.63,350.88,21.79,84.8,5.93,56.0
2023-05-23 08:00:00,25506.42,2473.23,10.9,22.66,71.8,3.94,32.6
2023-05-23 09:00:00,25624.48,3626.64,0.0,24.71,69.8,2.74,31.3
2023-05-23 10:00:00,27309.76,5699.58,362.08,26.02,60.8,6.05,10.2
2023-05-23 11:00:00,27324.01,6873.43,878.45,25.59,67.0,7.09,5.1
2023-05-23 12:00:00,25889.14,7618.29,0.08,25.93,55.5,3.18,0.0
2023-05-23 13:00:00,26262.47,7289.74,667.11,26.0,66.7,6.75,4.8
2023-05-23 14:00:00,26624.65,6467.37,0.0,26.4,63.3,2.02,10.7
2023-05-23 15:00:00,25923.94,5303.77,0.24,27.05,65.5,3.26,19.6
2023-05-23 16:00:00,27504.98,4140.53,666.86,27.33,62.0,6.73,22.5
2023-05-23 17:00:00,27099.61,3098.8,378.53,24.86,58.4,6.01,9.6
2023-05-23 18:00:00,28971.71,1562.85,0.01,25.35,69.5,3.08,21.2
2023-05-23 19:00:00,28131.41,400.99,0.0,24.64,74.8,1.98,48.2
2023-05-23 20:00:00,27007.29,0.0,0.0,24.99,79.9,1.22,53.9
2023-05-23 21:00:00,24585.44,0.0,2941.08,24.13,73.6,9.04,48.8
2023-05-23 22:00:00,22495.29,0.0,0.0,23.98,68.9,2.33,32.4
2023-05-23 23:00:00,20488.22,0.0,0.01,23.14,75.2,3.1,24.1
2023-05-24 00:00:00,18289.08,0.0,44.07,23.6,78.9,4.5,33.0
2023-05-24 01:00:00,17990.27,0.0,477.31,23.13,75.8,6.33,48.4
2023-05-24 02:00:00,17409.91,0.0,3594.02,22.24,74.9,9.56,52.2
2023-05-24 03:00:00,17508.63,0.0,92.72,24.29,80.8,4.94,62.1
2023-05-24 04:00:00,17341.06,0.0,979.96,25.02,77.4,7.22,69.6
2023-05-24 05:00:00,19504.62,0.0,0.21,25.69,80.9,3.25,73.9
2023-05-24 06:00:00,21047.38,224.66,455.28,24.59,76.4,6.28,63.6
2023-05-24 07:00:00,23372.15,930.35,5.07,23.82,85.1,3.73,64.6
2023-05-24 08:00:00,26125.11,2060.13,5.62,25.06,71.4,3.74,53.1
2023-05-24 09:00:00,25814.02,2918.05,64.0,26.22,74.6,4.68,53.5
2023-05-24 10:00:00,26083.41,3579.14,1497.14,26.54,71.3,7.76,57.5
2023-05-24 11:00:00,27297.59,2976.28,1087.45,27.67,75.5,7.28,77.3
2023-05-24 12:00:00,28422.98,4257.22,21.96,30.23,66.7,4.2,58.8
2023-05-24 13:00:00,29191.66,3896.59,0.0,31.48,70.9,1.5,64.0
2023-05-24 14:00:00,29401.06,2807.51,0.0,30.4,77.3,2.85,80.6
2023-05-24 15:00:00,28097.27,2123.21,51.72,30.23,77.6,4.55,86.6
2023-05-24 16:00:00,28574.89,1507.31,2081.99,28.99,78.2,8.38,92.7
2023-05-24 17:00:00,29025.92,894.82,7415.55,27.95,81.2,11.22,95.1
2023-05-24 18:00:00,29558.45,498.98,367.16,26.64,87.3,6.0,100.0
2023-05-24 19:00:00,27839.67,117.08,12.23,25.06,86.3,3.96,86.6
2023-05-24 20:00:00,26709.08,0.0,894.57,22.49,70.3,7.05,66.0
2023-05-24 21:00:00,25151.37,0.0,40.25,21.17,81.4,4.45,64.6
2023-05-24 22:00:00,21954.78,0.0,848.55,19.37,77.3,7.05,37.4
2023-05-24 23:00:00,19624.61,0.0,30.8,15.09,91.1,4.31,54.2
2023-05-25 00:00:00,18229.63,0.0,68.58,16.82,89.3,4.75,68.6
2023-05-25 01:00:00,18012.36,0.0,0.0,17.39,90.0,3.06,61.7
2023-05-25 02:00:00,16800.38,0.0,458.08,16.55,82.6,6.25,56.3
2023-05-25 03:00:00,16767.9,0.0,1528.14,16.48,87.8,7.88,55.2
2023-05-25 04:00:00,17904.2,0.0,3782.66,15.42,91.9,9.55,55.6
2023-05-25 05:00:00,18733.26,0.0,4114.29,17.91,79.3,9.7,57.0
2023-05-25 06:00:00,21549.61,315.16,10000.0,20.78,92.8,15.32,63.3
2023-05-25 07:00:00,24999.91,1063.93,0.0,21.84,85.2,2.78,60.1
2023-05-25 08:00:00,25110.01,1617.21,364.66,24.01,80.1,5.97,70.7
2023-05-25 09:00:00,25969.43,2111.59,332.95,25.27,75.8,5.88,74.1
2023-05-25 10:00:00,26324.25,3179.59,2021.93,24.87,76.6,8.28,64.4
2023-05-25 11:00:00,27088.67,2860.87,0.34,25.51,80.4,3.29,79.2
2023-05-25 12:00:00,26536.91,4178.8,0.0,26.6,75.5,1.09,59.8
2023-05-25 13:00:00,26803.93,4387.59,0.15,26.82,79.0,3.23,58.0
2023-05-25 14:00:00,26623.42,3430.27,9775.08,27.04,73.5,12.2,69.2
2023-05-25 15:00:00,26759.91,3443.49,2802.4,27.1,75.0,8.9,58.7
2023-05-25 16:00:00,27102.83,2600.0,5.64,26.86,68.7,3.74,61.8
2023-05-25 17:00:00,28057.56,1653.11,2379.01,26.45,74.2,8.62,67.4
2023-05-25 18:00:00,29846.2,1089.17,0.0,24.52,77.1,0.5,55.5
2023-05-25 19:00:00,27134.77,191.5,4.09,22.82,80.4,3.67,54.4
2023-05-25 20:00:00,26149.17,0.0,1100.3,20.37,77.6,7.39,52.5
2023-05-25 21:00:00,25210.13,0.0,1.8,20.4,77.2,3.52,46.1
2023-05-25 22:00:00,22721.75,0.0,3.41,16.96,96.7,3.63,74.6
2023-05-25 23:00:00,20404.81,0.0,4457.71,17.32,92.1,10.01,63.0
2023-05-26 00:00:00,17806.45,0.0,1188.47,18.2,89.8,7.51,73.8
2023-05-26 01:00:00,16957.84,0.0,9843.95,17.16,79.7,14.97,66.7
2023-05-26 02:00:00,17242.21,0.0,9.02,13.9,99.0,3.87,52.1
2023-05-26 03:00:00,17755.45,0.0,294.57,13.58,90.3,5.8,53.5
2023-05-26 04:00:00,17208.12,0.0,193.64,13.92,90.6,5.41,61.4
2023-05-26 05:00:00,19427.47,0.0,6056.08,13.53,92.8,10.77,71.5
2023-05-26 06:00:00,21413.01,156.54,58.25,14.02,99.0,4.65,88.1
2023-05-26 07:00:00,23141.43,476.5,139.8,17.01,98.7,5.18,100.0
2023-05-26 08:00:00,24623.37,772.09,0.01,19.09,98.1,3.1,100.0
2023-05-26 09:00:00,26009.66,1192.68,1911.21,19.45,89.9,8.23,99.3
2023-05-26 10:00:00,25528.28,1590.64,0.5,19.12,92.8,3.34,99.2
2023-05-26 11:00:00,26459.71,2361.39,0.0,20.2,98.5,1.33,90.6
2023-05-26 12:00:00,25683.24,2124.54,34.55,21.25,91.5,4.36,97.3
2023-05-26 13:00:00,24914.11,3238.17,7.43,22.84,82.5,3.83,76.5
2023-05-26 14:00:00,25654.26,1854.8,0.0,22.97,85.1,1.97,100.0
2023-05-26 15:00:00,25499.1,1541.08,0.0,23.95,89.5,1.5,100.0
2023-05-26 16:00:00,26843.34,1950.53,2590.55,26.12,83.6,8.89,80.1
2023-05-26 17:00:00,28898.45,1657.84,0.0,26.6,79.4,0.88,68.5
2023-05-26 18:00:00,28226.12,817.72,0.0,25.8,78.0,1.47,76.5
2023-05-26 19:00:00,27883.78,125.38,0.02,24.61,85.0,3.12,87.9
2023-05-26 20:00:00,26362.31,0.0,7412.73,23.09,87.5,11.26,68.5
2023-05-26 21:00:00,24623.83,0.0,0.0,23.19,86.6,2.15,75.3
2023-05-26 22:00:00,22387.06,0.0,2829.32,21.22,75.5,9.05,49.4
2023-05-26 23:00:00,19814.09,0.0,5919.53,20.12,69.8,10.55,48.8
2023-05-27 00:00:00,14676.74,0.0,227.99,19.37,85.7,5.62,62.6
2023-05-27 01:00:00,14287.48,0.0,134.82,18.05,87.6,5.15,54.9
2023-05-27 02:00:00,13263.19,0.0,2127.28,16.1,78.3,8.37,36.6
2023-05-27 03:00:00,12810.1,0.0,2308.52,16.41,83.1,8.65,40.4
2023-05-27 04:00:00,14143.54,0.0,3442.26,16.6,80.4,9.44,34.8
2023-05-27 05:00:00,15061.28,0.0,4590.92,17.72,82.8,9.98,44.6
2023-05-27 06:00:00,18622.57,313.65,71.16,17.95,77.4,4.76,35.0
2023-05-27 07:00:00,20215.95,1393.19,1561.62,20.37,79.6,7.9,28.0
2023-05-27 08:00:00,21738.81,3251.65,0.0,20.57,69.5,3.02,6.8
2023-05-27 09:00:00,21291.78,4440.8,281.19,23.75,62.9,5.8,14.5
2023-05-27 10:00:00,21920.06,5478.35,492.93,23.01,71.8,6.32,17.2
2023-05-27 11:00:00,21782.84,6729.67,0.0,24.71,58.2,2.38,7.3
2023-05-27 12:00:00,23190.96,6788.53,0.0,26.25,68.2,1.19,15.2
2023-05-27 13:00:00,22779.58,5888.18,0.0,26.13,71.4,2.24,32.1
2023-05-27 14:00:00,23388.87,5465.3,11.11,27.13,71.6,3.94,32.1
2023-05-27 15:00:00,24559.99,4466.62,2540.5,28.72,64.6,8.67,37.9
2023-05-27 16:00:00,24021.57,3340.6,75.36,26.05,68.3,4.8,43.1
2023-05-27 17:00:00,24739.61,2669.48,769.57,26.2,67.1,6.89,29.9
2023-05-27 18:00:00,24861.43,1057.69,0.0,22.74,78.2,2.25,57.4
2023-05-27 19:00:00,24660.52,250.71,0.0,20.89,77.0,1.8,51.3
2023-05-27 20:00:00,23042.37,0.0,0.59,21.78,78.2,3.36,59.5
2023-05-27 21:00:00,21277.89,0.0,26.94,20.03,83.5,4.27,68.0
2023-05-27 22:00:00,19896.27,0.0,525.97,17.66,82.7,6.4,64.6
2023-05-27 23:00:00,16048.56,0.0,5542.03,16.52,93.2,10.35,70.6
2023-05-28 00:00:00,15025.0,0.0,367.35,18.21,88.1,5.99,71.3
2023-05-28 01:00:00,14327.15,0.0,815.5,15.51,86.1,6.9,52.1
2023-05-28 02:00:00,13426.96,0.0,0.0,14.07,83.9,1.68,48.3
2023-05-28 03:00:00,13233.76,0.0,0.0,15.81,79.6,2.56,41.5
2023-05-28 04:00:00,13639.42,0.0,0.33,18.16,87.7,3.29,37.4
2023-05-28 05:00:00,15497.5,0.0,2170.54,18.53,73.5,8.46,23.7
2023-05-28 06:00:00,17958.32,352.45,547.32,17.95,83.5,6.45,40.8
2023-05-28 07:00:00,20386.08,936.8,8.41,21.35,82.1,3.87,61.5
2023-05-28 08:00:00,22089.91,1624.29,712.52,24.21,69.1,6.77,72.3
2023-05-28 09:00:00,23185.66,1742.24,371.12,26.05,88.0,6.07,85.3
2023-05-28 10:00:00,23420.38,2652.99,0.0,26.21,81.4,1.88,77.3
2023-05-28 11:00:00,24321.75,3586.8,444.25,27.19,71.6,6.27,66.8
2023-05-28 12:00:00,24231.43,4456.7,1089.2,27.9,70.8,7.29,55.8
2023-05-28 13:00:00,24125.05,4106.05,0.0,28.93,66.7,3.02,63.3
2023-05-28 14:00:00,25615.13,3735.68,434.72,30.9,76.2,6.15,64.8
2023-05-28 15:00:00,26549.13,3319.9,0.0,31.83,63.4,2.13,62.5
2023-05-28 16:00:00,25825.68,2169.11,785.18,30.24,70.8,6.86,77.0
2023-05-28 17:00:00,27194.8,1437.1,3542.75,31.11,69.3,9.33,79.0
2023-05-28 18:00:00,27879.02,893.98,35.58,30.46,70.2,4.41,65.9
2023-05-28 19:00:00,26138.52,159.03,0.02,29.97,73.6,3.11,56.2
2023-05-28 20:00:00,26672.29,0.0,58.61,30.15,76.9,4.62,64.0
2023-05-28 21:00:00,23050.83,0.0,5.62,27.33,75.0,3.76,75.3
2023-05-28 22:00:00,19728.48,0.0,0.0,25.78,81.2,0.59,79.3
2023-05-28 23:00:00,16746.76,0.0,1247.85,23.8,87.7,7.56,98.9
2023-05-29 00:00:00,18494.53,0.0,0.0,21.06,87.6,2.38,100.0
2023-05-29 01:00:00,18226.88,0.0,43.17,20.6,99.0,4.46,100.0
2023-05-29 02:00:00,17094.34,0.0,2619.99,22.78,93.1,8.81,94.0
2023-05-29 03:00:00,17656.01,0.0,1897.88,20.34,86.6,8.3,73.4
2023-05-29 04:00:00,17552.96,0.0,0.05,20.35,90.4,3.15,66.3
2023-05-29 05:00:00,18437.57,0.0,1697.73,21.42,89.3,8.09,73.8
2023-05-29 06:00:00,21420.69,140.81,9116.64,22.17,88.6,11.7,93.2
2023-05-29 07:00:00,24008.8,614.48,0.0,22.89,88.6,2.61,93.4
2023-05-29 08:00:00,24847.39,884.18,184.03,22.49,95.6,5.37,100.0
2023-05-29 09:00:00,25576.23,1545.25,1433.79,23.95,82.1,7.73,93.7
2023-05-29 10:00:00,25831.72,1714.43,754.38,24.31,92.7,6.81,96.3
2023-05-29 11:00:00,25993.19,1799.83,0.0,23.07,87.8,2.96,100.0
2023-05-29 12:00:00,26094.38,3575.89,0.0,25.52,84.2,2.14,71.5
2023-05-29 13:00:00,26845.62,4002.01,1033.31,27.4,73.7,7.3,64.4
2023-05-29 14:00:00,27070.73,3225.96,5599.52,27.93,76.8,10.55,74.4
2023-05-29 15:00:00,27953.34,2806.96,833.22,28.33,75.0,6.94,75.2
2023-05-29 16:00:00,28803.73,2877.99,6520.18,29.33,67.4,10.85,58.2
2023-05-29 17:00:00,29242.13,2771.88,217.37,29.0,61.4,5.53,28.4
2023-05-29 18:00:00,31285.15,1500.54,4556.71,29.13,67.5,9.96,27.0
2023-05-29 19:00:00,28827.78,337.14,715.8,27.65,55.4,6.74,29.3
2023-05-29 20:00:00,28043.34,0.0,4680.77,27.81,57.5,10.0,21.5
2023-05-29 21:00:00,26300.61,0.0,0.0,26.71,62.5,2.98,27.1
2023-05-29 22:00:00,24408.6,0.0,2890.54,25.47,65.1,9.04,36.3
2023-05-29 23:00:00,20401.29,0.0,9.46,22.7,81.8,3.9,46.3
2023-05-30 00:00:00,17911.56,0.0,0.0,22.08,74.8,2.08,18.7
2023-05-30 01:00:00,16662.3,0.0,747.82,20.27,71.7,6.89,7.0
2023-05-30 02:00:00,16132.38,0.0,205.93,19.02,69.0,5.47,8.9
2023-05-30 03:00:00,16805.03,0.0,0.0,17.94,81.5,2.74,21.0
2023-05-30 04:00:00,17474.84,0.0,9471.4,16.97,73.6,14.2,30.7
2023-05-30 05:00:00,18161.08,0.0,1870.44,19.88,86.5,8.15,39.1
2023-05-30 06:00:00,21300.09,340.43,6497.67,22.07,71.4,11.0,36.1
2023-05-30 07:00:00,23597.04,1403.56,9860.2,25.04,68.4,17.77,34.2
2023-05-30 08:00:00,25070.13,2727.31,145.87,24.61,66.8,5.19,27.7
2023-05-30 09:00:00,26484.4,3439.14,6.9,25.78,65.6,3.8,40.0
2023-05-30 10:00:00,25963.47,4825.86,0.0,25.45,75.7,2.87,30.5
2023-05-30 11:00:00,27092.83,4920.63,152.0,25.79,73.9,5.23,43.4
2023-05-30 12:00:00,26030.81,4999.19,262.98,25.76,76.5,5.73,47.0
2023-05-30 13:00:00,27486.15,4999.76,41.76,27.95,63.8,4.46,47.2
2023-05-30 14:00:00,27911.25,5062.59,4.1,27.96,67.6,3.68,40.0
2023-05-30 15:00:00,27602.62,5051.6,0.0,29.3,63.4,1.84,25.3
2023-05-30 16:00:00,29919.33,4188.49,17.15,29.73,60.7,4.1,20.8
2023-05-30 17:00:00,31441.57,2880.95,0.0,31.68,52.2,1.11,20.7
2023-05-30 18:00:00,29991.02,1816.98,2433.57,29.03,59.7,8.62,0.0
2023-05-30 19:00:00,29892.71,403.22,0.0,29.28,55.6,1.0,0.6
2023-05-30 20:00:00,28777.62,0.0,42.82,29.17,55.8,4.48,18.0
2023-05-30 21:00:00,26611.81,0.0,0.0,26.58,58.6,2.33,29.0
2023-05-30 22:00:00,23951.65,0.0,2306.11,26.25,68.2,8.54,25.9
2023-05-30 23:00:00,21220.46,0.0,88.1,25.21,77.9,4.86,29.7
2023-05-31 00:00:00,17763.71,0.0,0.47,23.88,64.9,3.33,25.6
2023-05-31 01:00:00,17485.19,0.0,833.78,21.98,73.6,7.0,30.7
2023-05-31 02:00:00,16202.64,0.0,8611.48,20.55,84.6,11.64,51.8
2023-05-31 03:00:00,17267.24,0.0,8124.63,22.54,75.2,11.5,63.5
2023-05-31 04:00:00,16992.03,0.0,94.68,22.48,79.7,4.91,68.5
2023-05-31 05:00:00,19133.91,0.0,2413.76,23.6,74.7,8.66,60.7
2023-05-31 06:00:00,21037.71,215.5,0.0,23.23,84.6,2.14,68.7
2023-05-31 07:00:00,23068.35,1232.7,0.28,23.18,80.5,3.28,46.6
2023-05-31 08:00:00,26083.84,2349.15,381.68,25.4,72.2,6.02,44.3
2023-05-31 09:00:00,26403.55,2965.63,2.52,24.97,70.8,3.58,52.3
2023-05-31 10:00:00,26428.41,3479.62,1784.14,25.67,73.6,8.2,61.2
2023-05-31 11:00:00,25917.55,3551.07,5213.09,26.8,73.0,10.26,68.3
2023-05-31 12:00:00,27484.85,3638.81,0.0,27.87,70.5,0.5,69.9
2023-05-31 13:00:00,26872.32,3927.28,0.0,28.37,72.2,2.57,65.5
2023-05-31 14:00:00,27834.0,3339.16,16.77,29.24,75.0,4.08,70.4
2023-05-31 15:00:00,28234.85,3537.47,114.98,30.1,70.0,5.02,56.9
2023-05-31 16:00:00,29260.7,3330.06,3211.95,30.64,64.6,9.31,46.3
2023-05-31 17:00:00,29735.16,2176.89,2749.55,28.92,67.7,8.91,47.8
2023-05-31 18:00:00,29228.89,1176.26,361.63,27.77,69.4,6.0,50.4
2023-05-31 19:00:00,29252.15,350.85,0.13,28.03,58.8,3.22,28.8
2023-05-31 20:00:00,28408.3,0.0,1658.06,27.73,67.1,8.01,37.1
2023-05-31 21:00:00,26404.18,0.0,0.59,24.8,71.0,3.35,48.3
2023-05-31 22:00:00,22711.79,0.0,9671.1,23.86,69.2,12.42,47.9
2023-05-31 23:00:00,20577.77,0.0,0.0,20.43,88.1,1.19,77.0
2023-06-01 00:00:00,17672.69,0.0,944.43,19.7,82.4,7.12,65.6
2023-06-01 01:00:00,18162.58,0.0,0.17,21.06,82.4,3.23,59.7
2023-06-01 02:00:00,16536.38,0.0,433.04,19.44,85.7,6.16,54.1
2023-06-01 03:00:00,16740.51,0.0,1716.16,18.33,79.8,8.02,53.0
2023-06-01 04:00:00,17430.05,0.0,2258.32,19.37,81.5,8.49,49.0
2023-06-01 05:00:00,18449.04,0.0,3541.64,18.13,71.5,9.39,32.6
2023-06-01 06:00:00,21686.41,358.78,1070.85,18.28,83.6,7.31,28.4
2023-06-01 07:00:00,23502.19,1453.72,34.45,20.05,70.0,4.37,30.1
2023-06-01 08:00:00,25573.78,2127.04,4827.68,20.58,77.0,10.21,47.5
2023-06-01 09:00:00,26080.47,2258.98,2507.33,21.67,89.7,8.67,74.6
2023-06-01 10:00:00,26204.04,2141.51,0.0,23.85,83.7,2.65,88.0
2023-06-01 11:00:00,26742.15,3190.18,1965.82,25.53,74.1,8.28,74.4
2023-06-01 12:00:00,27826.84,4097.32,8418.55,26.85,77.1,11.66,63.4
2023-06-01 13:00:00,26845.07,4230.33,301.19,27.25,75.7,5.81,60.2
2023-06-01 14:00:00,27048.32,2878.78,0.0,28.17,74.2,2.86,80.7
2023-06-01 15:00:00,27471.0,2739.7,184.96,28.21,73.2,5.38,75.3
2023-06-01 16:00:00,28679.51,2902.03,0.53,28.56,68.4,3.34,56.7
2023-06-01 17:00:00,29827.93,2143.92,422.78,27.52,69.2,6.16,50.1
2023-06-01 18:00:00,29002.26,981.51,145.43,26.57,66.1,5.22,59.5
2023-06-01 19:00:00,27656.15,242.6,4855.58,24.52,77.7,10.22,67.0
2023-06-01 20:00:00,27406.65,0.0,501.27,23.41,86.1,6.37,62.8
2023-06-01 21:00:00,24486.61,0.0,1.2,21.37,79.9,3.45,69.8
2023-06-01 22:00:00,22715.99,0.0,1729.05,19.04,77.1,7.99,40.4
2023-06-01 23:00:00,20337.08,0.0,73.22,18.37,76.3,4.77,43.1
2023-06-02 00:00:00,18151.77,0.0,76.99,17.95,86.9,4.79,54.4
2023-06-02 01:00:00,17378.16,0.0,342.17,18.2,86.4,5.91,44.1
2023-06-02 02:00:00,16168.95,0.0,0.0,17.33,85.2,1.99,35.1
2023-06-02 03:00:00,16411.31,0.0,9451.45,17.73,69.9,13.51,14.7
2023-06-02 04:00:00,17621.69,0.0,925.84,18.57,81.6,7.13,38.3
2023-06-02 05:00:00,17881.43,0.0,3206.83,19.58,82.2,9.25,31.4
2023-06-02 06:00:00,21161.3,317.81,63.34,19.44,80.0,4.67,36.8
2023-06-02 07:00:00,23659.35,1137.72,2179.08,20.66,80.5,8.51,45.9
2023-06-02 08:00:00,24306.24,1785.69,614.59,22.26,79.1,6.56,64.8
2023-06-02 09:00:00,26459.89,2675.28,131.87,23.53,79.3,5.12,61.4
2023-06-02 10:00:00,25346.46,3783.33,9536.07,22.49,82.9,12.09,53.9
2023-06-02 11:00:00,26311.67,4196.97,111.94,23.98,77.7,5.06,55.8
2023-06-02 12:00:00,26778.04,3598.03,434.0,27.54,70.2,6.18,70.8
2023-06-02 13:00:00,26576.88,3956.56,0.0,27.89,71.8,0.5,66.5
2023-06-02 14:00:00,26596.85,4409.96,0.0,27.57,75.6,3.01,53.3
2023-06-02 15:00:00,27154.12,4678.2,2485.12,28.2,66.5,8.69,34.7
2023-06-02 16:00:00,27941.67,4190.24,769.82,28.41,62.3,6.88,22.2
2023-06-02 17:00:00,29347.41,2554.75,104.57,29.24,61.9,4.96,36.2
2023-06-02 18:00:00,28802.12,1382.42,3245.85,27.02,71.5,9.27,34.2
2023-06-02 19:00:00,29235.88,301.93,104.33,26.84,72.3,5.0,29.1
2023-06-02 20:00:00,27579.7,0.0,348.0,26.3,70.1,5.93,23.3
2023-06-02 21:00:00,25406.86,0.0,74.69,24.82,74.0,4.8,27.8
2023-06-02 22:00:00,22348.86,0.0,824.74,23.89,68.1,7.01,27.9
2023-06-02 23:00:00,21043.05,0.0,96.88,23.79,67.6,4.91,27.5
2023-06-03 00:00:00,14893.73,0.0,248.44,23.78,73.7,5.68,46.5
2023-06-03 01:00:00,13146.93,0.0,9348.44,21.57,82.4,13.2,65.6
2023-06-03 02:00:00,13624.12,0.0,3.18,21.88,82.3,3.62,44.7
2023-06-03 03:00:00,13056.11,0.0,2.61,21.5,82.9,3.59,49.5
2023-06-03 04:00:00,14209.88,0.0,0.0,21.6,78.0,2.7,40.5
2023-06-03 05:00:00,15867.33,0.0,174.05,22.03,69.2,5.36,38.9
2023-06-03 06:00:00,18225.4,318.75,286.9,22.49,68.8,5.77,44.2
2023-06-03 07:00:00,20494.03,1313.23,0.0,24.68,73.1,2.86,42.6
2023-06-03 08:00:00,22281.49,2282.27,549.66,25.56,75.4,6.41,46.5
2023-06-03 09:00:00,22800.25,2940.44,501.65,25.41,73.9,6.38,55.2
2023-06-03 10:00:00,23518.09,3586.59,1356.81,26.13,81.7,7.65,58.4
2023-06-03 11:00:00,23271.38,4556.47,10000.0,27.43,65.7,12.13,49.9
2023-06-03 12:00:00,24838.69,5356.53,301.67,29.71,60.2,5.84,42.6
2023-06-03 13:00:00,26342.57,6318.16,0.0,31.0,56.5,1.42,26.4
2023-06-03 14:00:00,24701.46,6183.0,0.0,30.37,55.5,1.03,19.3
2023-06-03 15:00:00,27519.18,4167.41,932.98,33.16,63.4,7.06,46.7
2023-06-03 16:00:00,29185.83,3688.92,300.03,33.03,57.5,5.8,37.9
2023-06-03 17:00:00,29731.0,2829.91,0.0,33.69,49.0,1.94,25.3
2023-06-03 18:00:00,28676.51,1456.36,0.0,32.43,62.2,2.94,32.3
2023-06-03 19:00:00,28334.11,313.15,1077.46,31.71,52.9,7.35,33.4
2023-06-03 20:00:00,27676.85,0.0,321.69,31.16,56.4,5.93,33.3
2023-06-03 21:00:00,25502.34,0.0,546.12,30.9,59.3,6.4,52.4
2023-06-03 22:00:00,21729.72,0.0,5.17,30.41,69.0,3.73,59.0
2023-06-03 23:00:00,19509.55,0.0,1098.58,29.75,68.0,7.37,51.8
2023-06-04 00:00:00,16273.46,0.0,2926.19,28.08,76.0,9.02,46.5
2023-06-04 01:00:00,15124.04,0.0,6199.11,26.25,73.2,10.86,41.1
2023-06-04 02:00:00,13816.85,0.0,2761.57,25.76,78.9,8.96,52.9
2023-06-04 03:00:00,14381.16,0.0,1246.2,26.25,72.7,7.52,49.1
2023-06-04 04:00:00,15253.39,0.0,1931.71,25.76,63.0,8.33,27.9
2023-06-04 05:00:00,15287.07,0.0,612.52,27.03,66.2,6.63,30.2
2023-06-04 06:00:00,20107.2,385.76,37.34,28.97,61.4,4.41,14.3
2023-06-04 07:00:00,22746.31,1227.4,5394.35,28.46,70.2,10.37,45.0
2023-06-04 08:00:00,22766.63,2559.05,454.38,28.3,63.1,6.28,34.3
2023-06-04 09:00:00,23969.16,3667.57,529.19,29.06,65.9,6.47,34.4
2023-06-04 10:00:00,25151.18,4454.94,10000.0,30.35,59.7,13.78,39.6
2023-06-04 11:00:00,25299.12,5286.89,9227.49,30.63,58.3,12.87,37.6
2023-06-04 12:00:00,26899.97,5653.55,211.78,32.87,54.5,5.56,35.9
2023-06-04 13:00:00,27759.64,5315.53,0.0,33.78,59.5,0.5,42.8
2023-06-04 14:00:00,28401.06,3907.06,5.45,33.97,59.3,3.75,62.2
2023-06-04 15:00:00,27373.46,2992.27,4290.37,32.24,66.7,9.84,70.2
2023-06-04 16:00:00,26478.01,1816.59,0.0,30.44,78.4,2.91,85.7
2023-06-04 17:00:00,27350.66,1689.67,9681.11,30.17,66.9,16.39,69.1
2023-06-04 18:00:00,26653.56,858.82,0.0,26.95,74.0,1.29,70.8
2023-06-04 19:00:00,26406.52,263.68,261.0,27.1,75.9,5.66,70.4
2023-06-04 20:00:00,24062.21,0.0,206.12,25.74,79.1,5.52,72.4
2023-06-04 21:00:00,23876.16,0.0,6.8,28.04,76.4,3.8,86.5
2023-06-04 22:00:00,21507.98,0.0,8982.59,29.1,78.3,11.73,79.6
2023-06-04 23:00:00,17918.36,0.0,1032.34,27.38,77.9,7.29,71.4
2023-06-05 00:00:00,18880.18,0.0,40.71,26.09,82.9,4.44,75.3
2023-06-05 01:00:00,18565.1,0.0,317.86,26.11,71.9,5.86,51.1
2023-06-05 02:00:00,18673.46,0.0,2575.02,27.15,68.0,8.8,48.3
2023-06-05 03:00:00,17374.23,0.0,163.25,24.73,70.4,5.34,47.1
2023-06-05 04:00:00,17037.93,0.0,6182.79,22.62,74.7,10.88,36.6
2023-06-05 05:00:00,18582.15,0.0,15.2,22.24,76.1,4.05,51.1
2023-06-05 06:00:00,20463.06,351.52,64.79,23.52,70.4,4.72,38.4
2023-06-05 07:00:00,24315.64,1402.33,0.94,24.9,68.9,3.41,38.4
2023-06-05 08:00:00,26407.15,2338.76,0.0,27.06,66.3,2.69,43.5
2023-06-05 09:00:00,26073.55,2726.15,21.12,26.74,74.5,4.16,60.7
2023-06-05 10:00:00,26467.51,3511.9,9546.38,25.29,69.8,16.99,59.5
2023-06-05 11:00:00,27334.61,3542.65,0.0,27.41,76.3,1.66,69.8
2023-06-05 12:00:00,26279.83,3360.21,0.0,27.45,79.3,2.59,76.0
2023-06-05 13:00:00,26027.22,3451.04,0.0,26.0,75.9,2.9,74.5
2023-06-05 14:00:00,26997.72,4187.55,215.13,26.79,80.9,5.53,58.7
2023-06-05 15:00:00,26906.98,4362.17,639.86,27.96,67.1,6.69,40.6
2023-06-05 16:00:00,27686.92,3417.0,726.17,27.73,61.7,6.81,43.2
2023-06-05 17:00:00,28547.97,2490.18,0.0,26.82,66.8,0.5,37.7
2023-06-05 18:00:00,28853.45,1151.93,427.38,25.98,72.5,6.13,50.4
2023-06-05 19:00:00,28411.58,210.87,434.85,24.68,78.1,6.19,59.5
2023-06-05 20:00:00,27221.92,0.0,221.21,22.16,78.0,5.54,56.4
2023-06-05 21:00:00,25669.06,0.0,77.22,20.34,74.0,4.78,41.9
2023-06-05 22:00:00,22458.93,0.0,2627.94,19.91,76.0,8.81,49.2
2023-06-05 23:00:00,20435.74,0.0,126.26,19.29,75.7,5.11,37.3
2023-06-06 00:00:00,18577.92,0.0,38.69,18.8,74.8,4.44,29.6
2023-06-06 01:00:00,17370.45,0.0,150.53,17.08,72.7,5.28,20.5
2023-06-06 02:00:00,16632.04,0.0,534.91,16.59,75.5,6.4,22.5
2023-06-06 03:00:00,17262.57,0.0,61.92,14.23,88.7,4.65,40.0
2023-06-06 04:00:00,17193.04,0.0,1413.08,14.92,92.0,7.75,41.3
2023-06-06 05:00:00,18498.43,0.0,6444.32,17.26,84.2,10.84,37.2
2023-06-06 06:00:00,21354.73,358.22,1058.75,16.59,83.1,7.33,20.6
2023-06-06 07:00:00,23732.73,1420.66,322.85,17.21,83.5,5.9,30.9
2023-06-06 08:00:00,25278.98,2876.97,2518.23,19.02,78.7,8.8,24.0
2023-06-06 09:00:00,24901.95,3992.78,1627.13,21.89,71.2,7.92,28.7
2023-06-06 10:00:00,25747.22,4989.85,34.19,22.79,71.5,4.37,27.2
2023-06-06 11:00:00,24961.71,5075.11,346.76,23.37,71.6,5.96,40.1
2023-06-06 12:00:00,25236.26,5538.0,740.12,22.4,73.7,6.88,39.6
2023-06-06 13:00:00,25568.85,5500.63,0.0,23.61,73.3,2.68,40.3
2023-06-06 14:00:00,26850.15,4656.2,1.81,26.64,73.4,3.52,47.5
2023-06-06 15:00:00,27099.21,2911.86,0.0,27.25,77.8,1.2,73.2
2023-06-06 16:00:00,27471.94,1965.87,9612.72,27.19,77.6,12.61,81.3
2023-06-06 17:00:00,28457.43,1514.91,0.0,27.18,77.3,1.12,76.6
2023-06-06 18:00:00,28933.96,800.83,0.0,26.49,79.0,2.19,73.6
2023-06-06 19:00:00,28689.26,173.73,102.22,24.68,80.3,4.95,64.7
2023-06-06 20:00:00,26577.39,0.0,3087.05,24.56,68.5,9.16,51.7
2023-06-06 21:00:00,24886.47,0.0,55.13,23.64,69.8,4.6,45.0
2023-06-06 22:00:00,23088.93,0.0,2191.26,22.46,78.1,8.46,36.5
2023-06-06 23:00:00,20045.23,0.0,1487.76,20.28,78.9,7.8,46.1
2023-06-07 00:00:00,19072.59,0.0,1398.8,20.98,73.4,7.71,33.7
2023-06-07 01:00:00,17710.81,0.0,5110.23,20.97,78.5,10.19,51.8
2023-06-07 02:00:00,17419.73,0.0,0.0,19.85,82.3,2.06,60.7
2023-06-07 03:00:00,16068.47,0.0,9617.14,20.8,84.1,12.01,59.8
2023-06-07 04:00:00,17676.74,0.0,4788.33,20.35,77.8,10.08,58.8
2023-06-07 05:00:00,18417.77,0.0,9302.83,19.95,81.0,12.1,51.2
2023-06-07 06:00:00,21522.09,258.26,3186.74,19.91,82.7,9.3,54.4
2023-06-07 07:00:00,23636.33,919.98,5165.5,19.03,87.7,10.3,67.1
2023-06-07 08:00:00,25300.26,1989.48,4.17,20.9,81.8,3.67,56.7
2023-06-07 09:00:00,25102.2,3602.17,30.38,20.28,79.1,4.31,37.7
2023-06-07 10:00:00,25025.74,4172.97,12.36,20.43,77.0,3.97,47.7
2023-06-07 11:00:00,25967.75,4404.75,0.0,19.63,77.8,1.83,52.0
2023-06-07 12:00:00,25567.79,5548.43,773.47,20.98,86.1,6.88,38.5
2023-06-07 13:00:00,25097.79,5997.64,0.0,22.0,71.8,1.68,31.2
2023-06-07 14:00:00,24654.43,6063.61,0.0,22.52,69.6,0.53,23.3
2023-06-07 15:00:00,24496.23,5554.45,838.37,21.94,72.5,7.03,17.9
2023-06-07 16:00:00,26535.6,4404.31,2973.13,20.94,77.6,9.06,18.0
2023-06-07 17:00:00,27385.22,3043.38,928.24,21.47,68.5,7.06,18.8
2023-06-07 18:00:00,27928.26,1687.97,1751.38,20.54,67.0,8.02,14.9
2023-06-07 19:00:00,27895.77,347.03,332.84,20.34,65.1,5.89,10.1
2023-06-07 20:00:00,27256.48,0.0,3707.85,18.61,79.4,9.56,12.3
2023-06-07 21:00:00,25221.3,0.0,270.78,18.01,71.4,5.69,19.0
2023-06-07 22:00:00,22400.59,0.0,10000.0,18.59,74.6,14.15,19.0
2023-06-07 23:00:00,21159.62,0.0,0.0,18.37,75.6,2.97,36.8
2023-06-08 00:00:00,17927.24,0.0,3817.01,17.31,77.1,9.5,44.4
2023-06-08 01:00:00,16789.88,0.0,1656.06,17.07,77.5,7.92,26.1
2023-06-08 02:00:00,17004.6,0.0,1195.81,16.54,77.9,7.52,35.3
2023-06-08 03:00:00,16739.88,0.0,2614.52,16.6,81.1,8.89,44.5
2023-06-08 04:00:00,17680.29,0.0,5149.0,16.61,90.8,10.24,40.0
2023-06-08 05:00:00,18584.85,0.0,5582.48,17.12,79.6,10.47,23.4
2023-06-08 06:00:00,21125.68,292.92,11.21,18.33,80.8,3.95,26.8
2023-06-08 07:00:00,23410.4,1513.16,9.88,18.41,80.9,3.9,29.6
2023-06-08 08:00:00,25563.45,3050.47,0.0,18.69,74.1,1.27,18.7
2023-06-08 09:00:00,25664.61,4889.06,0.0,18.7,69.3,2.68,5.1
2023-06-08 10:00:00,25676.17,5890.92,2.3,18.54,73.4,3.56,9.6
2023-06-08 11:00:00,25832.5,6696.54,849.69,18.81,73.3,7.04,11.7
2023-06-08 12:00:00,25690.41,7174.98,63.37,20.48,67.9,4.67,11.4
2023-06-08 13:00:00,,6922.65,884.24,20.73,71.3,6.99,15.2
2023-06-08 14:00:00,25926.06,7026.17,41.24,22.26,63.6,4.45,6.2
2023-06-08 15:00:00,26230.08,6178.13,100.24,22.89,64.9,4.95,6.4
2023-06-08 16:00:00,26318.31,4345.4,0.0,20.97,69.8,1.3,18.1
2023-06-08 17:00:00,27470.21,3083.67,994.12,21.71,65.0,7.21,17.8
2023-06-08 18:00:00,27754.8,1813.37,1010.78,22.28,55.9,7.19,1.8
2023-06-08 19:00:00,28577.3,384.29,3.22,20.54,64.0,3.62,2.0
2023-06-08 20:00:00,27468.45,0.0,16.29,20.25,74.9,4.08,0.0
2023-06-08 21:00:00,25277.48,0.0,1.72,18.41,70.2,3.5,4.9
2023-06-08 22:00:00,22972.26,0.0,3041.88,17.66,78.0,9.02,14.3
2023-06-08 23:00:00,20934.36,0.0,2175.15,15.46,65.9,8.51,0.0
2023-06-09 00:00:00,19345.66,0.0,1137.12,13.06,77.2,7.45,13.9
2023-06-09 01:00:00,17895.93,0.0,64.28,12.39,74.5,4.7,5.0
2023-06-09 02:00:00,17679.31,0.0,23.65,12.27,85.3,4.23,29.1
2023-06-09 03:00:00,17968.91,0.0,0.0,12.15,96.5,2.86,31.1
2023-06-09 04:00:00,18478.14,0.0,0.0,11.49,86.4,2.74,18.5
2023-06-09 05:00:00,20126.82,0.0,26.35,12.06,88.1,4.25,8.7
2023-06-09 06:00:00,22021.95,443.5,0.08,13.64,80.4,3.18,17.9
2023-06-09 07:00:00,24153.16,1629.93,719.6,15.06,84.7,6.76,17.1
2023-06-09 08:00:00,24064.07,3028.77,94.45,16.87,85.7,4.93,20.0
2023-06-09 09:00:00,26129.13,3494.55,159.85,17.78,81.4,5.28,43.0
2023-06-09 10:00:00,26177.57,4675.77,434.42,20.74,73.7,6.16,35.6
2023-06-09 11:00:00,26831.15,5321.7,558.96,20.93,71.0,6.44,38.1
2023-06-09 12:00:00,25515.47,4493.0,375.62,22.85,76.9,6.09,56.6
2023-06-09 13:00:00,25111.59,4338.72,0.0,25.24,75.8,2.81,59.2
2023-06-09 14:00:00,26161.76,5265.32,1191.69,26.48,76.8,7.49,38.9
2023-06-09 15:00:00,26798.09,4105.36,3429.82,26.61,65.1,9.31,46.3
2023-06-09 16:00:00,26789.99,3811.61,0.03,26.05,68.0,3.13,32.9
2023-06-09 17:00:00,29133.98,2191.39,0.0,26.92,64.0,0.5,51.9
2023-06-09 18:00:00,28213.67,1349.16,3317.62,24.72,70.2,9.25,41.9
2023-06-09 19:00:00,27787.13,169.75,4669.54,22.88,84.9,10.06,78.6
2023-06-09 20:00:00,26689.3,0.0,0.0,21.55,91.1,1.36,92.8
2023-06-09 21:00:00,26348.44,0.0,0.0,21.95,87.2,0.54,78.2
2023-06-09 22:00:00,22192.27,0.0,2828.98,21.3,86.6,9.05,75.2
2023-06-09 23:00:00,20462.68,0.0,70.12,19.22,91.7,4.77,81.3
2023-06-10 00:00:00,14259.46,0.0,7302.39,18.23,92.4,11.29,86.8
2023-06-10 01:00:00,14182.33,0.0,44.22,17.0,89.9,4.51,87.7
2023-06-10 02:00:00,13184.74,0.0,5771.78,15.98,90.8,10.56,98.3
2023-06-10 03:00:00,13914.73,0.0,0.03,17.16,92.5,3.13,91.0
2023-06-10 04:00:00,14320.66,0.0,105.88,16.0,93.5,5.0,81.8
2023-06-10 05:00:00,15522.18,0.0,9404.17,18.52,93.5,13.58,73.8
2023-06-10 06:00:00,17173.86,225.51,39.03,20.34,87.4,4.45,81.3
2023-06-10 07:00:00,20391.69,674.52,0.32,22.61,84.1,3.29,82.0
2023-06-10 08:00:00,21729.82,1325.39,3939.41,23.26,85.4,9.65,81.7
2023-06-10 09:00:00,22811.58,1751.93,0.0,24.38,82.7,2.53,87.5
2023-06-10 10:00:00,22175.59,3615.86,0.0,24.08,80.1,1.99,58.4
2023-06-10 11:00:00,23349.06,3942.69,5.37,24.8,84.5,3.75,61.2
2023-06-10 12:00:00,23585.82,4272.72,334.92,26.5,83.3,5.98,62.5
2023-06-10 13:00:00,23423.6,3004.47,547.3,28.8,76.3,6.5,81.1
2023-06-10 14:00:00,23458.88,4108.44,2382.24,28.09,72.8,8.59,59.1
2023-06-10 15:00:00,23763.8,2728.78,81.56,27.95,82.4,4.84,76.7
2023-06-10 16:00:00,24736.48,2156.91,4.92,27.74,75.2,3.73,74.5
2023-06-10 17:00:00,24410.25,1525.26,2.6,25.84,81.9,3.58,77.5
2023-06-10 18:00:00,25542.11,518.0,2022.26,25.93,78.7,8.33,94.3
2023-06-10 19:00:00,25114.83,134.34,890.48,24.29,84.7,7.07,95.8
2023-06-10 20:00:00,23564.82,0.0,4232.26,23.11,92.0,9.92,95.1
2023-06-10 21:00:00,20864.21,0.0,9954.97,21.57,86.1,12.05,92.7
2023-06-10 22:00:00,18977.47,0.0,43.09,19.67,88.4,4.47,81.8
2023-06-10 23:00:00,17206.9,0.0,588.83,18.75,82.9,6.55,77.7
2023-06-11 00:00:00,15151.0,0.0,1321.4,17.9,95.4,7.65,65.6
2023-06-11 01:00:00,13017.48,0.0,14.44,16.97,93.1,4.04,63.2
2023-06-11 02:00:00,13710.31,0.0,0.0,15.93,82.9,2.87,33.6
2023-06-11 03:00:00,13897.38,0.0,6160.88,16.4,85.3,10.71,40.8
2023-06-11 04:00:00,14042.52,0.0,910.41,18.62,81.6,7.15,40.4
2023-06-11 05:00:00,15694.11,0.0,1059.26,19.38,83.8,7.32,37.6
2023-06-11 06:00:00,18728.04,332.27,887.01,21.34,74.5,7.0,41.7
2023-06-11 07:00:00,20380.45,1459.3,2325.26,20.83,76.1,8.6,25.5
2023-06-11 08:00:00,21940.44,2099.67,0.03,22.28,82.0,3.13,51.6
2023-06-11 09:00:00,21784.64,3232.65,651.24,22.42,82.0,6.64,50.2
2023-06-11 10:00:00,22116.25,4075.81,129.99,22.21,68.0,5.16,48.5
2023-06-11 11:00:00,22378.17,5207.29,3579.21,22.81,70.9,9.45,37.1
2023-06-11 12:00:00,23167.9,5571.15,111.59,25.4,66.1,5.02,39.0
2023-06-11 13:00:00,22988.3,4523.54,5105.32,27.4,72.5,10.18,56.9
2023-06-11 14:00:00,24206.72,3594.31,1.01,28.27,65.5,3.42,68.6
2023-06-11 15:00:00,22791.95,2637.78,6706.23,26.84,69.4,10.99,76.6
2023-06-11 16:00:00,24095.97,2027.43,2250.16,26.65,87.4,8.48,80.0
2023-06-11 17:00:00,25276.21,1571.72,179.77,26.7,79.1,5.35,72.1
2023-06-11 18:00:00,25688.84,1158.57,5.16,26.29,72.7,3.73,52.1
2023-06-11 19:00:00,24926.59,313.61,19.2,23.41,77.0,4.15,49.4
2023-06-11 20:00:00,23065.86,0.0,1616.96,21.52,78.1,7.89,46.7
2023-06-11 21:00:00,21490.24,0.0,487.32,20.51,86.2,6.36,59.7
2023-06-11 22:00:00,18766.49,0.0,147.68,20.14,80.8,5.26,62.3
2023-06-11 23:00:00,16844.38,0.0,1133.86,16.8,93.3,7.43,80.2
2023-06-12 00:00:00,18243.94,0.0,2320.2,16.13,97.0,8.61,90.7
2023-06-12 01:00:00,17912.44,0.0,0.0,15.87,89.7,2.17,80.3
2023-06-12 02:00:00,17125.1,0.0,0.67,16.65,91.6,3.37,55.1
2023-06-12 03:00:00,17117.52,0.0,1.23,17.49,87.5,3.46,71.1
2023-06-12 04:00:00,17111.29,0.0,73.56,18.48,95.4,4.76,84.9
2023-06-12 05:00:00,18982.55,0.0,435.44,18.22,87.0,6.18,64.3
2023-06-12 06:00:00,22040.47,200.55,3634.92,17.06,98.8,9.42,80.7
2023-06-12 07:00:00,23194.69,795.4,132.69,17.92,87.1,5.16,81.6
2023-06-12 08:00:00,24372.41,1509.43,0.0,20.48,82.9,1.3,79.7
2023-06-12 09:00:00,25978.61,1389.55,229.76,23.48,83.4,5.58,95.5
2023-06-12 10:00:00,25965.5,1587.05,9321.0,25.61,85.7,15.26,100.0
2023-06-12 11:00:00,26458.0,1881.0,10.84,27.3,88.9,3.95,100.0
2023-06-12 12:00:00,27848.22,1969.65,7193.86,28.74,87.1,11.07,100.0
2023-06-12 13:00:00,27047.65,1852.83,0.0,28.9,71.3,1.31,100.0
2023-06-12 14:00:00,28312.4,2110.49,0.0,29.27,79.8,1.93,95.1
2023-06-12 15:00:00,29410.81,2189.18,565.28,31.31,61.6,6.47,89.0
2023-06-12 16:00:00,28930.53,2215.48,50.0,30.05,75.5,4.56,73.5
2023-06-12 17:00:00,30794.18,1762.74,855.56,31.34,73.3,7.07,66.7
2023-06-12 18:00:00,31059.26,947.87,2264.99,30.11,68.8,8.59,60.3
2023-06-12 19:00:00,30118.59,323.33,0.06,30.5,66.5,3.17,51.4
2023-06-12 20:00:00,27020.54,0.0,860.4,27.63,70.8,6.95,52.9
2023-06-12 21:00:00,25438.07,0.0,630.84,26.97,67.3,6.59,48.6
2023-06-12 22:00:00,23445.74,0.0,4017.7,24.82,76.7,9.72,54.8
2023-06-12 23:00:00,19784.34,0.0,270.07,22.07,72.9,5.77,34.8
2023-06-13 00:00:00,17554.47,0.0,0.0,21.51,78.4,2.53,35.0
2023-06-13 01:00:00,17360.04,0.0,1130.58,21.89,74.5,7.35,38.3
2023-06-13 02:00:00,17901.11,0.0,10000.0,20.45,72.9,12.98,36.0
2023-06-13 03:00:00,17291.35,0.0,0.0,18.66,72.6,2.11,35.5
2023-06-13 04:00:00,16839.8,0.0,85.0,18.85,66.7,4.83,18.2
2023-06-13 05:00:00,18431.69,0.0,166.24,19.35,80.7,5.33,26.3
2023-06-13 06:00:00,20841.82,345.64,2747.59,20.84,74.2,8.97,36.9
2023-06-13 07:00:00,23429.09,1235.71,94.62,22.96,76.3,4.95,44.3
2023-06-13 08:00:00,25622.94,1980.42,12.87,24.06,83.8,3.98,57.4
2023-06-13 09:00:00,26650.97,2769.2,817.41,27.35,70.2,6.95,58.9
2023-06-13 10:00:00,27201.39,3404.38,0.0,28.73,69.2,1.28,63.6
2023-06-13 11:00:00,27592.39,3821.45,0.0,29.39,70.3,2.46,63.8
2023-06-13 12:00:00,28520.9,3761.2,20.61,28.52,73.8,4.15,70.3
2023-06-13 13:00:00,27902.21,4964.69,2.24,29.02,75.1,3.56,48.9
2023-06-13 14:00:00,27173.93,5370.98,0.65,29.17,71.0,3.37,38.3
2023-06-13 15:00:00,29244.47,3665.25,0.0,30.45,70.5,1.23,58.7
2023-06-13 16:00:00,29019.14,4103.77,1.52,30.78,65.7,3.48,28.1
2023-06-13 17:00:00,29478.7,2845.53,1207.48,28.97,62.0,7.47,29.0
2023-06-13 18:00:00,29830.94,1214.3,22.2,28.44,68.8,4.2,45.6
2023-06-13 19:00:00,29501.74,267.21,291.72,28.21,66.5,5.81,44.9
2023-06-13 20:00:00,28272.71,0.0,0.0,28.72,60.8,2.68,40.6
2023-06-13 21:00:00,26840.71,0.0,0.0,28.33,72.0,1.95,43.3
2023-06-13 22:00:00,23206.69,0.0,4844.23,27.76,69.2,10.04,39.8
2023-06-13 23:00:00,20865.92,0.0,112.67,26.46,69.4,5.01,41.4
2023-06-14 00:00:00,19416.95,0.0,184.94,25.83,68.3,5.4,33.9
2023-06-14 01:00:00,18612.91,0.0,6205.33,26.23,65.5,10.72,49.1
2023-06-14 02:00:00,16754.79,0.0,2450.75,24.0,75.0,8.66,66.2
2023-06-14 03:00:00,16181.07,0.0,3107.19,23.27,80.4,9.21,62.6
2023-06-14 04:00:00,16225.72,0.0,2077.61,22.44,73.6,8.41,44.4
2023-06-14 05:00:00,19143.49,0.0,1.02,23.25,72.3,3.43,38.7
2023-06-14 06:00:00,21771.63,423.08,10000.0,25.26,69.7,12.63,37.8
2023-06-14 07:00:00,24464.8,1241.73,6737.24,25.42,69.0,10.91,45.3
2023-06-14 08:00:00,26099.89,2662.75,10.87,23.82,67.2,3.95,33.7
2023-06-14 09:00:00,25961.53,4054.3,2323.55,24.64,61.6,8.58,26.3
2023-06-14 10:00:00,26931.74,4703.55,64.31,26.95,66.5,4.7,35.2
2023-06-14 11:00:00,27150.94,4763.86,679.1,28.69,70.4,6.67,48.2
2023-06-14 12:00:00,29200.02,5398.1,0.0,30.12,57.5,2.16,40.9
2023-06-14 13:00:00,28467.86,6412.38,104.82,30.51,59.7,4.98,25.9
2023-06-14 14:00:00,27420.17,3639.74,0.0,29.54,72.8,1.46,68.2
2023-06-14 15:00:00,28700.88,2773.77,78.07,30.32,68.4,4.8,75.3
2023-06-14 16:00:00,29401.68,2454.75,0.0,29.24,78.0,2.54,69.0
2023-06-14 17:00:00,32038.94,1489.84,28.22,31.23,70.0,4.3,77.1
2023-06-14 18:00:00,31172.88,875.95,470.97,31.01,70.3,6.27,72.3
2023-06-14 19:00:00,30542.64,216.69,3018.38,29.26,74.4,9.07,79.9
2023-06-14 20:00:00,28157.72,0.0,0.0,27.36,70.2,2.7,78.2
2023-06-14 21:00:00,26209.71,0.0,4603.8,25.98,82.6,9.98,75.8
2023-06-14 22:00:00,22978.69,0.0,136.18,24.46,75.8,5.17,71.3
2023-06-14 23:00:00,20745.54,0.0,4228.45,24.53,73.5,9.73,51.3
2023-06-15 00:00:00,18930.67,0.0,674.44,23.8,83.6,6.66,74.1
2023-06-15 01:00:00,16613.7,0.0,5551.85,22.14,85.8,10.46,59.8
2023-06-15 02:00:00,17184.98,0.0,1916.66,23.71,69.0,8.24,42.2
2023-06-15 03:00:00,16362.02,0.0,877.09,23.45,71.5,6.98,40.5
2023-06-15 04:00:00,17215.5,0.0,190.85,24.31,75.0,5.42,30.0
2023-06-15 05:00:00,18956.88,0.0,9913.78,23.93,72.3,13.34,31.7
2023-06-15 06:00:00,21114.46,280.5,3323.8,24.96,74.3,9.39,42.1
2023-06-15 07:00:00,24258.24,1234.12,185.74,26.14,68.9,5.39,54.9
2023-06-15 08:00:00,24960.38,1818.86,0.47,25.05,75.4,3.33,64.0
2023-06-15 09:00:00,27096.62,2850.17,1880.97,28.48,70.1,8.28,58.5
2023-06-15 10:00:00,29417.23,3721.57,10000.0,30.98,63.7,13.75,58.0
2023-06-15 11:00:00,30056.05,3891.83,0.8,31.47,60.7,3.39,61.8
2023-06-15 12:00:00,28793.68,5678.47,3823.49,31.05,60.3,9.62,39.2
2023-06-15 13:00:00,30364.97,5114.5,0.0,32.08,68.3,1.57,47.3
2023-06-15 14:00:00,30316.82,5716.97,5202.36,32.53,58.2,10.39,30.0
2023-06-15 15:00:00,31390.13,3641.56,634.73,32.96,69.6,6.69,56.8
2023-06-15 16:00:00,30456.61,3085.18,0.66,32.86,63.5,3.37,51.0
2023-06-15 17:00:00,32529.88,2218.78,0.05,32.79,59.2,3.16,48.6
2023-06-15 18:00:00,33981.35,1345.13,374.48,33.45,64.1,6.05,39.4
2023-06-15 19:00:00,31952.8,376.82,325.38,32.83,59.1,5.87,33.0
2023-06-15 20:00:00,30738.11,0.0,4829.02,30.24,73.1,10.23,62.3
2023-06-15 21:00:00,27706.93,0.0,1720.77,30.3,67.3,8.13,72.0
2023-06-15 22:00:00,25943.84,0.0,516.33,30.59,70.0,6.34,50.7
2023-06-15 23:00:00,25282.88,0.0,7999.44,32.54,71.8,11.37,68.5
2023-06-16 00:00:00,20860.12,0.0,1016.23,29.89,75.4,7.31,80.3
2023-06-16 01:00:00,20052.33,0.0,4870.91,28.95,70.5,10.26,73.2
2023-06-16 02:00:00,18388.47,0.0,5167.25,25.75,78.2,10.25,73.9
2023-06-16 03:00:00,16949.36,0.0,8794.76,25.93,79.8,11.75,70.8
2023-06-16 04:00:00,17682.35,0.0,0.01,25.2,84.6,3.08,91.8
2023-06-16 05:00:00,20510.43,0.0,1145.4,27.56,79.1,7.43,77.1
2023-06-16 06:00:00,21566.14,213.14,505.8,27.12,81.0,6.31,75.5
2023-06-16 07:00:00,24944.22,915.8,461.63,25.98,73.8,6.24,67.2
2023-06-16 08:00:00,26810.9,2316.82,252.44,26.48,66.3,5.71,47.8
2023-06-16 09:00:00,26674.76,2378.46,2880.71,25.44,78.8,9.04,74.2
2023-06-16 10:00:00,27281.7,3751.66,13.39,27.53,70.4,4.0,57.0
2023-06-16 11:00:00,27405.88,4132.56,77.25,26.4,76.9,4.82,58.7
2023-06-16 12:00:00,27149.9,5771.74,0.0,27.54,62.3,2.49,36.6
2023-06-16 13:00:00,25619.1,5970.75,0.0,26.12,71.8,2.73,33.3
2023-06-16 14:00:00,26011.87,5243.71,321.98,26.49,74.4,5.89,40.3
2023-06-16 15:00:00,27470.35,4904.83,0.0,28.7,63.7,1.32,31.4
2023-06-16 16:00:00,28364.65,3497.81,0.0,29.06,65.7,2.06,40.6
2023-06-16 17:00:00,28831.77,2558.19,91.36,27.72,63.7,4.89,38.3
2023-06-16 18:00:00,29123.14,1151.52,0.0,27.06,69.3,0.7,53.5
2023-06-16 19:00:00,28646.43,172.85,0.0,26.22,75.0,2.03,69.3
2023-06-16 20:00:00,28055.0,0.0,3172.61,25.71,80.7,9.13,59.8
2023-06-16 21:00:00,25242.66,0.0,3268.17,23.05,78.3,9.17,59.5
2023-06-16 22:00:00,22899.59,0.0,88.3,22.63,74.1,4.85,60.4
2023-06-16 23:00:00,19212.74,0.0,129.61,18.62,87.6,5.14,66.5
2023-06-17 00:00:00,14868.16,0.0,9274.14,17.36,91.1,11.87,64.3
2023-06-17 01:00:00,14562.56,0.0,0.0,16.38,89.1,2.24,64.7
2023-06-17 02:00:00,14093.14,0.0,1229.81,16.93,93.1,7.52,59.9
2023-06-17 03:00:00,13940.04,0.0,1331.71,17.06,90.2,7.7,59.9
2023-06-17 04:00:00,14056.51,0.0,3787.79,15.93,88.0,9.54,74.1
2023-06-17 05:00:00,15740.9,0.0,9224.93,15.65,91.6,12.57,78.8
2023-06-17 06:00:00,17524.72,204.83,190.35,17.01,94.0,5.45,83.6
2023-06-17 07:00:00,20780.26,725.11,292.5,18.25,85.8,5.83,88.1
2023-06-17 08:00:00,21499.67,1336.89,1242.06,19.1,91.0,7.47,81.5
2023-06-17 09:00:00,22506.4,1944.02,9344.9,20.15,81.1,12.21,81.4
2023-06-17 10:00:00,22429.61,3325.3,4015.79,22.51,84.7,9.62,64.5
2023-06-17 11:00:00,22587.87,3119.05,557.85,23.39,86.3,6.52,77.8
2023-06-17 12:00:00,23032.3,5492.78,2223.73,24.59,73.8,8.48,40.9
2023-06-17 13:00:00,23879.7,5553.14,0.0,28.03,64.3,1.11,40.8
2023-06-17 14:00:00,23211.04,4345.92,2.82,27.08,72.6,3.6,55.4
2023-06-17 15:00:00,22567.27,4634.67,0.0,25.42,67.9,0.5,38.3
2023-06-17 16:00:00,24449.01,3369.09,0.0,26.44,65.9,1.97,44.3
2023-06-17 17:00:00,24755.55,2495.32,268.24,25.47,68.2,5.75,36.7
2023-06-17 18:00:00,25429.05,1399.65,2871.63,24.64,72.7,8.98,33.7
2023-06-17 19:00:00,24485.41,240.56,451.03,23.08,75.6,6.21,46.8
2023-06-17 20:00:00,23087.82,0.0,754.4,21.96,83.4,6.78,49.4
2023-06-17 21:00:00,21885.94,0.0,0.0,22.79,73.4,2.37,24.9
2023-06-17 22:00:00,18948.58,0.0,1148.47,22.63,71.0,7.41,16.1
2023-06-17 23:00:00,17009.71,0.0,341.85,22.55,65.9,5.96,31.7
2023-06-18 00:00:00,13330.61,0.0,1504.61,20.19,76.3,7.82,38.9
2023-06-18 01:00:00,13819.63,0.0,188.19,18.32,81.3,5.41,61.0
2023-06-18 02:00:00,13755.72,0.0,1200.92,14.94,94.3,7.53,79.7
2023-06-18 03:00:00,13357.98,0.0,495.52,14.28,91.2,6.32,71.8
2023-06-18 04:00:00,14084.84,0.0,1054.57,15.92,97.0,7.34,99.1
2023-06-18 05:00:00,15223.33,0.0,8.75,17.31,99.0,3.87,93.3
2023-06-18 06:00:00,17797.34,216.63,269.87,18.11,91.6,5.75,76.4
2023-06-18 07:00:00,20151.81,874.36,167.2,19.36,89.3,5.34,65.4
2023-06-18 08:00:00,22237.36,2541.68,1796.29,20.02,70.6,8.11,36.3
2023-06-18 09:00:00,22445.69,2904.51,1150.36,21.78,80.0,7.49,57.0
2023-06-18 10:00:00,22724.61,2766.0,4334.33,24.13,84.9,10.0,75.1
2023-06-18 11:00:00,22650.71,4077.19,419.4,23.71,83.8,6.2,59.8
2023-06-18 12:00:00,23904.52,4618.0,1.02,25.33,68.3,3.43,55.7
2023-06-18 13:00:00,23240.32,4663.02,1010.73,27.37,70.3,7.28,55.9
2023-06-18 14:00:00,22989.45,4950.98,49.0,27.57,72.4,4.53,43.5
2023-06-18 15:00:00,23657.5,5341.16,0.0,28.7,60.8,2.07,23.1
2023-06-18 16:00:00,27316.43,4218.9,705.11,31.77,53.8,6.76,23.6
2023-06-18 17:00:00,28327.37,2920.2,0.0,31.12,51.9,1.65,22.7
2023-06-18 18:00:00,27626.65,1572.06,0.0,30.74,54.4,2.28,21.1
2023-06-18 19:00:00,26248.3,318.59,1105.03,28.86,55.6,7.44,27.1
2023-06-18 20:00:00,24695.32,0.0,1583.57,27.89,68.9,7.86,46.8
2023-06-18 21:00:00,22745.16,0.0,2212.95,27.12,72.5,8.41,43.4
2023-06-18 22:00:00,19090.01,0.0,36.61,26.04,66.0,4.42,46.0
2023-06-18 23:00:00,17282.98,0.0,4816.1,23.69,77.6,10.09,55.0
2023-06-19 00:00:00,18781.91,0.0,2100.21,23.05,82.3,8.5,60.6
2023-06-19 01:00:00,16692.98,0.0,4407.93,23.89,75.5,10.03,51.8
2023-06-19 02:00:00,17827.15,0.0,2371.7,23.8,69.4,8.67,52.5
2023-06-19 03:00:00,17805.3,0.0,1298.13,24.57,77.8,7.55,58.6
2023-06-19 04:00:00,16036.9,0.0,2.92,24.28,72.7,3.6,43.8
2023-06-19 05:00:00,18316.13,0.0,2298.87,25.43,74.6,8.58,59.5
2023-06-19 06:00:00,21916.76,287.52,1837.7,26.3,75.8,8.18,75.3
2023-06-19 07:00:00,25081.12,997.05,85.32,26.05,75.7,4.86,63.4
2023-06-19 08:00:00,26568.76,1819.58,1730.66,27.43,75.6,8.1,63.9
2023-06-19 09:00:00,26852.55,2528.1,415.83,27.44,84.6,6.11,69.7
2023-06-19 10:00:00,27525.13,3524.47,316.75,27.91,72.5,5.87,60.6
2023-06-19 11:00:00,27750.08,3922.68,17.2,29.26,77.3,4.09,64.9
2023-06-19 12:00:00,29345.12,4013.84,0.0,30.55,70.9,1.67,64.8
2023-06-19 13:00:00,28107.88,5233.06,0.0,29.95,65.0,2.44,45.2
2023-06-19 14:00:00,28552.0,4514.53,871.21,31.62,65.1,7.0,51.1
2023-06-19 15:00:00,29858.58,4625.16,0.0,32.37,55.2,2.73,37.5
2023-06-19 16:00:00,30145.66,3176.21,0.0,31.36,65.8,0.5,50.1
2023-06-19 17:00:00,29522.8,2396.85,9488.37,29.16,57.7,14.69,41.8
2023-06-19 18:00:00,29695.31,1320.2,0.0,28.31,63.1,2.57,40.6
2023-06-19 19:00:00,28903.86,243.91,523.0,26.91,73.3,6.41,58.0
2023-06-19 20:00:00,27630.03,0.0,5235.66,25.99,80.1,10.44,62.8
2023-06-19 21:00:00,24796.38,0.0,575.01,24.44,79.5,6.52,48.1
2023-06-19 22:00:00,23150.57,0.0,2588.07,21.1,74.5,8.83,35.9
2023-06-19 23:00:00,20141.0,0.0,9799.58,19.75,76.5,13.35,30.2
2023-06-20 00:00:00,18388.86,0.0,4907.04,18.79,82.8,10.24,36.8
2023-06-20 01:00:00,17443.82,0.0,945.37,18.98,74.7,7.21,42.5
2023-06-20 02:00:00,16715.58,0.0,285.96,17.93,80.8,5.82,33.0
2023-06-20 03:00:00,17210.24,0.0,697.03,19.84,70.1,6.77,20.8
2023-06-20 04:00:00,17236.53,0.0,5011.98,18.01,76.9,10.26,27.4
2023-06-20 05:00:00,18832.99,0.0,5398.83,20.16,72.9,10.32,27.7
2023-06-20 06:00:00,20080.09,264.37,4474.86,20.8,82.6,10.01,56.0
2023-06-20 07:00:00,24200.77,1072.2,872.76,22.87,80.1,7.1,55.5
2023-06-20 08:00:00,25324.7,1568.81,313.61,24.19,84.8,5.84,76.4
2023-06-20 09:00:00,26883.36,2796.05,26.98,26.74,74.7,4.25,58.9
2023-06-20 10:00:00,27829.28,4582.94,0.0,27.54,67.8,0.5,38.7
2023-06-20 11:00:00,27541.01,5897.96,1193.54,27.5,71.5,7.51,26.4
2023-06-20 12:00:00,28500.44,5325.99,0.03,30.13,58.5,3.13,43.2
2023-06-20 13:00:00,28586.73,4039.49,0.59,30.75,76.0,3.36,64.9
2023-06-20 14:00:00,30295.22,4437.38,1704.88,31.46,64.2,7.97,53.5
2023-06-20 15:00:00,30962.63,4165.66,0.0,32.96,64.0,0.5,47.3
2023-06-20 16:00:00,30232.86,3774.96,3860.57,31.56,58.8,9.61,33.3
2023-06-20 17:00:00,31369.46,3152.05,0.0,31.7,52.1,0.5,13.3
2023-06-20 18:00:00,30634.42,1479.46,4826.39,30.22,62.2,10.25,26.1
2023-06-20 19:00:00,29015.62,308.43,76.28,29.06,67.3,4.76,31.4
2023-06-20 20:00:00,28981.45,0.0,0.0,27.97,67.1,2.04,33.5
2023-06-20 21:00:00,25142.55,0.0,955.63,25.06,63.4,7.18,18.5
2023-06-20 22:00:00,22559.79,0.0,5001.0,23.04,88.6,10.34,41.7
2023-06-20 23:00:00,20246.77,0.0,305.91,23.5,77.0,5.83,36.4
2023-06-21 00:00:00,18956.49,0.0,1953.52,23.63,77.6,8.19,43.9
2023-06-21 01:00:00,17079.43,0.0,9907.07,22.76,69.4,14.01,26.9
2023-06-21 02:00:00,17027.6,0.0,79.33,22.53,68.7,4.84,27.1
2023-06-21 03:00:00,17030.47,0.0,4517.94,22.0,72.4,10.0,33.1
2023-06-21 04:00:00,16689.96,0.0,151.35,23.64,76.9,5.28,38.8
2023-06-21 05:00:00,18270.77,0.0,446.06,23.8,69.1,6.18,41.7
2023-06-21 06:00:00,21191.26,346.83,84.12,24.73,69.2,4.86,48.4
2023-06-21 07:00:00,24913.96,1339.27,328.9,26.89,69.2,5.89,34.7
2023-06-21 08:00:00,26315.06,2505.86,0.0,27.03,69.1,0.86,38.6
2023-06-21 09:00:00,28154.38,3603.12,21.56,29.88,61.4,4.19,41.1
2023-06-21 10:00:00,28295.11,4337.92,105.2,29.24,61.9,4.98,44.7
2023-06-21 11:00:00,29798.86,4885.7,451.45,32.1,68.3,6.2,45.9
2023-06-21 12:00:00,30253.75,6101.03,348.2,32.5,59.6,6.0,30.8
2023-06-21 13:00:00,30384.14,6956.15,171.23,32.84,48.8,5.35,17.0
2023-06-21 14:00:00,28512.26,7437.99,0.0,31.11,47.3,2.95,0.0
2023-06-21 15:00:00,29973.48,6005.37,5054.38,30.78,54.1,10.17,10.4
2023-06-21 16:00:00,27690.3,4143.95,5.03,29.5,63.8,3.72,24.8
2023-06-21 17:00:00,29811.03,2571.32,0.0,28.46,68.0,2.44,37.7
2023-06-21 18:00:00,29915.05,1276.39,162.61,27.68,72.4,5.3,42.5
2023-06-21 19:00:00,29610.92,488.31,1123.04,27.87,55.4,7.33,17.6
2023-06-21 20:00:00,27897.34,0.0,0.0,27.01,61.3,0.53,8.9
2023-06-21 21:00:00,26423.46,0.0,12.25,26.15,69.0,3.97,15.6
2023-06-21 22:00:00,22522.49,0.0,3285.07,23.72,73.4,9.17,21.1
2023-06-21 23:00:00,20376.6,0.0,488.52,21.69,72.5,6.37,21.6
2023-06-22 00:00:00,18270.05,0.0,307.34,22.94,80.5,5.85,28.9
2023-06-22 01:00:00,17295.46,0.0,9646.3,21.38,76.3,11.9,31.2
2023-06-22 02:00:00,16981.05,0.0,0.6,22.79,76.9,3.36,34.6
2023-06-22 03:00:00,16377.36,0.0,1601.84,22.32,72.1,7.86,28.5
2023-06-22 04:00:00,16909.69,0.0,243.89,22.45,72.1,5.65,42.6
2023-06-22 05:00:00,19692.85,0.0,0.0,24.08,68.3,3.0,38.0
2023-06-22 06:00:00,23220.06,376.64,28.37,26.15,65.9,4.3,23.1
2023-06-22 07:00:00,25021.92,1583.39,1078.72,26.85,61.8,7.36,16.8
2023-06-22 08:00:00,26808.91,3094.91,0.0,27.42,54.6,1.56,16.3
2023-06-22 09:00:00,27477.01,3908.87,547.14,28.48,60.0,6.46,32.0
2023-06-22 10:00:00,28686.06,4907.64,7691.85,29.99,61.1,11.42,33.3
2023-06-22 11:00:00,30344.71,5550.59,1585.83,32.0,62.3,7.87,32.8
2023-06-22 12:00:00,31082.98,6689.42,3.82,32.82,54.9,3.67,19.6
2023-06-22 13:00:00,32340.85,6034.54,0.0,34.1,56.0,1.71,32.3
2023-06-22 14:00:00,33447.05,5978.15,27.26,36.18,48.0,4.28,26.3
2023-06-22 15:00:00,35766.51,5041.48,4.18,36.47,52.0,3.68,27.7
2023-06-22 16:00:00,35010.97,3255.52,7514.85,36.35,62.3,11.3,47.8
2023-06-22 17:00:00,33509.99,2085.4,9770.6,33.9,62.6,13.01,53.9
2023-06-22 18:00:00,30735.9,1455.93,21.96,30.05,56.3,4.17,33.5
2023-06-22 19:00:00,29972.12,397.0,0.0,29.49,53.2,2.25,14.0
2023-06-22 20:00:00,28691.85,0.0,4549.79,28.2,63.2,10.04,17.2
2023-06-22 21:00:00,26188.79,0.0,2165.89,26.37,59.8,8.45,6.3
2023-06-22 22:00:00,23342.73,0.0,398.84,25.41,64.9,6.11,19.0
2023-06-22 23:00:00,20196.76,0.0,163.65,24.19,65.4,5.27,22.9
2023-06-23 00:00:00,17257.57,0.0,433.23,24.55,70.5,6.16,27.6
2023-06-23 01:00:00,16729.61,0.0,7232.08,23.81,66.8,11.19,21.5
2023-06-23 02:00:00,16914.11,0.0,32.66,22.44,75.2,4.35,45.5
2023-06-23 03:00:00,17027.69,0.0,4110.28,23.35,79.9,9.82,79.8
2023-06-23 04:00:00,17070.61,0.0,0.0,23.19,85.3,2.17,72.5
2023-06-23 05:00:00,18687.79,0.0,8825.79,24.18,79.7,11.62,73.7
2023-06-23 06:00:00,21561.53,195.03,629.11,24.33,82.3,6.56,71.7
2023-06-23 07:00:00,24024.67,967.68,20.91,24.55,73.3,4.16,65.6
2023-06-23 08:00:00,25588.87,2049.08,0.0,25.79,80.2,0.73,53.4
2023-06-23 09:00:00,25935.66,3665.03,429.53,27.03,73.2,6.19,39.7
2023-06-23 10:00:00,27350.9,5184.88,0.86,28.78,54.8,3.4,26.9
2023-06-23 11:00:00,28745.59,5485.06,425.2,29.6,59.9,6.19,34.2
2023-06-23 12:00:00,27063.22,6121.6,0.06,28.54,65.4,3.16,29.6
2023-06-23 13:00:00,27815.69,7844.57,0.0,28.93,50.4,1.15,0.7
2023-06-23 14:00:00,28987.4,6800.7,50.89,30.4,55.8,4.59,11.6
2023-06-23 15:00:00,28237.4,5648.22,113.79,30.3,59.2,5.03,15.5
2023-06-23 16:00:00,28747.74,3732.66,22.83,29.94,62.2,4.18,35.4
2023-06-23 17:00:00,31072.34,2354.58,33.18,30.63,65.6,4.35,41.3
2023-06-23 18:00:00,30871.99,1573.77,236.58,29.1,58.6,5.59,24.3
2023-06-23 19:00:00,28349.04,489.3,171.7,26.47,50.0,5.32,0.3
2023-06-23 20:00:00,26527.78,0.0,0.0,25.3,64.5,2.38,0.0
2023-06-23 21:00:00,25784.65,0.0,0.34,23.69,66.7,3.3,0.0
2023-06-23 22:00:00,22862.74,0.0,0.01,21.57,79.1,3.09,13.2
2023-06-23 23:00:00,20380.28,0.0,1697.05,20.45,62.8,7.96,17.2
2023-06-24 00:00:00,15212.02,0.0,720.03,20.34,79.1,6.79,34.2
2023-06-24 01:00:00,13466.7,0.0,427.28,19.76,65.4,6.21,19.8
2023-06-24 02:00:00,13676.04,0.0,4108.11,19.79,84.0,9.67,34.6
2023-06-24 03:00:00,13271.63,0.0,230.72,21.77,78.7,5.57,44.8
2023-06-24 04:00:00,14071.24,0.0,1090.73,21.58,67.2,7.42,20.8
2023-06-24 05:00:00,15766.29,0.0,0.0,22.4,77.7,3.05,39.8
2023-06-24 06:00:00,18255.59,310.36,2627.97,22.62,72.6,8.73,41.8
2023-06-24 07:00:00,20692.35,1233.8,1565.11,22.74,77.1,7.98,47.1
2023-06-24 08:00:00,21989.35,2587.3,2630.95,23.35,73.3,8.87,36.7
2023-06-24 09:00:00,22533.01,3070.11,4223.3,24.21,82.4,9.81,53.2
2023-06-24 10:00:00,23237.04,4630.78,1353.64,26.0,76.4,7.72,38.2
2023-06-24 11:00:00,24820.41,4622.57,2199.93,29.87,64.1,8.54,49.3
2023-06-24 12:00:00,24848.22,4450.45,3.94,30.04,72.9,3.67,58.8
2023-06-24 13:00:00,25216.41,5221.33,1.26,30.36,66.3,3.46,45.7
2023-06-24 14:00:00,25552.59,3594.28,4932.04,30.81,64.6,10.11,69.7
2023-06-24 15:00:00,25757.76,3075.32,3233.03,31.45,66.6,9.24,69.7
2023-06-24 16:00:00,26278.18,2232.7,94.93,31.59,79.8,4.94,74.8
2023-06-24 17:00:00,27994.27,2090.76,3.42,32.52,65.2,3.64,53.2
2023-06-24 18:00:00,26290.4,856.05,2261.85,29.0,78.8,8.63,77.8
2023-06-24 19:00:00,24657.1,151.36,5.35,25.45,74.4,3.75,59.4
2023-06-24 20:00:00,23363.68,0.0,0.0,23.98,77.8,2.59,70.2
2023-06-24 21:00:00,21774.16,0.0,740.44,24.19,76.1,6.87,55.5
2023-06-24 22:00:00,18657.74,0.0,0.0,21.39,76.7,1.84,47.0
2023-06-24 23:00:00,16003.18,0.0,185.71,17.18,80.1,5.38,56.5
2023-06-25 00:00:00,14868.78,0.0,3571.41,17.35,84.5,9.48,67.4
2023-06-25 01:00:00,14073.74,0.0,131.96,17.23,87.1,5.16,49.7
2023-06-25 02:00:00,13904.26,0.0,10000.0,15.89,87.8,12.03,62.4
2023-06-25 03:00:00,14013.75,0.0,10000.0,15.03,93.3,12.89,73.0
2023-06-25 04:00:00,14309.83,0.0,4522.69,14.55,91.2,9.89,58.6
2023-06-25 05:00:00,15610.2,0.0,9771.91,15.62,94.5,14.8,76.4
2023-06-25 06:00:00,18292.12,294.57,764.17,16.13,91.8,6.8,55.3
2023-06-25 07:00:00,21040.83,1227.99,796.58,18.11,78.0,6.87,46.8
2023-06-25 08:00:00,21556.83,2125.28,3345.5,16.52,88.3,9.33,52.5
2023-06-25 09:00:00,22557.73,3489.86,250.93,17.37,85.1,5.65,41.6
2023-06-25 10:00:00,22119.19,4243.77,60.63,17.95,86.2,4.68,45.4
2023-06-25 11:00:00,22598.57,4745.02,379.52,19.44,75.2,6.05,48.4
2023-06-25 12:00:00,22781.29,5157.12,417.44,20.44,79.9,6.18,46.0
2023-06-25 13:00:00,21996.27,4604.37,777.63,22.68,85.1,6.91,56.0
2023-06-25 14:00:00,21571.57,4527.94,335.14,21.62,78.4,5.97,52.2
2023-06-25 15:00:00,22101.12,3773.59,664.13,22.43,80.1,6.7,54.3
2023-06-25 16:00:00,22558.22,2553.13,369.44,23.44,83.1,6.03,67.1
2023-06-25 17:00:00,24128.17,1576.93,47.21,25.49,74.8,4.52,74.2
2023-06-25 18:00:00,25613.93,717.2,0.0,24.54,89.1,1.86,80.3
2023-06-25 19:00:00,24852.19,193.05,1468.98,24.25,79.7,7.75,62.5
2023-06-25 20:00:00,23076.2,0.0,0.0,21.42,84.8,1.0,66.9
2023-06-25 21:00:00,21257.09,0.0,9838.05,17.95,77.7,14.48,53.9
2023-06-25 22:00:00,18788.07,0.0,3128.72,18.18,83.2,9.22,37.7
2023-06-25 23:00:00,16483.99,0.0,1472.2,17.47,83.0,7.75,37.9
2023-06-26 00:00:00,18718.7,0.0,9824.27,18.3,83.8,13.03,27.8
2023-06-26 01:00:00,17426.69,0.0,1405.8,16.35,81.7,7.67,39.5
2023-06-26 02:00:00,17896.9,0.0,0.0,16.84,81.0,2.91,50.1
2023-06-26 03:00:00,16782.12,0.0,1111.89,19.06,73.3,7.39,26.9
2023-06-26 04:00:00,16940.96,0.0,125.2,19.88,71.0,5.14,19.3
2023-06-26 05:00:00,19217.5,0.0,265.69,20.82,63.6,5.74,5.0
2023-06-26 06:00:00,20448.44,411.95,451.8,21.72,71.9,6.25,4.4
2023-06-26 07:00:00,23884.8,1687.25,2729.79,21.1,75.5,8.82,14.9
2023-06-26 08:00:00,24815.87,3097.34,376.02,23.96,65.6,6.04,15.8
2023-06-26 09:00:00,24912.99,4680.84,206.73,24.65,63.0,5.51,12.4
2023-06-26 10:00:00,26631.92,4869.74,8.98,26.59,59.5,3.87,32.1
2023-06-26 11:00:00,26992.04,7032.65,181.47,26.13,63.7,5.43,6.1
2023-06-26 12:00:00,26478.38,6420.59,0.0,26.03,72.6,2.9,25.8
2023-06-26 13:00:00,27393.94,6584.65,0.0,28.64,58.8,2.81,21.8
2023-06-26 14:00:00,26224.38,6053.16,777.84,28.89,61.0,6.87,23.8
2023-06-26 15:00:00,28897.55,5425.64,0.36,30.82,59.6,3.3,20.2
2023-06-26 16:00:00,29369.95,3360.53,0.0,30.64,70.5,0.52,41.8
2023-06-26 17:00:00,29388.84,2814.96,1.36,28.19,64.2,3.47,27.6
2023-06-26 18:00:00,29553.36,1509.11,379.01,28.6,64.2,6.01,30.0
2023-06-26 19:00:00,29248.7,371.82,1862.2,27.06,68.4,8.11,38.3
2023-06-26 20:00:00,27546.54,0.0,8415.64,26.82,57.7,11.64,19.9
2023-06-26 21:00:00,25540.3,0.0,1588.75,25.7,57.3,7.9,12.1
2023-06-26 22:00:00,22867.21,0.0,195.16,22.84,64.4,5.47,14.4
2023-06-26 23:00:00,19664.83,0.0,71.56,22.04,71.1,4.76,7.6
2023-06-27 00:00:00,18695.15,0.0,1.71,23.72,62.0,3.5,2.2
2023-06-27 01:00:00,16884.91,0.0,1471.7,23.5,61.8,7.8,3.3
2023-06-27 02:00:00,17231.15,0.0,849.6,22.93,65.8,6.95,16.2
2023-06-27 03:00:00,16850.48,0.0,2134.82,23.93,65.9,8.41,15.7
2023-06-27 04:00:00,17339.67,0.0,79.95,24.23,77.0,4.81,32.3
2023-06-27 05:00:00,17759.44,0.0,172.92,24.84,66.1,5.39,22.0
2023-06-27 06:00:00,21154.41,513.96,101.2,24.29,61.3,4.95,9.9
2023-06-27 07:00:00,24222.84,1428.81,3168.97,25.51,69.7,9.1,37.4
2023-06-27 08:00:00,27290.34,2696.37,0.73,27.76,71.8,3.38,30.5
2023-06-27 09:00:00,27085.77,4501.29,593.97,27.98,59.0,6.59,16.7
2023-06-27 10:00:00,28714.44,6427.57,0.0,30.74,48.2,1.36,0.0
2023-06-27 11:00:00,30186.29,6399.45,205.86,31.65,54.1,5.51,17.8
2023-06-27 12:00:00,29303.18,6870.14,0.0,31.55,56.6,1.02,17.1
2023-06-27 13:00:00,31375.04,6862.4,0.0,33.35,56.5,2.07,17.6
2023-06-27 14:00:00,30966.36,6361.2,0.0,33.39,58.1,1.32,19.1
2023-06-27 15:00:00,31649.38,4838.85,0.46,34.3,52.4,3.33,34.5
2023-06-27 16:00:00,32441.97,3835.34,0.57,33.67,53.5,3.35,33.7
2023-06-27 17:00:00,32870.96,1809.22,1517.61,33.02,64.3,7.84,63.4
2023-06-27 18:00:00,33402.66,952.24,0.0,32.69,68.7,2.7,62.9
2023-06-27 19:00:00,31826.16,233.25,0.0,31.89,64.7,1.56,73.6
2023-06-27 20:00:00,28790.83,0.0,452.34,28.4,73.8,6.24,80.0
2023-06-27 21:00:00,26612.91,0.0,1098.49,25.93,76.2,7.31,75.5
2023-06-27 22:00:00,23277.24,0.0,40.65,25.78,79.9,4.43,64.9
2023-06-27 23:00:00,20281.02,0.0,928.44,24.49,80.5,7.15,66.7
2023-06-28 00:00:00,18939.34,0.0,2890.78,23.03,84.9,9.09,70.1
2023-06-28 01:00:00,17700.2,0.0,224.12,20.82,87.3,5.57,60.3
2023-06-28 02:00:00,16697.28,0.0,853.28,19.29,82.9,7.07,60.6
2023-06-28 03:00:00,17602.99,0.0,15.11,17.11,85.7,4.03,73.6
2023-06-28 04:00:00,16666.03,0.0,0.0,17.48,90.6,2.31,95.2
2023-06-28 05:00:00,19042.38,0.0,9749.3,17.61,88.9,14.17,99.5
2023-06-28 06:00:00,21719.55,156.41,103.76,17.64,94.5,5.01,100.0
2023-06-28 07:00:00,24282.29,534.9,53.78,18.93,92.8,4.59,99.5
2023-06-28 08:00:00,24795.01,866.21,9238.99,20.85,95.0,12.86,100.0
2023-06-28 09:00:00,25347.93,1292.45,1428.82,24.7,86.5,7.71,100.0
2023-06-28 10:00:00,26153.33,2016.62,411.0,24.44,82.9,6.09,92.3
2023-06-28 11:00:00,27313.84,2850.25,726.95,27.11,77.8,6.82,80.9
2023-06-28 12:00:00,27471.53,2133.59,646.58,29.33,75.2,6.68,97.6
2023-06-28 13:00:00,27886.26,3224.32,879.17,29.32,79.0,7.05,79.7
2023-06-28 14:00:00,27533.88,4122.12,0.0,30.15,65.5,0.75,59.5
2023-06-28 15:00:00,28805.24,2750.61,7.63,29.91,68.6,3.84,76.2
2023-06-28 16:00:00,28784.95,1884.59,0.0,30.08,78.9,2.96,87.0
2023-06-28 17:00:00,31113.66,1302.45,0.0,31.37,76.2,0.92,87.2
2023-06-28 18:00:00,32205.92,732.44,21.28,31.28,65.7,4.19,81.7
2023-06-28 19:00:00,31406.92,203.85,382.2,30.81,74.3,6.06,72.2
2023-06-28 20:00:00,29136.46,0.0,0.0,29.11,70.4,2.82,72.4
2023-06-28 21:00:00,26304.15,0.0,23.46,26.2,79.9,4.2,88.2
2023-06-28 22:00:00,23111.0,0.0,931.76,24.79,83.5,7.17,86.0
2023-06-28 23:00:00,21236.99,0.0,846.87,25.03,88.3,6.95,100.0
2023-06-29 00:00:00,17438.28,0.0,5331.93,22.44,88.6,10.38,88.8
2023-06-29 01:00:00,17373.19,0.0,3611.6,20.61,87.8,9.46,83.4
2023-06-29 02:00:00,16854.07,0.0,9386.59,20.42,84.3,13.29,74.4
2023-06-29 03:00:00,16701.46,0.0,1331.14,19.32,85.1,7.7,57.9
2023-06-29 04:00:00,17423.84,0.0,2330.5,18.8,82.9,8.57,54.6
2023-06-29 05:00:00,18896.3,0.0,5320.12,19.05,91.2,10.43,58.5
2023-06-29 06:00:00,21571.17,274.63,4357.37,18.56,88.2,9.92,63.3
2023-06-29 07:00:00,23267.26,650.95,1888.58,18.81,87.8,8.22,87.2
2023-06-29 08:00:00,26231.5,1256.05,356.28,21.11,86.5,6.02,87.8
2023-06-29 09:00:00,25424.06,1346.7,11.76,21.21,90.6,3.95,96.5
2023-06-29 10:00:00,25929.04,2018.72,3595.04,21.07,94.5,9.37,91.2
2023-06-29 11:00:00,25807.19,1880.03,1328.44,21.98,95.9,7.65,100.0
2023-06-29 12:00:00,25949.1,2022.26,1940.21,24.25,85.5,8.19,100.0
2023-06-29 13:00:00,25686.69,1910.45,0.0,25.19,82.0,1.73,100.0
2023-06-29 14:00:00,26015.97,1806.26,0.02,25.53,81.0,3.12,100.0
2023-06-29 15:00:00,26677.43,2045.64,10.34,26.13,82.8,3.93,89.3
2023-06-29 16:00:00,25463.16,1711.23,1552.24,24.41,92.9,7.89,87.4
2023-06-29 17:00:00,27712.72,1138.72,2782.05,24.93,85.2,8.93,87.9
2023-06-29 18:00:00,28410.52,621.13,0.09,24.99,77.4,3.19,91.2
2023-06-29 19:00:00,28994.51,156.57,660.98,23.89,82.4,6.7,91.2
2023-06-29 20:00:00,27388.47,0.0,0.0,24.19,81.1,1.74,85.9
2023-06-29 21:00:00,25775.03,0.0,110.17,21.97,80.3,5.01,73.4
2023-06-29 22:00:00,22854.68,0.0,317.08,22.29,82.0,5.92,74.9
2023-06-29 23:00:00,20237.06,0.0,2544.25,21.53,90.7,8.72,93.6
2023-06-30 00:00:00,18363.87,0.0,6591.81,20.46,95.1,10.8,99.9
2023-06-30 01:00:00,17905.34,0.0,211.0,19.89,97.4,5.49,99.7
2023-06-30 02:00:00,17687.55,0.0,881.43,19.5,95.8,7.09,100.0
2023-06-30 03:00:00,16935.92,0.0,1730.05,20.88,82.4,8.14,93.9
2023-06-30 04:00:00,16919.68,0.0,220.41,19.96,84.3,5.55,82.0
2023-06-30 05:00:00,19216.06,0.0,10000.0,19.78,84.8,14.56,68.6
2023-06-30 06:00:00,20816.07,232.51,5798.07,21.89,82.0,10.5,64.3
2023-06-30 07:00:00,23981.12,1081.58,69.34,22.36,82.4,4.73,57.0
2023-06-30 08:00:00,25806.0,1717.12,374.46,24.67,79.2,6.08,70.1
2023-06-30 09:00:00,26998.56,2692.07,2.94,27.87,72.5,3.6,61.4
2023-06-30 10:00:00,27250.18,3928.56,217.2,28.65,69.3,5.51,49.9
2023-06-30 11:00:00,28772.94,3398.23,687.22,30.56,70.3,6.67,72.6
2023-06-30 12:00:00,28409.31,4091.14,0.0,30.24,70.0,1.3,64.0
2023-06-30 13:00:00,29117.39,4086.61,2229.19,31.87,71.8,8.51,63.6
2023-06-30 14:00:00,29900.96,3712.67,166.03,32.55,66.8,5.31,66.8
2023-06-30 15:00:00,30324.51,3893.19,10000.0,33.21,62.0,12.81,50.6
2023-06-30 16:00:00,31004.5,2570.92,0.0,32.28,66.9,0.5,64.8
2023-06-30 17:00:00,30311.19,1555.89,1535.67,29.96,76.8,7.91,70.1
2023-06-30 18:00:00,30907.71,684.44,1296.27,29.85,71.2,7.58,85.8
2023-06-30 19:00:00,28530.59,280.77,0.0,26.64,84.0,2.09,72.8
2023-06-30 20:00:00,27152.31,0.0,19.33,25.33,73.5,4.13,70.7
2023-06-30 21:00:00,25189.92,0.0,4203.45,25.32,75.0,9.81,68.2
2023-06-30 22:00:00,23073.3,0.0,434.06,24.42,81.9,6.17,68.6
2023-06-30 23:00:00,20106.42,0.0,224.29,25.51,76.5,5.55,48.4
2023-07-01 00:00:00,15412.67,0.0,6698.26,25.7,66.7,11.08,49.1
2023-07-01 01:00:00,13905.39,0.0,0.33,24.13,65.7,3.29,31.5
2023-07-01 02:00:00,14402.38,0.0,646.14,23.63,73.4,6.66,37.4
2023-07-01 03:00:00,13715.88,0.0,1933.47,23.37,75.9,8.18,12.8
2023-07-01 04:00:00,13799.8,0.0,1495.23,21.76,70.5,7.75,0.0
2023-07-01 05:00:00,14902.29,0.0,92.22,21.27,67.8,4.91,10.4
2023-07-01 06:00:00,17186.42,408.49,940.43,21.54,58.2,7.07,8.0
2023-07-01 07:00:00,20623.11,1841.21,1740.82,20.45,67.8,8.11,0.6
2023-07-01 08:00:00,22609.46,3027.12,692.26,21.94,72.0,6.71,21.2
2023-07-01 09:00:00,22441.52,4035.01,997.52,23.17,69.0,7.28,28.0
2023-07-01 10:00:00,22508.52,4570.54,1.6,22.84,70.7,3.5,40.5
2023-07-01 11:00:00,22914.67,5225.15,2137.91,24.8,71.7,8.37,39.1
2023-07-01 12:00:00,23350.67,3647.19,43.98,26.89,72.6,4.47,71.9
2023-07-01 13:00:00,23774.89,4317.71,9732.61,28.14,79.5,12.67,61.5
2023-07-01 14:00:00,23455.28,2924.35,0.0,28.48,82.3,0.5,80.4
2023-07-01 15:00:00,24230.7,2791.74,2.72,29.51,76.2,3.59,75.5
2023-07-01 16:00:00,25821.66,2984.88,0.0,30.27,67.0,1.99,52.0
2023-07-01 17:00:00,27623.74,2086.83,123.0,30.24,65.2,5.12,56.9
2023-07-01 18:00:00,27012.6,1064.41,0.0,28.66,70.6,2.85,59.3
2023-07-01 19:00:00,25407.78,301.24,1022.08,28.1,74.5,7.21,45.0
2023-07-01 20:00:00,24989.39,0.0,3730.67,28.37,68.2,9.45,33.9
2023-07-01 21:00:00,22878.55,0.0,0.94,26.5,68.5,3.42,35.0
2023-07-01 22:00:00,21209.14,0.0,0.3,27.62,71.1,3.28,40.4
2023-07-01 23:00:00,18215.76,0.0,5125.15,25.81,64.9,10.24,11.3
2023-07-02 00:00:00,15055.97,0.0,199.72,24.89,69.7,5.49,27.8
2023-07-02 01:00:00,14447.45,0.0,464.5,23.35,73.2,6.24,23.9
2023-07-02 02:00:00,13664.86,0.0,63.43,23.12,68.3,4.67,10.4
2023-07-02 03:00:00,13346.12,0.0,473.2,21.03,76.4,6.33,25.8
2023-07-02 04:00:00,13828.06,0.0,72.56,20.7,74.6,4.76,27.8
2023-07-02 05:00:00,15433.58,0.0,1855.01,20.12,77.9,8.14,44.5
2023-07-02 06:00:00,18328.82,329.96,576.36,21.23,76.5,6.55,49.8
2023-07-02 07:00:00,19862.49,1135.17,2834.51,23.5,72.7,8.98,49.2
2023-07-02 08:00:00,22516.38,2246.77,49.48,25.47,65.6,4.57,46.8
2023-07-02 09:00:00,23086.88,3100.17,271.21,24.15,71.6,5.75,52.4
2023-07-02 10:00:00,24481.65,4172.37,1.92,27.85,64.9,3.53,46.5
2023-07-02 11:00:00,25049.75,5398.27,5307.68,29.39,61.8,10.36,36.1
2023-07-02 12:00:00,24366.13,5264.62,108.78,29.57,72.0,5.04,44.5
2023-07-02 13:00:00,25548.65,5382.31,0.0,30.59,63.2,2.05,42.8
2023-07-02 14:00:00,26260.12,4914.96,0.0,31.34,63.9,2.78,43.4
2023-07-02 15:00:00,25335.47,3738.03,0.0,30.82,68.1,0.92,56.7
2023-07-02 16:00:00,26440.28,2996.5,0.0,30.97,72.5,0.5,53.9
2023-07-02 17:00:00,26628.85,2111.42,84.72,29.9,65.1,4.88,53.0
2023-07-02 18:00:00,26471.5,1223.45,3.16,28.81,66.0,3.61,44.8
2023-07-02 19:00:00,25389.49,275.5,8201.45,27.19,70.0,11.44,50.0
2023-07-02 20:00:00,23746.14,0.0,0.0,24.62,79.5,2.76,53.6
2023-07-02 21:00:00,21422.87,0.0,2148.99,23.8,83.9,8.45,63.3
2023-07-02 22:00:00,18798.94,0.0,52.69,23.43,78.6,4.6,54.2
2023-07-02 23:00:00,16442.52,0.0,20.11,23.01,80.6,4.13,47.6
2023-07-03 00:00:00,18401.19,0.0,9207.86,23.13,78.5,13.19,56.5
2023-07-03 01:00:00,16766.6,0.0,3901.3,22.79,77.9,9.6,58.1
2023-07-03 02:00:00,15902.36,0.0,1615.08,21.77,81.6,7.95,45.6
2023-07-03 03:00:00,17433.25,0.0,2433.71,22.61,81.6,8.6,61.2
2023-07-03 04:00:00,16744.05,0.0,9580.7,21.3,72.9,15.45,38.8
2023-07-03 05:00:00,18712.7,0.0,1214.83,20.89,83.0,7.5,48.9
2023-07-03 06:00:00,21615.03,356.48,0.11,20.75,74.4,3.2,33.2
2023-07-03 07:00:00,23208.33,1107.14,0.0,23.15,76.6,2.48,57.2
2023-07-03 08:00:00,25057.97,2561.14,1096.2,25.47,73.2,7.42,37.2
2023-07-03 09:00:00,26499.57,3110.05,845.0,27.31,70.4,7.03,51.9
2023-07-03 10:00:00,28755.21,3970.71,1256.09,29.75,68.4,7.61,50.0
2023-07-03 11:00:00,28504.85,4896.69,0.0,29.89,68.1,1.83,45.0
2023-07-03 12:00:00,29313.34,5098.47,5549.26,31.28,60.9,10.44,47.2
2023-07-03 13:00:00,29483.48,4665.03,123.39,31.9,66.5,5.08,54.4
2023-07-03 14:00:00,31015.94,5047.75,305.86,33.3,65.4,5.8,42.4
2023-07-03 15:00:00,31688.34,4760.4,0.0,33.28,53.8,0.5,32.9
2023-07-03 16:00:00,32406.56,3371.3,6053.03,32.65,62.6,10.75,42.1
2023-07-03 17:00:00,32277.96,2975.29,141.06,32.74,52.3,5.17,21.9
2023-07-03 18:00:00,33867.54,1626.81,183.42,32.89,58.4,5.37,17.6
2023-07-03 19:00:00,31689.57,281.57,6010.05,31.05,70.9,10.64,57.3
2023-07-03 20:00:00,29455.81,0.0,5504.1,29.77,64.0,10.51,44.2
2023-07-03 21:00:00,25289.74,0.0,1.84,27.31,81.1,3.51,58.0
2023-07-03 22:00:00,22506.5,0.0,7015.64,23.35,80.1,11.17,49.4
2023-07-03 23:00:00,20062.9,0.0,1996.63,22.6,80.9,8.4,54.9
2023-07-04 00:00:00,18372.38,0.0,0.0,22.51,82.4,1.88,61.3
2023-07-04 01:00:00,17312.08,0.0,66.97,22.15,87.1,4.71,72.8
2023-07-04 02:00:00,16646.56,0.0,424.61,19.61,81.3,6.2,67.0
2023-07-04 03:00:00,17713.5,0.0,1300.84,19.27,91.8,7.58,88.1
2023-07-04 04:00:00,17805.71,0.0,2400.98,17.22,92.4,8.6,75.8
2023-07-04 05:00:00,17889.73,0.0,42.88,19.56,85.7,4.46,74.8
2023-07-04 06:00:00,21073.51,165.47,4217.44,19.37,89.3,9.87,74.1
2023-07-04 07:00:00,24083.98,1130.88,3909.37,22.04,84.3,9.76,57.1
2023-07-04 08:00:00,26048.96,2142.9,945.14,24.44,73.1,7.14,52.1
2023-07-04 09:00:00,25745.01,3033.01,6055.39,24.82,74.3,10.6,53.1
2023-07-04 10:00:00,26078.57,4153.72,2020.82,24.99,69.5,8.39,46.9
2023-07-04 11:00:00,26902.29,3090.48,0.0,26.78,70.3,2.92,75.9
2023-07-04 12:00:00,27064.7,4224.79,1312.67,27.04,76.8,7.66,62.0
2023-07-04 13:00:00,26407.9,3561.12,5439.16,28.17,75.0,10.55,74.1
2023-07-04 14:00:00,26181.3,2912.69,0.0,28.34,76.7,1.58,80.8
2023-07-04 15:00:00,27228.2,2745.53,8490.61,26.79,73.6,11.72,76.2
2023-07-04 16:00:00,26121.18,2689.49,0.0,24.52,76.4,0.5,62.0
2023-07-04 17:00:00,28775.14,2212.53,82.92,24.76,78.4,4.85,50.7
2023-07-04 18:00:00,27948.99,1318.27,1077.54,23.81,73.6,7.36,43.7
2023-07-04 19:00:00,27734.51,363.57,1548.07,22.65,70.0,7.81,22.4
2023-07-04 20:00:00,26987.04,0.0,1207.67,22.71,68.3,7.47,13.0
2023-07-04 21:00:00,24194.25,0.0,344.65,23.13,58.7,5.94,0.0
2023-07-04 22:00:00,23888.98,0.0,1071.14,21.87,73.0,7.28,20.5
2023-07-04 23:00:00,20022.25,0.0,1665.59,20.62,69.8,8.03,30.8
2023-07-05 00:00:00,17822.67,0.0,584.14,20.53,73.9,6.52,41.6
2023-07-05 01:00:00,16875.13,0.0,1207.61,18.51,78.1,7.53,49.0
2023-07-05 02:00:00,17062.79,0.0,5421.03,18.58,81.9,10.33,50.4
2023-07-05 03:00:00,16930.88,0.0,200.11,19.3,84.4,5.46,67.2
2023-07-05 04:00:00,16690.32,0.0,860.53,20.44,81.7,7.05,57.1
2023-07-05 05:00:00,18182.63,0.0,0.0,18.96,80.0,1.74,56.8
2023-07-05 06:00:00,21674.87,254.5,1843.31,19.16,89.2,8.16,64.2
2023-07-05 07:00:00,23504.93,1239.19,9.38,19.51,83.5,3.89,46.0
2023-07-05 08:00:00,24425.54,1336.86,299.45,21.13,86.4,5.87,82.9
2023-07-05 09:00:00,25596.98,2036.89,1.03,23.23,81.2,3.42,78.6
2023-07-05 10:00:00,26432.34,2784.74,0.0,26.4,75.8,0.84,76.2
2023-07-05 11:00:00,27900.13,2556.23,103.95,27.17,78.6,4.98,87.4
2023-07-05 12:00:00,26877.9,2418.29,27.74,27.8,74.8,4.28,93.2
2023-07-05 13:00:00,28069.5,2637.98,16.98,30.03,72.0,4.09,87.7
2023-07-05 14:00:00,28870.58,2665.07,0.0,30.96,77.1,2.25,84.1
2023-07-05 15:00:00,30171.14,3543.61,4942.26,32.61,66.9,10.17,61.2
2023-07-05 16:00:00,31361.09,3111.17,0.0,32.76,69.8,0.5,52.5
2023-07-05 17:00:00,30436.85,1941.06,2865.37,30.99,65.8,8.91,57.7
2023-07-05 18:00:00,30045.83,1051.14,798.68,28.82,69.6,6.96,61.4
2023-07-05 19:00:00,28748.85,183.61,0.0,26.27,76.1,2.47,74.0
2023-07-05 20:00:00,28011.09,0.0,135.11,26.08,75.4,5.18,68.9
2023-07-05 21:00:00,25620.04,0.0,9426.07,26.32,68.8,13.91,49.3
2023-07-05 22:00:00,23466.52,0.0,998.79,27.2,74.4,7.21,61.4
2023-07-05 23:00:00,21918.51,0.0,0.17,26.94,77.5,3.23,76.5
2023-07-06 00:00:00,19087.36,0.0,458.87,27.2,76.7,6.23,83.2
2023-07-06 01:00:00,17930.95,0.0,554.83,25.64,84.2,6.5,76.5
2023-07-06 02:00:00,17802.32,0.0,3967.31,23.77,91.6,9.72,85.1
2023-07-06 03:00:00,17094.96,0.0,9032.56,24.51,91.4,11.68,100.0
2023-07-06 04:00:00,17479.22,0.0,0.27,25.05,88.2,3.27,100.0
2023-07-06 05:00:00,19248.41,0.0,167.61,25.54,85.6,5.31,89.3
2023-07-06 06:00:00,21763.26,118.18,103.91,26.62,85.4,5.0,76.8
2023-07-06 07:00:00,25440.2,650.52,9992.0,27.85,80.1,15.96,80.3
2023-07-06 08:00:00,27663.64,1999.88,557.36,30.28,65.4,6.49,56.7
2023-07-06 09:00:00,30785.91,2947.55,3996.82,32.73,66.0,9.72,57.2
2023-07-06 10:00:00,32140.38,3561.98,79.76,34.28,65.6,4.83,60.2
2023-07-06 11:00:00,34308.67,3177.86,855.72,36.06,60.7,7.06,76.6
2023-07-06 12:00:00,36271.63,2680.31,0.12,37.27,64.8,3.21,88.4
2023-07-06 13:00:00,34513.33,2363.14,3222.01,37.17,71.7,9.34,93.4
2023-07-06 14:00:00,36406.27,4003.71,22.89,38.18,50.6,4.2,61.5
2023-07-06 15:00:00,34781.13,2911.0,1144.0,36.47,57.6,7.38,70.5
2023-07-06 16:00:00,35777.51,2222.69,0.0,37.24,62.1,2.65,75.7
2023-07-06 17:00:00,35201.8,1472.62,469.99,35.16,66.9,6.33,75.0
2023-07-06 18:00:00,34548.93,1122.61,18.77,34.53,54.9,4.13,50.5
2023-07-06 19:00:00,32482.69,351.25,0.0,32.41,60.2,0.72,40.4
2023-07-06 20:00:00,30720.69,0.0,66.55,31.73,62.9,4.73,26.8
2023-07-06 21:00:00,28066.18,0.0,384.43,30.3,55.0,6.11,4.6
2023-07-06 22:00:00,23751.55,0.0,0.09,27.16,64.1,3.19,9.3
2023-07-06 23:00:00,21009.86,0.0,6.37,26.43,57.6,3.78,3.9
2023-07-07 00:00:00,18318.58,0.0,489.48,24.81,68.0,6.29,39.9
2023-07-07 01:00:00,17478.88,0.0,229.23,25.0,74.0,5.54,38.3
2023-07-07 02:00:00,17296.36,0.0,542.52,24.46,76.9,6.41,54.5
2023-07-07 03:00:00,17120.89,0.0,608.0,24.66,65.3,6.61,34.4
2023-07-07 04:00:00,17007.1,0.0,10.63,23.68,66.9,3.92,29.1
2023-07-07 05:00:00,19047.77,0.0,23.08,23.49,77.4,4.2,32.0
2023-07-07 06:00:00,21123.43,422.73,4619.07,23.77,64.6,10.04,22.5
2023-07-07 07:00:00,25090.57,1562.16,2.86,25.75,68.7,3.59,20.0
2023-07-07 08:00:00,28228.09,2978.21,1172.91,28.74,58.9,7.42,20.2
2023-07-07 09:00:00,28271.33,4294.12,121.98,28.98,60.5,5.08,20.2
2023-07-07 10:00:00,30071.74,4189.31,9059.08,31.35,64.6,11.95,45.2
2023-07-07 11:00:00,28947.66,4606.06,0.0,29.99,58.0,1.3,49.6
2023-07-07 12:00:00,28089.29,4717.25,1807.73,29.69,62.2,8.09,54.6
2023-07-07 13:00:00,27007.92,4305.57,53.37,29.5,70.0,4.6,59.8
2023-07-07 14:00:00,26796.09,3731.17,0.0,28.65,69.3,0.5,65.2
2023-07-07 15:00:00,26579.7,3427.88,0.0,27.31,77.2,2.67,61.6
2023-07-07 16:00:00,28320.41,2924.83,7.52,27.93,64.4,3.84,55.6
2023-07-07 17:00:00,28881.14,2048.87,0.16,27.49,73.8,3.23,56.1
2023-07-07 18:00:00,29141.58,975.46,6.59,27.43,69.2,3.8,68.5
2023-07-07 19:00:00,28208.03,175.65,4542.16,27.43,75.9,9.89,79.0
2023-07-07 20:00:00,28786.81,0.0,32.41,26.74,72.3,4.33,71.9
2023-07-07 21:00:00,26142.06,0.0,117.87,26.37,86.1,5.08,77.7
2023-07-07 22:00:00,23422.93,0.0,2046.39,25.14,73.3,8.38,71.3
2023-07-07 23:00:00,19984.51,0.0,2894.06,22.78,80.7,9.05,68.4
2023-07-08 00:00:00,14795.12,0.0,0.0,23.17,71.5,2.98,59.5
2023-07-08 01:00:00,13845.26,0.0,2118.34,21.85,85.6,8.51,55.3
2023-07-08 02:00:00,13528.95,0.0,687.1,20.46,86.5,6.73,70.0
2023-07-08 03:00:00,14230.6,0.0,10.14,20.28,85.1,3.9,67.9
2023-07-08 04:00:00,13258.07,0.0,117.82,19.62,91.1,5.04,66.6
2023-07-08 05:00:00,15381.43,0.0,0.0,19.86,80.4,2.61,46.4
2023-07-08 06:00:00,17962.39,273.8,205.65,21.24,77.7,5.48,42.3
2023-07-08 07:00:00,20376.37,1401.31,37.85,22.83,74.5,4.4,39.6
2023-07-08 08:00:00,22304.41,2691.85,125.19,23.16,73.4,5.11,30.1
2023-07-08 09:00:00,21602.42,3744.07,488.09,24.09,68.3,6.36,31.9
2023-07-08 10:00:00,24195.32,5094.04,1194.79,26.75,64.7,7.45,28.1
2023-07-08 11:00:00,23712.79,5667.3,363.71,28.6,66.9,5.97,30.9
2023-07-08 12:00:00,25983.06,5901.29,484.03,31.99,60.8,6.37,33.9
2023-07-08 13:00:00,27965.92,6503.46,2087.22,34.02,53.8,8.44,23.5
2023-07-08 14:00:00,29522.67,6273.0,2113.45,35.64,45.8,8.46,21.1
2023-07-08 15:00:00,28640.25,5125.45,1783.25,34.1,60.4,8.19,24.7
2023-07-08 16:00:00,29813.09,3434.66,0.0,34.7,55.1,1.73,41.2
2023-07-08 17:00:00,30239.49,2289.57,0.0,34.04,63.4,2.73,44.5
2023-07-08 18:00:00,28845.52,1333.81,92.42,32.56,60.2,4.88,36.4
2023-07-08 19:00:00,28272.75,318.91,14.64,31.68,57.0,4.02,42.0
2023-07-08 20:00:00,27191.4,0.0,0.0,31.49,72.6,2.37,62.7
2023-07-08 21:00:00,25411.62,0.0,15.23,30.67,71.9,4.06,71.4
2023-07-08 22:00:00,20956.73,0.0,9228.05,28.3,80.4,13.0,74.6
2023-07-08 23:00:00,18419.39,0.0,123.41,27.87,76.1,5.13,79.5
2023-07-09 00:00:00,16385.7,0.0,348.99,26.09,85.3,5.93,92.2
2023-07-09 01:00:00,13989.52,0.0,0.0,25.49,78.1,1.65,99.2
2023-07-09 02:00:00,13604.92,0.0,2588.62,24.58,84.4,8.78,99.3
2023-07-09 03:00:00,13075.86,0.0,439.85,24.11,82.2,6.24,100.0
2023-07-09 04:00:00,14916.2,0.0,1.78,25.06,80.6,3.52,84.9
2023-07-09 05:00:00,16375.86,0.0,9284.62,24.3,79.3,13.32,61.9
2023-07-09 06:00:00,19614.8,223.98,3085.51,27.18,70.9,9.1,61.5
2023-07-09 07:00:00,21325.07,970.01,1905.25,26.02,78.1,8.29,60.1
2023-07-09 08:00:00,22821.73,2086.35,9429.14,26.5,68.3,12.08,51.5
2023-07-09 09:00:00,23592.78,2729.04,105.1,28.17,75.2,5.0,60.4
2023-07-09 10:00:00,25467.95,4677.2,1075.06,30.05,68.2,7.3,36.0
2023-07-09 11:00:00,25370.9,5607.91,0.0,31.06,64.2,2.78,30.4
2023-07-09 12:00:00,25879.95,6311.54,622.58,31.95,56.4,6.55,26.1
2023-07-09 13:00:00,27123.24,7245.55,0.0,33.14,43.2,0.5,8.5
2023-07-09 14:00:00,28221.63,5478.9,0.0,33.31,59.3,1.46,30.6
2023-07-09 15:00:00,29134.22,5579.7,10.74,34.97,50.5,3.93,15.8
2023-07-09 16:00:00,30509.48,4534.62,0.0,35.61,45.2,0.5,12.0
2023-07-09 17:00:00,32356.0,2732.82,36.0,35.91,50.2,4.38,26.6
2023-07-09 18:00:00,31122.05,1311.23,118.03,33.87,63.4,5.04,36.3
2023-07-09 19:00:00,29718.21,342.97,414.12,32.64,51.7,6.11,23.9
2023-07-09 20:00:00,26320.55,0.0,0.0,31.03,63.0,2.02,34.4
2023-07-09 21:00:00,23474.95,0.0,0.05,28.58,66.6,3.16,38.9
2023-07-09 22:00:00,20665.61,0.0,855.08,27.7,72.6,6.95,67.4
2023-07-09 23:00:00,17584.96,0.0,1305.12,25.9,79.6,7.63,69.3
2023-07-10 00:00:00,19155.3,0.0,0.0,25.67,82.6,2.05,64.2
2023-07-10 01:00:00,17886.17,0.0,942.34,23.67,74.5,7.07,51.4
2023-07-10 02:00:00,17315.09,0.0,3683.31,25.1,70.2,9.5,41.4
2023-07-10 03:00:00,17463.87,0.0,0.04,23.86,73.0,3.14,31.7
2023-07-10 04:00:00,17844.82,0.0,444.99,24.23,78.1,6.2,49.5
2023-07-10 05:00:00,19726.1,0.0,180.37,25.54,72.0,5.41,48.9
2023-07-10 06:00:00,21500.32,223.69,7516.82,25.58,72.7,11.27,54.9
2023-07-10 07:00:00,25372.89,820.8,6.68,27.46,66.6,3.8,71.6
2023-07-10 08:00:00,26859.88,2361.21,54.61,27.16,64.8,4.62,39.9
2023-07-10 09:00:00,28050.05,2821.3,4775.81,29.99,63.4,10.08,55.6
2023-07-10 10:00:00,29360.19,3630.4,17.37,31.13,68.8,4.09,54.7
2023-07-10 11:00:00,30418.61,4198.71,179.61,31.53,65.5,5.36,58.5
2023-07-10 12:00:00,30196.84,5057.05,0.0,32.14,61.5,0.5,46.7
2023-07-10 13:00:00,31259.09,5683.35,9420.38,33.75,58.0,12.42,37.2
2023-07-10 14:00:00,31612.22,4888.45,1421.29,33.5,56.5,7.7,43.7
2023-07-10 15:00:00,30387.16,2893.25,236.03,32.8,74.3,5.62,72.2
2023-07-10 16:00:00,30079.46,1988.99,0.0,32.4,76.0,0.66,80.7
2023-07-10 17:00:00,30291.92,1115.97,0.0,30.65,82.4,0.98,91.4
2023-07-10 18:00:00,32902.81,643.24,141.92,31.99,74.7,5.22,83.2
2023-07-10 19:00:00,30955.65,195.31,1.15,30.34,71.2,3.44,71.2
2023-07-10 20:00:00,29593.08,0.0,526.53,30.11,74.9,6.41,58.4
2023-07-10 21:00:00,27665.01,0.0,592.63,29.05,65.3,6.51,50.7
2023-07-10 22:00:00,23591.06,0.0,3492.67,26.67,61.5,9.36,25.1
2023-07-10 23:00:00,20620.34,0.0,57.07,25.52,62.5,4.61,18.5
2023-07-11 00:00:00,19075.71,0.0,957.38,25.45,66.1,7.19,14.5
2023-07-11 01:00:00,17478.14,0.0,3381.04,24.44,62.7,9.29,15.7
2023-07-11 02:00:00,17564.24,0.0,738.09,25.25,65.2,6.8,20.5
2023-07-11 03:00:00,17151.84,0.0,4821.64,26.11,59.9,10.14,27.5
2023-07-11 04:00:00,17826.46,0.0,7.51,27.12,67.2,3.83,29.1
2023-07-11 05:00:00,19410.63,0.0,2564.29,26.88,58.2,8.81,23.8
2023-07-11 06:00:00,21961.24,460.05,9209.67,26.29,56.1,12.07,2.5
2023-07-11 07:00:00,24366.5,1763.61,104.37,26.52,63.8,5.01,0.4
2023-07-11 08:00:00,26353.49,3508.2,100.09,27.84,61.7,4.99,0.0
2023-07-11 09:00:00,27976.06,4846.61,0.0,29.63,57.3,2.13,5.2
2023-07-11 10:00:00,27487.82,5241.91,627.88,28.4,62.5,6.57,20.6
2023-07-11 11:00:00,27634.34,5348.55,223.17,29.61,61.0,5.53,34.5
2023-07-11 12:00:00,27847.02,5176.78,0.0,30.84,60.9,0.64,44.6
2023-07-11 13:00:00,29343.88,5320.7,784.44,31.34,61.4,6.93,42.7
2023-07-11 14:00:00,30825.63,5353.19,1433.83,33.3,52.4,7.76,36.4
2023-07-11 15:00:00,31031.01,4948.04,3100.97,33.9,56.6,9.07,28.2
2023-07-11 16:00:00,33725.97,4656.82,96.7,35.12,50.0,4.92,11.8
2023-07-11 17:00:00,34018.73,2738.69,27.73,34.27,51.1,4.3,27.4
2023-07-11 18:00:00,34542.77,1468.83,2598.68,34.42,60.9,8.81,27.1
2023-07-11 19:00:00,35834.42,432.38,29.72,35.05,52.9,4.33,14.0
2023-07-11 20:00:00,34545.79,0.0,658.74,35.07,51.5,6.7,7.5
2023-07-11 21:00:00,29367.55,0.0,642.74,32.29,49.2,6.65,1.3
2023-07-11 22:00:00,25477.61,0.0,117.54,30.52,55.0,5.04,6.8
2023-07-11 23:00:00,21468.94,0.0,0.0,28.77,64.2,2.77,23.9
2023-07-12 00:00:00,20355.21,0.0,0.0,28.18,62.6,1.94,21.7
2023-07-12 01:00:00,19007.99,0.0,431.52,27.97,63.2,6.19,0.0
2023-07-12 02:00:00,18061.47,0.0,707.39,26.34,58.4,6.72,0.3
2023-07-12 03:00:00,16538.87,0.0,4527.37,26.08,58.3,10.03,3.5
2023-07-12 04:00:00,17696.76,0.0,445.33,23.87,66.5,6.21,5.4
2023-07-12 05:00:00,19216.05,0.0,111.82,25.92,55.2,5.05,2.3
2023-07-12 06:00:00,22134.94,434.86,460.04,26.0,65.7,6.26,9.7
2023-07-12 07:00:00,25080.36,1663.67,25.31,26.99,56.6,4.26,14.4
2023-07-12 08:00:00,26574.51,3080.49,0.0,27.74,64.1,2.54,17.5
2023-07-12 09:00:00,28110.28,4044.8,0.0,30.2,57.5,2.48,25.4
2023-07-12 10:00:00,27593.97,5200.55,12.93,28.2,64.0,4.0,22.3
2023-07-12 11:00:00,27836.21,6192.95,0.0,29.42,63.1,0.5,18.8
2023-07-12 12:00:00,29115.15,5599.59,0.0,30.37,63.6,2.66,38.2
2023-07-12 13:00:00,28361.55,5145.31,1112.38,30.71,59.6,7.34,45.4
2023-07-12 14:00:00,30669.31,4191.39,0.0,33.19,59.7,2.47,55.0
2023-07-12 15:00:00,29863.54,3004.43,0.0,32.35,64.8,1.25,68.2
2023-07-12 16:00:00,31527.62,2315.69,5270.26,33.08,60.0,10.27,71.4
2023-07-12 17:00:00,32099.24,1430.55,261.73,32.98,74.1,5.68,79.0
2023-07-12 18:00:00,33458.21,1047.96,0.0,33.57,63.4,0.96,55.7
2023-07-12 19:00:00,32808.8,185.95,0.0,31.73,61.2,1.24,56.5
2023-07-12 20:00:00,29670.08,0.0,499.52,29.7,73.4,6.32,52.6
2023-07-12 21:00:00,27724.2,0.0,365.53,29.65,69.6,6.03,71.5
2023-07-12 22:00:00,24767.72,0.0,0.0,28.79,76.5,2.24,79.1
2023-07-12 23:00:00,20950.42,0.0,20.33,25.82,73.4,4.14,67.2
2023-07-13 00:00:00,18378.33,0.0,8349.57,24.28,71.0,11.66,68.4
2023-07-13 01:00:00,17905.18,0.0,1071.61,23.98,73.8,7.33,67.2
2023-07-13 02:00:00,16775.86,0.0,540.68,24.43,77.4,6.41,69.7
2023-07-13 03:00:00,17608.75,0.0,100.52,23.47,80.3,4.96,54.1
2023-07-13 04:00:00,17254.15,0.0,8.62,20.43,83.0,3.86,57.0
2023-07-13 05:00:00,19160.77,0.0,351.59,21.68,79.3,6.0,52.5
2023-07-13 06:00:00,21908.02,216.8,7722.75,21.24,71.9,11.48,54.6
2023-07-13 07:00:00,24021.04,1306.75,0.0,20.24,83.8,2.23,44.4
2023-07-13 08:00:00,24835.28,2501.44,10000.0,18.62,80.1,14.53,37.1
2023-07-13 09:00:00,26148.79,3085.26,0.89,21.26,78.7,3.4,51.8
2023-07-13 10:00:00,26610.48,4545.61,63.43,23.06,77.7,4.7,38.0
2023-07-13 11:00:00,25257.99,5754.44,0.0,24.36,73.6,0.97,26.8
2023-07-13 12:00:00,26816.2,6096.14,209.67,27.26,69.5,5.55,28.0
2023-07-13 13:00:00,27683.27,6546.43,47.25,28.99,59.5,4.54,20.4
2023-07-13 14:00:00,29031.88,6582.99,335.76,31.45,51.1,5.95,12.4
2023-07-13 15:00:00,27942.78,5522.54,82.0,30.17,62.0,4.85,17.2
2023-07-13 16:00:00,28692.37,4977.64,6.26,30.15,48.9,3.77,2.1
2023-07-13 17:00:00,28205.2,3471.45,731.3,28.05,64.5,6.77,0.0
2023-07-13 18:00:00,29809.58,1537.18,0.0,27.3,64.2,0.5,25.1
2023-07-13 19:00:00,29194.68,428.51,197.22,26.3,63.1,5.44,32.7
2023-07-13 20:00:00,28114.41,0.0,0.0,26.09,60.7,2.18,24.8
2023-07-13 21:00:00,25490.31,0.0,138.18,25.1,63.7,5.21,31.9
2023-07-13 22:00:00,23037.68,0.0,2565.09,24.74,71.9,8.73,39.9
2023-07-13 23:00:00,20941.87,0.0,0.76,24.49,74.7,3.39,52.1
2023-07-14 00:00:00,18763.85,0.0,8916.06,25.99,66.9,11.85,49.1
2023-07-14 01:00:00,17306.82,0.0,6371.24,24.82,74.8,10.92,60.0
2023-07-14 02:00:00,16709.86,0.0,460.03,23.26,66.3,6.21,33.3
2023-07-14 03:00:00,16960.14,0.0,0.0,23.39,71.0,1.79,21.7
2023-07-14 04:00:00,16898.28,0.0,3721.91,22.68,70.6,9.56,26.1
2023-07-14 05:00:00,19354.13,0.0,6474.03,24.85,67.7,10.78,31.9
2023-07-14 06:00:00,21036.56,367.71,11.07,25.26,61.0,3.95,22.1
2023-07-14 07:00:00,24238.15,1515.64,7330.99,25.61,65.8,11.08,27.6
2023-07-14 08:00:00,26148.28,2892.54,6295.04,26.27,63.0,10.74,21.8
2023-07-14 09:00:00,27353.18,4210.36,206.68,28.35,62.8,5.49,20.9
2023-07-14 10:00:00,27781.56,4581.19,1916.65,29.42,64.4,8.19,35.7
2023-07-14 11:00:00,28838.74,4596.24,64.03,29.88,69.2,4.68,47.3
2023-07-14 12:00:00,30671.75,5726.26,184.2,32.75,56.9,5.37,34.7
2023-07-14 13:00:00,29199.28,6409.66,0.3,32.51,48.8,3.28,22.9
2023-07-14 14:00:00,30714.65,6100.63,0.0,33.03,58.8,1.8,20.2
2023-07-14 15:00:00,31467.63,5207.17,661.23,33.91,50.4,6.71,22.5
2023-07-14 16:00:00,30180.19,4291.81,0.0,31.9,51.1,0.5,16.9
2023-07-14 17:00:00,31334.94,2554.78,159.28,32.01,59.1,5.31,32.4
2023-07-14 18:00:00,30517.88,1300.82,2311.36,30.12,64.5,8.61,37.7
2023-07-14 19:00:00,30662.21,246.33,0.0,30.12,62.5,2.91,43.0
2023-07-14 20:00:00,28527.62,0.0,17.85,27.94,61.7,4.11,27.7
2023-07-14 21:00:00,26467.3,0.0,547.16,27.56,66.7,6.42,43.4
2023-07-14 22:00:00,24334.98,0.0,15.49,27.58,65.4,4.04,9.4
2023-07-14 23:00:00,21659.29,0.0,3954.47,27.34,63.5,9.79,23.3
2023-07-15 00:00:00,14774.03,0.0,204.53,26.57,64.0,5.53,36.4
2023-07-15 01:00:00,14090.37,0.0,1099.58,25.46,64.5,7.41,31.9
2023-07-15 02:00:00,14251.21,0.0,70.31,24.27,73.1,4.72,48.3
2023-07-15 03:00:00,13400.65,0.0,0.0,25.69,72.7,2.71,46.7
2023-07-15 04:00:00,12934.74,0.0,27.28,24.95,74.7,4.25,46.9
2023-07-15 05:00:00,16431.15,0.0,0.0,24.22,75.2,2.63,50.3
2023-07-15 06:00:00,18511.57,128.68,501.94,25.71,78.5,6.31,87.5
2023-07-15 07:00:00,20692.74,518.16,825.12,25.78,82.7,7.01,98.1
2023-07-15 08:00:00,22060.32,927.83,0.0,25.91,87.6,1.88,99.7
2023-07-15 09:00:00,23036.66,2005.84,0.0,25.63,76.0,2.21,81.8
2023-07-15 10:00:00,23469.38,2544.66,154.01,26.51,76.7,5.29,78.7
2023-07-15 11:00:00,24040.7,3772.46,1596.8,27.76,75.7,7.92,64.5
2023-07-15 12:00:00,24392.34,3580.7,325.96,29.2,76.5,5.92,71.6
2023-07-15 13:00:00,25047.77,3664.63,0.0,31.16,69.0,1.34,69.7
2023-07-15 14:00:00,26439.6,4368.61,2576.95,32.3,62.3,8.71,52.8
2023-07-15 15:00:00,27235.1,3845.91,3373.26,32.3,58.6,9.31,52.4
2023-07-15 16:00:00,26830.96,3407.86,0.11,31.97,63.6,3.2,40.9
2023-07-15 17:00:00,28663.39,2297.66,243.58,32.11,67.0,5.62,42.8
2023-07-15 18:00:00,29489.62,1373.92,77.83,32.77,68.5,4.8,32.4
2023-07-15 19:00:00,28835.5,308.26,5992.91,31.85,61.4,10.59,33.8
2023-07-15 20:00:00,25721.45,0.0,210.24,30.11,64.6,5.47,43.7
2023-07-15 21:00:00,23094.78,0.0,9699.71,27.75,64.2,11.86,42.8
2023-07-15 22:00:00,19770.92,0.0,3.43,24.95,63.1,3.63,38.0
2023-07-15 23:00:00,16793.22,0.0,126.61,24.66,72.4,5.12,40.8
2023-07-16 00:00:00,15207.12,0.0,2987.58,24.41,83.5,9.15,49.0
2023-07-16 01:00:00,14210.82,0.0,3277.73,24.31,75.7,9.37,34.8
2023-07-16 02:00:00,13600.09,0.0,2670.63,23.69,77.0,8.91,38.7
2023-07-16 03:00:00,13493.44,0.0,5699.55,25.08,75.6,10.58,54.9
2023-07-16 04:00:00,14537.11,0.0,2259.62,24.62,78.0,8.61,60.1
2023-07-16 05:00:00,15677.27,0.0,1493.24,26.09,64.4,7.87,58.5
2023-07-16 06:00:00,18853.67,287.06,433.13,26.7,77.7,6.24,64.2
2023-07-16 07:00:00,21034.53,881.11,378.44,26.92,72.7,6.05,66.8
2023-07-16 08:00:00,23644.36,1521.59,155.66,28.68,71.2,5.3,72.8
2023-07-16 09:00:00,25368.74,3294.9,690.85,30.28,63.5,6.7,44.7
2023-07-16 10:00:00,26303.7,5046.26,62.0,31.8,56.5,4.68,25.7
2023-07-16 11:00:00,26124.06,5032.27,0.0,32.92,56.9,2.24,39.6
2023-07-16 12:00:00,27483.65,6501.29,0.0,33.74,54.3,1.56,21.8
2023-07-16 13:00:00,30591.51,5988.11,3745.99,37.01,49.2,9.65,28.9
2023-07-16 14:00:00,33506.68,5765.06,0.0,38.53,49.0,0.5,26.2
2023-07-16 15:00:00,34650.89,5403.03,0.0,39.15,39.2,1.19,16.0
2023-07-16 16:00:00,34539.92,4059.33,18.32,38.76,46.7,4.13,23.3
2023-07-16 17:00:00,36013.28,2639.29,0.0,39.04,43.9,2.82,27.8
2023-07-16 18:00:00,36278.64,1039.37,19.96,38.46,53.3,4.13,54.8
2023-07-16 19:00:00,33312.45,207.47,0.0,37.09,56.1,1.93,45.7
2023-07-16 20:00:00,31170.5,0.0,0.0,35.22,55.9,2.36,62.4
2023-07-16 21:00:00,27336.71,0.0,2365.16,33.55,61.8,8.54,64.1
2023-07-16 22:00:00,20554.81,0.0,2109.66,28.51,71.7,8.36,53.4
2023-07-16 23:00:00,17882.21,0.0,0.0,27.5,67.2,2.98,61.6
2023-07-17 00:00:00,18783.0,0.0,1698.89,25.91,83.3,7.97,65.7
2023-07-17 01:00:00,17762.52,0.0,1366.19,26.84,79.0,7.64,63.2
2023-07-17 02:00:00,17953.4,0.0,2435.44,26.23,73.2,8.72,63.7
2023-07-17 03:00:00,17520.57,0.0,685.34,24.61,71.8,6.71,53.8
2023-07-17 04:00:00,17550.01,0.0,123.96,24.66,72.9,5.08,42.4
2023-07-17 05:00:00,19381.32,0.0,1727.13,23.94,69.5,8.12,51.3
2023-07-17 06:00:00,22833.4,248.83,218.02,25.24,64.5,5.57,47.4
2023-07-17 07:00:00,23820.41,1199.25,16.63,26.54,68.4,4.09,45.7
2023-07-17 08:00:00,27120.01,2152.73,160.92,28.72,67.4,5.32,48.5
2023-07-17 09:00:00,27053.6,3028.35,1682.91,29.0,68.5,8.09,50.8
2023-07-17 10:00:00,29354.02,4690.64,148.62,30.24,59.3,5.21,32.5
2023-07-17 11:00:00,28605.58,4514.84,2.41,29.86,71.5,3.56,48.9
2023-07-17 12:00:00,29329.49,4821.12,1711.63,31.69,58.0,8.11,49.4
2023-07-17 13:00:00,30492.6,5013.08,2542.95,33.03,56.7,8.72,46.0
2023-07-17 14:00:00,32069.51,4458.58,14.73,34.02,63.0,4.03,50.6
2023-07-17 15:00:00,32083.28,3772.28,2.05,34.13,56.6,3.54,52.3
2023-07-17 16:00:00,32987.22,2684.16,194.87,34.37,58.1,5.47,60.1
2023-07-17 17:00:00,35903.72,1795.75,0.0,35.57,62.8,0.74,64.3
2023-07-17 18:00:00,35004.33,894.9,584.05,34.32,61.3,6.5,70.1
2023-07-17 19:00:00,33687.78,168.48,1364.4,33.32,69.5,7.71,82.8
2023-07-17 20:00:00,30010.43,0.0,54.26,30.82,72.2,4.61,88.4
2023-07-17 21:00:00,25887.66,0.0,0.01,28.55,72.8,3.1,80.8
2023-07-17 22:00:00,23875.86,0.0,0.0,27.41,64.9,1.58,62.6
2023-07-17 23:00:00,21148.5,0.0,1203.08,27.45,78.1,7.45,80.0
2023-07-18 00:00:00,19264.33,0.0,72.34,26.11,72.5,4.76,72.2
2023-07-18 01:00:00,16988.95,0.0,581.33,25.03,76.0,6.47,62.8
2023-07-18 02:00:00,17449.21,0.0,348.11,24.05,70.1,5.99,39.3
2023-07-18 03:00:00,16954.74,0.0,29.76,23.29,73.4,4.3,43.5
2023-07-18 04:00:00,17495.29,0.0,797.48,23.8,73.3,6.94,45.0
2023-07-18 05:00:00,19095.11,0.0,531.3,22.63,71.7,6.44,26.3
2023-07-18 06:00:00,21540.41,388.59,1323.75,24.9,66.6,7.58,33.5
2023-07-18 07:00:00,24072.21,1439.8,35.23,25.17,72.8,4.37,28.4
2023-07-18 08:00:00,26833.35,1802.05,5.95,27.17,66.1,3.77,62.2
2023-07-18 09:00:00,26925.34,2961.92,2382.72,27.02,70.5,8.72,52.8
2023-07-18 10:00:00,28215.29,4066.87,930.3,29.08,70.2,7.14,46.1
2023-07-18 11:00:00,29280.0,5228.77,1321.21,31.02,63.2,7.59,35.0
2023-07-18 12:00:00,30309.5,4633.43,0.0,32.42,59.5,1.74,51.0
2023-07-18 13:00:00,29736.15,5057.02,0.0,32.05,59.2,2.5,45.3
2023-07-18 14:00:00,29550.36,5248.62,139.48,32.84,55.0,5.16,36.1
2023-07-18 15:00:00,29046.59,4060.94,1747.14,31.72,65.3,8.14,45.1
2023-07-18 16:00:00,29932.04,3926.36,2693.08,31.37,56.1,8.8,28.0
2023-07-18 17:00:00,30956.56,2373.64,1511.38,32.12,61.3,7.92,37.1
2023-07-18 18:00:00,32571.68,993.52,0.0,32.26,66.6,0.69,58.9
2023-07-18 19:00:00,30998.98,310.97,1927.05,31.26,77.6,8.2,63.5
2023-07-18 20:00:00,28823.81,0.0,4141.65,29.0,73.8,9.79,68.4
2023-07-18 21:00:00,26956.47,0.0,0.0,28.51,71.7,1.76,75.6
2023-07-18 22:00:00,22939.13,0.0,184.88,27.29,74.9,5.37,91.9
2023-07-18 23:00:00,20449.81,0.0,590.08,23.57,86.9,6.6,100.0
2023-07-19 00:00:00,18106.57,0.0,41.64,23.61,87.0,4.46,98.2
2023-07-19 01:00:00,16388.76,0.0,767.02,22.9,80.1,6.88,100.0
2023-07-19 02:00:00,16833.26,0.0,6785.27,23.83,80.8,11.0,84.1
2023-07-19 03:00:00,16979.74,0.0,6097.48,22.46,87.8,10.7,88.2
2023-07-19 04:00:00,17017.44,0.0,9734.75,19.2,84.6,12.28,70.4
2023-07-19 05:00:00,18590.01,0.0,617.0,20.27,87.1,6.63,62.4
2023-07-19 06:00:00,21269.24,385.66,320.38,21.59,65.2,5.87,22.8
2023-07-19 07:00:00,23584.34,1400.63,1312.98,20.93,76.8,7.7,29.7
2023-07-19 08:00:00,25079.78,2802.11,170.53,21.32,75.6,5.38,23.3
2023-07-19 09:00:00,25658.4,3528.03,0.0,25.95,73.2,1.52,38.7
2023-07-19 10:00:00,26616.77,4098.84,1077.38,27.0,62.8,7.32,43.6
2023-07-19 11:00:00,28882.99,4154.65,0.9,29.13,70.7,3.41,56.7
2023-07-19 12:00:00,28149.09,5207.89,0.0,29.51,62.5,0.79,41.8
2023-07-19 13:00:00,27189.05,4559.04,0.0,28.11,64.5,0.5,54.1
2023-07-19 14:00:00,26984.94,2940.1,3957.38,28.68,73.6,9.71,77.8
2023-07-19 15:00:00,27470.19,2434.57,0.0,28.81,72.7,2.57,82.5
2023-07-19 16:00:00,27955.34,1703.26,21.19,28.47,81.6,4.15,86.9
2023-07-19 17:00:00,29481.93,1206.65,5496.69,28.15,79.5,10.45,83.4
2023-07-19 18:00:00,30221.39,859.51,57.17,27.94,70.2,4.61,71.9
2023-07-19 19:00:00,28653.96,245.94,0.0,27.02,74.6,1.47,77.3
2023-07-19 20:00:00,27095.64,0.0,303.2,24.7,73.6,5.81,54.8
2023-07-19 21:00:00,25214.49,0.0,0.0,24.29,73.7,2.19,48.1
2023-07-19 22:00:00,22943.06,0.0,0.0,21.15,76.9,2.58,25.9
2023-07-19 23:00:00,20410.86,0.0,4450.06,18.1,78.2,9.85,19.3
2023-07-20 00:00:00,18159.52,0.0,93.03,18.42,77.7,4.93,29.3
2023-07-20 01:00:00,17854.34,0.0,1910.17,18.61,78.1,8.26,36.7
2023-07-20 02:00:00,17133.15,0.0,778.85,18.41,72.6,6.94,37.7
2023-07-20 03:00:00,16478.8,0.0,69.28,17.04,87.3,4.72,40.1
2023-07-20 04:00:00,17242.68,0.0,888.4,16.82,75.0,7.01,17.5
2023-07-20 05:00:00,18729.66,0.0,0.0,17.43,81.7,2.98,15.7
2023-07-20 06:00:00,20792.49,463.03,176.73,16.85,75.8,5.38,10.5
2023-07-20 07:00:00,23704.8,1734.01,574.87,17.53,81.1,6.49,6.2
2023-07-20 08:00:00,25712.59,2965.72,8.97,19.91,74.9,3.89,17.5
2023-07-20 09:00:00,26150.2,4499.13,865.13,23.17,60.3,7.05,9.9
2023-07-20 10:00:00,26427.38,5903.86,0.0,24.27,61.1,1.37,6.3
2023-07-20 11:00:00,27131.62,7120.7,105.06,26.58,58.1,4.99,0.0
2023-07-20 12:00:00,26377.93,7465.46,688.84,25.73,56.5,6.73,0.0
2023-07-20 13:00:00,26537.12,7550.72,18.62,27.58,55.9,4.13,0.0
2023-07-20 14:00:00,26914.97,7113.72,2186.9,27.48,52.1,8.47,0.0
2023-07-20 15:00:00,26636.73,6176.16,244.13,28.32,56.4,5.6,0.0
2023-07-20 16:00:00,27601.73,4879.17,5644.39,28.18,57.5,10.64,0.0
2023-07-20 17:00:00,30328.25,3375.74,0.0,29.45,50.8,3.0,0.0
2023-07-20 18:00:00,29450.51,1574.62,5114.56,27.92,70.1,10.24,21.6
2023-07-20 19:00:00,29525.33,361.14,367.53,27.85,64.7,5.98,29.8
2023-07-20 20:00:00,27513.79,0.0,1297.48,26.57,57.8,7.58,9.0
2023-07-20 21:00:00,25816.11,0.0,4946.95,25.34,54.0,10.16,0.0
2023-07-20 22:00:00,22088.67,0.0,551.88,24.08,63.4,6.43,3.4
2023-07-20 23:00:00,20773.67,0.0,4492.97,22.18,63.9,10.02,0.0
2023-07-21 00:00:00,17697.82,0.0,790.97,21.42,69.1,6.89,0.0
2023-07-21 01:00:00,16787.17,0.0,1264.18,20.81,66.3,7.56,0.0
2023-07-21 02:00:00,17448.13,0.0,538.22,20.8,63.5,6.44,5.6
2023-07-21 03:00:00,16798.73,0.0,13.51,20.92,77.4,4.02,16.0
2023-07-21 04:00:00,17062.79,0.0,1035.3,22.12,69.7,7.3,11.6
2023-07-21 05:00:00,19629.69,0.0,9479.98,23.72,66.8,13.87,20.1
2023-07-21 06:00:00,21607.82,291.37,3275.98,23.37,67.5,9.22,14.1
2023-07-21 07:00:00,24088.97,1629.04,2335.06,25.42,67.2,8.52,19.7
2023-07-21 08:00:00,25599.68,2995.77,965.31,25.31,57.6,7.21,11.1
2023-07-21 09:00:00,27271.96,3715.38,46.47,27.32,66.6,4.54,32.7
2023-07-21 10:00:00,27610.71,5396.83,0.0,29.31,56.9,2.74,14.8
2023-07-21 11:00:00,28264.5,5414.98,0.0,28.39,66.4,2.94,32.6
2023-07-21 12:00:00,27952.01,5629.0,0.0,29.64,60.0,0.5,34.0
2023-07-21 13:00:00,27809.29,5954.13,396.82,30.02,58.8,6.14,28.8
2023-07-21 14:00:00,28457.51,5282.79,1266.84,29.82,69.0,7.52,32.2
2023-07-21 15:00:00,29957.95,4250.1,0.0,31.67,67.1,2.71,41.9
2023-07-21 16:00:00,28812.42,2764.11,0.0,30.88,54.1,1.07,58.1
2023-07-21 17:00:00,29909.87,1884.11,0.82,29.65,74.0,3.4,59.7
2023-07-21 18:00:00,29849.81,1219.24,0.2,29.15,66.5,3.25,46.6
2023-07-21 19:00:00,30258.62,296.67,66.88,29.07,64.1,4.73,46.5
2023-07-21 20:00:00,29021.02,0.0,2.45,27.87,69.8,3.56,67.5
2023-07-21 21:00:00,26864.07,0.0,41.67,28.02,73.1,4.47,80.4
2023-07-21 22:00:00,23478.34,0.0,5974.67,27.39,76.6,10.59,86.5
2023-07-21 23:00:00,20741.13,0.0,116.52,23.83,80.8,5.04,90.5
2023-07-22 00:00:00,14784.06,0.0,3133.88,22.4,82.4,9.2,92.6
2023-07-22 01:00:00,13966.8,0.0,1480.56,21.18,87.2,7.78,100.0
2023-07-22 02:00:00,13281.62,0.0,229.63,21.41,89.2,5.62,87.4
2023-07-22 03:00:00,13447.11,0.0,4438.48,18.51,86.6,9.96,65.4
2023-07-22 04:00:00,13768.06,0.0,1393.26,21.79,83.5,7.64,63.2
2023-07-22 05:00:00,14358.45,0.0,0.0,22.98,76.2,1.75,50.6
2023-07-22 06:00:00,17976.3,311.05,0.0,23.98,66.4,2.78,36.6
2023-07-22 07:00:00,21129.17,1382.38,2368.24,26.34,68.2,8.57,28.4
2023-07-22 08:00:00,24691.31,1833.03,240.61,30.07,64.8,5.61,59.6
2023-07-22 09:00:00,25581.39,2765.52,104.69,32.1,68.3,4.98,58.8
2023-07-22 10:00:00,28850.98,3292.64,0.0,34.17,58.7,2.51,60.9
2023-07-22 11:00:00,29830.95,4663.29,0.0,35.2,54.9,2.33,43.7
2023-07-22 12:00:00,30498.12,6309.54,1375.24,35.78,49.7,7.65,21.1
2023-07-22 13:00:00,29353.79,6811.52,1607.32,35.79,52.0,7.88,13.5
2023-07-22 14:00:00,28729.23,5251.53,105.76,35.17,55.9,5.03,33.9
2023-07-22 15:00:00,27976.82,4378.25,0.0,34.46,57.5,2.92,38.7
2023-07-22 16:00:00,27810.44,3086.82,4028.31,32.74,69.2,9.75,46.0
2023-07-22 17:00:00,28314.4,1856.97,247.01,32.2,57.1,5.69,54.1
2023-07-22 18:00:00,27167.51,1202.24,1317.95,29.61,61.7,7.64,45.3
2023-07-22 19:00:00,25807.94,283.9,0.0,28.96,66.5,0.5,61.3
2023-07-22 20:00:00,24307.7,0.0,112.72,27.88,62.7,5.01,51.1
2023-07-22 21:00:00,21589.3,0.0,3820.35,26.91,72.1,9.57,66.6
2023-07-22 22:00:00,19021.9,0.0,76.5,25.19,80.7,4.77,68.7
2023-07-22 23:00:00,17796.53,0.0,1903.66,27.54,66.0,8.3,43.8
2023-07-23 00:00:00,16022.65,0.0,1500.19,27.96,64.0,7.88,34.1
2023-07-23 01:00:00,14532.18,0.0,10.86,25.66,56.5,3.92,13.3
2023-07-23 02:00:00,14314.08,0.0,3593.47,25.35,64.9,9.38,30.4
2023-07-23 03:00:00,13337.96,0.0,3.89,24.43,67.8,3.67,31.2
2023-07-23 04:00:00,14107.05,0.0,2724.84,23.44,67.1,8.87,5.5
2023-07-23 05:00:00,15759.5,0.0,9562.63,22.47,61.4,15.26,14.1
2023-07-23 06:00:00,18456.64,328.03,9668.6,23.82,63.5,12.63,10.7
2023-07-23 07:00:00,20812.75,1820.67,3178.99,24.14,66.6,9.13,0.0
2023-07-23 08:00:00,22675.94,2849.82,489.79,26.48,62.6,6.3,21.7
2023-07-23 09:00:00,23690.49,3924.04,952.39,28.86,53.4,7.19,25.1
2023-07-23 10:00:00,26385.29,5083.13,1111.95,31.59,62.7,7.4,23.3
2023-07-23 11:00:00,26282.45,5963.75,0.0,31.7,59.7,0.5,20.5
2023-07-23 12:00:00,28159.71,7252.46,0.0,33.17,54.2,1.51,4.6
2023-07-23 13:00:00,28756.18,7560.81,197.88,34.55,40.7,5.46,0.0
2023-07-23 14:00:00,28385.93,6379.04,0.0,34.4,57.4,0.5,14.1
2023-07-23 15:00:00,28627.73,5558.24,3134.15,33.64,48.7,9.11,11.5
2023-07-23 16:00:00,30023.2,4282.86,41.01,35.22,48.4,4.47,15.1
2023-07-23 17:00:00,31055.31,3295.23,0.0,34.87,44.4,2.78,0.0
2023-07-23 18:00:00,32446.44,1803.98,14.98,34.67,51.2,4.04,0.0
2023-07-23 19:00:00,29247.83,433.32,2326.55,32.61,49.6,8.64,0.0
2023-07-23 20:00:00,26601.04,0.0,5424.39,30.01,57.6,10.45,6.9
2023-07-23 21:00:00,23949.79,0.0,0.0,28.12,64.9,2.51,31.9
2023-07-23 22:00:00,19903.28,0.0,2295.57,26.76,70.4,8.57,48.9
2023-07-23 23:00:00,17465.19,0.0,832.25,24.47,69.2,6.94,45.0
2023-07-24 00:00:00,18152.47,0.0,1019.02,23.56,82.7,7.25,49.8
2023-07-24 01:00:00,18317.97,0.0,3314.41,21.03,71.9,9.32,44.8
2023-07-24 02:00:00,17549.63,0.0,66.19,19.52,87.5,4.69,68.8
2023-07-24 03:00:00,17134.48,0.0,992.31,20.36,88.8,7.16,79.0
2023-07-24 04:00:00,17670.07,0.0,191.66,21.38,89.8,5.47,76.3
2023-07-24 05:00:00,18486.98,0.0,0.35,21.58,89.9,3.3,74.3
2023-07-24 06:00:00,21972.9,203.32,0.18,21.39,87.4,3.24,87.4
2023-07-24 07:00:00,23393.03,664.75,0.47,21.48,90.2,3.33,88.6
2023-07-24 08:00:00,25393.66,867.6,850.44,22.5,96.6,6.96,100.0
2023-07-24 09:00:00,25594.04,2422.37,0.0,24.74,78.0,2.4,67.6
2023-07-24 10:00:00,27336.0,2870.05,355.67,27.23,71.1,5.96,69.8
2023-07-24 11:00:00,28192.25,3819.66,302.02,27.99,70.3,5.82,59.9
2023-07-24 12:00:00,27360.26,3103.41,3332.97,27.89,71.4,9.35,78.5
2023-07-24 13:00:00,27813.02,2302.94,260.57,29.19,79.7,5.71,92.4
2023-07-24 14:00:00,27389.27,2558.68,9382.9,28.97,81.3,12.37,86.4
2023-07-24 15:00:00,27693.0,1472.5,0.0,28.81,80.0,0.5,99.2
2023-07-24 16:00:00,29098.34,1232.38,493.34,30.38,72.0,6.31,100.0
2023-07-24 17:00:00,31614.36,859.27,0.0,30.97,81.7,0.5,100.0
2023-07-24 18:00:00,31577.52,413.45,792.23,30.48,71.2,6.88,100.0
2023-07-24 19:00:00,29247.75,66.18,24.8,28.18,75.4,4.23,100.0
2023-07-24 20:00:00,28056.44,0.0,464.89,27.41,81.9,6.31,100.0
2023-07-24 21:00:00,27673.43,0.0,25.37,27.48,83.5,4.24,100.0
2023-07-24 22:00:00,23358.02,0.0,0.24,25.89,85.1,3.26,94.6
2023-07-24 23:00:00,21630.41,0.0,1896.04,26.3,81.2,8.26,89.0
2023-07-25 00:00:00,18872.28,0.0,7073.42,26.71,90.6,11.06,99.7
2023-07-25 01:00:00,18968.14,0.0,23.41,27.68,80.7,4.22,92.7
2023-07-25 02:00:00,17816.63,0.0,8579.13,27.34,78.3,11.75,65.9
2023-07-25 03:00:00,17880.94,0.0,11.6,27.61,77.3,3.96,67.1
2023-07-25 04:00:00,19674.4,0.0,2770.8,29.1,63.9,8.95,55.4
2023-07-25 05:00:00,20919.61,0.0,9961.01,29.75,69.6,12.88,63.8
2023-07-25 06:00:00,23115.11,195.1,4.35,29.64,80.3,3.69,69.2
2023-07-25 07:00:00,26709.7,595.85,282.49,29.87,73.0,5.81,83.3
2023-07-25 08:00:00,28427.83,1173.45,74.8,31.06,72.0,4.77,88.8
2023-07-25 09:00:00,28623.81,1465.88,83.98,30.66,77.8,4.85,96.0
2023-07-25 10:00:00,28868.29,2362.01,1331.65,31.61,70.1,7.67,81.1
2023-07-25 11:00:00,31236.52,2468.06,568.33,33.86,66.8,6.46,85.7
2023-07-25 12:00:00,30229.17,1809.12,7714.63,32.27,73.9,11.44,100.0
2023-07-25 13:00:00,32169.07,2508.11,0.0,34.7,75.1,2.16,87.7
2023-07-25 14:00:00,34385.7,1720.73,89.7,36.29,69.6,4.9,100.0
2023-07-25 15:00:00,33247.3,2063.1,18.62,35.76,62.9,4.12,89.2
2023-07-25 16:00:00,34504.38,2319.85,3608.37,36.04,57.7,9.38,72.9
2023-07-25 17:00:00,35051.19,1483.33,0.0,35.39,73.4,0.5,72.4
2023-07-25 18:00:00,36129.82,713.45,9274.3,35.82,64.2,13.11,77.0
2023-07-25 19:00:00,35917.37,111.23,99.46,35.67,68.7,4.95,83.4
2023-07-25 20:00:00,31111.0,0.0,526.44,32.69,63.8,6.43,66.5
2023-07-25 21:00:00,29455.27,0.0,57.67,31.91,69.7,4.63,68.5
2023-07-25 22:00:00,25964.3,0.0,3867.98,30.24,73.7,9.57,56.7
2023-07-25 23:00:00,21881.62,0.0,735.61,28.99,62.0,6.81,36.7
2023-07-26 00:00:00,19438.72,0.0,1514.59,27.02,66.4,7.92,25.6
2023-07-26 01:00:00,19103.21,0.0,1658.39,28.06,55.6,7.99,18.2
2023-07-26 02:00:00,18944.92,0.0,283.76,28.51,70.9,5.82,27.0
2023-07-26 03:00:00,17958.3,0.0,0.16,27.25,69.5,3.23,42.2
2023-07-26 04:00:00,18422.57,0.0,4155.94,25.73,64.4,9.79,24.1
2023-07-26 05:00:00,20315.32,0.0,128.67,25.67,66.4,5.12,30.1
2023-07-26 06:00:00,22461.1,400.51,4685.29,26.83,60.6,10.06,17.0
2023-07-26 07:00:00,25448.22,1431.04,950.43,27.99,61.8,7.2,27.2
2023-07-26 08:00:00,28176.78,2786.61,93.83,30.41,48.9,4.89,21.1
2023-07-26 09:00:00,29490.68,4383.73,564.56,32.33,53.0,6.47,10.6
2023-07-26 10:00:00,31626.0,5037.73,614.18,34.41,53.2,6.61,23.6
2023-07-26 11:00:00,33206.26,6037.37,820.86,35.65,52.6,6.89,18.4
2023-07-26 12:00:00,32733.16,6523.21,1697.9,34.83,49.4,7.97,17.1
2023-07-26 13:00:00,32731.35,7462.34,0.0,35.2,43.6,1.92,0.0
2023-07-26 14:00:00,35150.64,6438.41,4838.64,36.69,47.1,10.1,9.9
2023-07-26 15:00:00,33513.13,4962.53,7.38,36.59,44.1,3.82,23.2
2023-07-26 16:00:00,35493.16,3903.26,1843.2,36.78,51.4,8.23,25.2
2023-07-26 17:00:00,35612.57,3113.44,0.0,35.73,40.7,2.47,8.5
2023-07-26 18:00:00,34304.3,1449.07,0.0,33.65,60.0,0.5,26.6
2023-07-26 19:00:00,32415.96,299.69,257.07,32.41,58.4,5.7,20.1
2023-07-26 20:00:00,30754.66,0.0,15.93,31.5,52.4,4.05,16.9
2023-07-26 21:00:00,27497.82,0.0,9297.74,29.43,69.3,13.41,47.3
2023-07-26 22:00:00,24250.01,0.0,0.0,27.88,66.9,2.69,37.8
2023-07-26 23:00:00,20750.87,0.0,0.0,25.65,67.8,2.21,46.9
2023-07-27 00:00:00,19791.1,0.0,0.0,25.9,64.7,2.42,52.4
2023-07-27 01:00:00,17982.29,0.0,45.58,24.77,76.4,4.52,55.4
2023-07-27 02:00:00,17614.61,0.0,1247.65,25.86,70.8,7.51,56.8
2023-07-27 03:00:00,17629.88,0.0,814.86,27.26,77.0,6.95,59.1
2023-07-27 04:00:00,18146.97,0.0,268.47,27.12,73.1,5.71,59.9
2023-07-27 05:00:00,20252.53,0.0,0.16,26.29,70.6,3.23,56.8
2023-07-27 06:00:00,20374.48,212.71,43.73,24.64,86.9,4.47,72.7
2023-07-27 07:00:00,24000.35,1054.93,6.25,24.04,77.9,3.79,52.9
2023-07-27 08:00:00,25326.38,1687.6,1918.87,23.81,63.9,8.21,63.4
2023-07-27 09:00:00,26784.67,2286.11,2024.96,26.78,74.1,8.28,70.3
2023-07-27 10:00:00,27559.97,2648.25,1628.29,28.25,69.6,7.94,74.9
2023-07-27 11:00:00,29216.62,2678.33,8513.04,29.92,71.9,11.71,83.9
2023-07-27 12:00:00,27535.11,3133.76,2754.53,28.53,74.8,8.96,77.4
2023-07-27 13:00:00,27075.23,4606.34,59.86,28.18,70.5,4.65,50.3
2023-07-27 14:00:00,28449.53,4435.67,9.22,29.9,67.2,3.89,48.0
2023-07-27 15:00:00,29474.46,4390.4,3112.4,30.57,66.3,9.27,35.0
2023-07-27 16:00:00,29579.66,3867.34,188.7,30.41,62.6,5.46,26.7
2023-07-27 17:00:00,31141.49,2981.1,0.01,30.71,58.6,3.08,13.2
2023-07-27 18:00:00,32193.68,1647.19,171.68,31.87,54.8,5.38,10.5
2023-07-27 19:00:00,30984.46,364.47,10000.0,30.63,59.9,13.82,6.7
2023-07-27 20:00:00,29869.03,0.0,2730.46,29.56,53.4,8.91,0.0
2023-07-27 21:00:00,27133.43,0.0,14.07,28.54,54.9,4.01,0.0
2023-07-27 22:00:00,25132.25,0.0,8987.73,29.93,53.7,11.89,28.8
2023-07-27 23:00:00,20991.23,0.0,10000.0,26.3,72.7,13.74,37.3
2023-07-28 00:00:00,19348.84,0.0,38.62,26.03,68.0,4.45,34.8
2023-07-28 01:00:00,18307.82,0.0,6638.2,25.09,81.3,11.06,34.6
2023-07-28 02:00:00,16945.76,0.0,6354.64,25.18,66.6,10.94,30.0
2023-07-28 03:00:00,17170.16,0.0,0.0,24.22,70.5,2.68,32.1
2023-07-28 04:00:00,17416.72,0.0,1978.25,24.29,72.3,8.3,32.4
2023-07-28 05:00:00,19293.87,0.0,154.0,25.53,61.6,5.24,23.0
2023-07-28 06:00:00,24250.16,321.61,1655.81,29.64,67.2,8.03,45.0
2023-07-28 07:00:00,27286.73,1373.49,7037.76,31.25,59.0,11.02,26.4
2023-07-28 08:00:00,28465.03,2357.5,373.12,31.16,60.3,6.01,36.5
2023-07-28 09:00:00,29185.03,3489.76,119.46,31.7,65.2,5.05,35.5
2023-07-28 10:00:00,30134.08,3337.85,4989.1,32.25,61.9,10.3,58.6
2023-07-28 11:00:00,29186.11,3750.43,9335.53,31.28,68.4,12.0,60.3
2023-07-28 12:00:00,29418.96,4433.68,0.0,31.89,70.5,0.99,53.3
2023-07-28 13:00:00,30615.44,4741.89,3769.91,33.46,58.5,9.6,48.6
2023-07-28 14:00:00,29647.94,4474.37,0.0,32.49,61.3,0.96,47.8
2023-07-28 15:00:00,31245.42,4548.16,0.21,33.84,66.3,3.25,33.0
2023-07-28 16:00:00,32710.37,3901.3,781.42,34.18,56.1,6.92,24.4
2023-07-28 17:00:00,31544.14,3143.42,1005.35,32.83,49.2,7.21,4.7
2023-07-28 18:00:00,32000.63,1815.5,740.86,31.9,54.6,6.84,0.0
2023-07-28 19:00:00,32527.64,342.41,0.0,32.66,48.9,0.87,3.7
2023-07-28 20:00:00,31686.56,0.0,0.0,32.2,47.5,2.38,11.4
2023-07-28 21:00:00,28256.61,0.0,6903.22,30.82,58.3,11.01,0.0
2023-07-28 22:00:00,24690.18,0.0,0.0,29.17,50.7,2.41,0.0
2023-07-28 23:00:00,21662.36,0.0,0.0,27.98,68.4,2.66,6.9
2023-07-29 00:00:00,14755.92,0.0,4474.44,26.3,59.3,9.86,8.5
2023-07-29 01:00:00,14351.18,0.0,1628.13,23.14,73.3,7.92,4.5
2023-07-29 02:00:00,14150.82,0.0,263.35,24.98,56.5,5.73,3.6
2023-07-29 03:00:00,14124.63,0.0,22.93,24.92,65.5,4.21,1.2
2023-07-29 04:00:00,15424.64,0.0,6998.12,25.44,62.4,10.96,0.0
2023-07-29 05:00:00,15409.44,0.0,9990.13,25.76,64.5,14.91,4.9
2023-07-29 06:00:00,17683.82,332.1,0.0,25.63,73.1,2.5,36.6
2023-07-29 07:00:00,21523.39,1428.15,711.85,26.38,64.1,6.74,27.9
2023-07-29 08:00:00,22241.91,2643.58,20.27,25.76,61.0,4.16,25.3
2023-07-29 09:00:00,24182.39,3767.97,2917.87,29.6,60.9,8.96,26.2
2023-07-29 10:00:00,24578.99,5106.88,22.7,29.41,60.6,4.21,19.4
2023-07-29 11:00:00,24552.85,5054.05,819.69,29.45,61.6,6.97,34.8
2023-07-29 12:00:00,25791.1,7009.1,135.67,30.04,56.8,5.18,6.8
2023-07-29 13:00:00,27599.59,7172.06,107.11,32.33,53.1,5.0,4.2
2023-07-29 14:00:00,26199.23,5970.61,1853.13,32.84,50.9,8.19,18.1
2023-07-29 15:00:00,25554.81,5233.58,27.79,31.66,57.5,4.28,17.0
2023-07-29 16:00:00,27621.82,4423.56,1672.42,32.98,51.2,8.0,9.6
2023-07-29 17:00:00,29162.19,2856.16,3.14,33.31,51.2,3.62,18.4
2023-07-29 18:00:00,29616.63,1306.48,0.0,33.09,60.7,2.25,31.6
2023-07-29 19:00:00,29220.55,248.86,73.77,32.81,55.7,4.76,34.9
2023-07-29 20:00:00,29419.5,0.0,187.09,34.17,52.8,5.39,25.7
2023-07-29 21:00:00,28254.55,0.0,217.57,35.06,55.4,5.54,32.7
2023-07-29 22:00:00,23519.59,0.0,2846.01,32.67,62.9,8.95,28.5
2023-07-29 23:00:00,22550.17,0.0,750.28,32.97,60.3,6.83,38.6
2023-07-30 00:00:00,18805.62,0.0,5866.44,31.96,67.4,10.73,56.1
2023-07-30 01:00:00,17472.17,0.0,759.19,31.33,56.6,6.86,22.7
2023-07-30 02:00:00,14628.73,0.0,62.07,28.57,62.1,4.7,25.8
2023-07-30 03:00:00,14668.48,0.0,8.31,27.93,58.3,3.85,6.5
2023-07-30 04:00:00,15257.36,0.0,6032.44,26.94,69.3,10.68,39.5
2023-07-30 05:00:00,17251.38,0.0,0.0,28.14,63.8,2.79,33.7
2023-07-30 06:00:00,20753.14,302.6,0.73,29.85,70.4,3.38,43.2
2023-07-30 07:00:00,21514.79,1239.83,0.0,28.28,65.4,2.46,42.1
2023-07-30 08:00:00,23477.1,2402.38,187.79,29.28,56.2,5.43,32.0
2023-07-30 09:00:00,26605.0,3950.91,365.92,31.63,68.1,5.97,21.6
2023-07-30 10:00:00,27375.9,4102.83,0.0,32.47,59.9,0.75,42.6
2023-07-30 11:00:00,28696.61,4100.78,151.9,34.26,66.7,5.23,53.5
2023-07-30 12:00:00,30270.48,3276.19,15.45,35.44,70.8,4.04,75.0
2023-07-30 13:00:00,30219.45,3476.72,955.94,36.36,66.7,7.17,71.2
2023-07-30 14:00:00,30052.61,3213.16,1429.6,36.32,62.0,7.77,70.7
2023-07-30 15:00:00,28615.65,3102.13,406.99,34.95,64.1,6.08,63.5
2023-07-30 16:00:00,28568.97,2681.32,32.29,33.45,58.3,4.35,57.0
2023-07-30 17:00:00,29966.58,2230.61,0.0,33.72,67.3,2.43,42.2
2023-07-30 18:00:00,29573.26,1137.55,1942.63,32.92,57.2,8.33,42.7
2023-07-30 19:00:00,28000.6,262.76,9.58,31.7,58.8,3.89,32.7
2023-07-30 20:00:00,27194.74,0.0,28.22,30.03,64.0,4.29,38.6
2023-07-30 21:00:00,23319.88,0.0,5374.42,28.43,65.9,10.47,40.6
2023-07-30 22:00:00,21512.85,0.0,10000.0,28.34,64.6,13.01,43.7
2023-07-30 23:00:00,17677.78,0.0,6020.33,26.74,79.9,10.68,63.1
2023-07-31 00:00:00,18179.81,0.0,9767.64,24.21,80.8,17.23,59.4
2023-07-31 01:00:00,18261.61,0.0,5566.15,24.31,79.7,10.57,65.9
2023-07-31 02:00:00,17363.0,0.0,2299.27,23.6,83.1,8.63,87.1
2023-07-31 03:00:00,16881.15,0.0,157.69,23.48,91.6,5.31,96.9
2023-07-31 04:00:00,18201.42,0.0,9714.54,25.42,83.6,12.74,100.0
2023-07-31 05:00:00,20534.25,0.0,6247.21,25.78,89.2,10.7,92.0
2023-07-31 06:00:00,21826.06,42.13,48.8,26.77,81.0,4.53,88.3
2023-07-31 07:00:00,24810.68,874.53,437.35,26.36,80.6,6.23,66.4
2023-07-31 08:00:00,26177.89,1658.1,0.0,27.26,74.6,2.26,68.9
2023-07-31 09:00:00,27332.61,2191.76,8090.94,29.16,72.6,11.59,68.5
2023-07-31 10:00:00,27224.32,3026.45,338.11,28.65,77.1,5.98,65.1
2023-07-31 11:00:00,29365.37,3024.39,0.02,30.09,81.2,3.12,74.1
2023-07-31 12:00:00,28464.72,4272.08,0.2,31.24,72.3,3.25,55.2
2023-07-31 13:00:00,29996.01,3371.63,9908.12,32.08,72.8,12.03,72.8
2023-07-31 14:00:00,30807.54,2722.57,197.38,33.73,71.0,5.5,79.4
2023-07-31 15:00:00,32769.42,2573.55,9.29,34.22,64.4,3.9,73.5
2023-07-31 16:00:00,33968.3,2295.99,50.11,35.62,64.2,4.55,67.4
2023-07-31 17:00:00,33273.82,1519.28,0.0,33.89,62.3,1.27,69.6
2023-07-31 18:00:00,34174.76,543.58,0.0,33.2,72.0,1.17,84.1
2023-07-31 19:00:00,32581.39,182.96,310.21,32.22,72.6,5.86,79.7
2023-07-31 20:00:00,29604.68,0.0,201.83,29.8,65.5,5.49,76.4
2023-07-31 21:00:00,27888.54,0.0,58.33,29.6,72.7,4.62,72.0
2023-07-31 22:00:00,25394.64,0.0,614.86,30.84,76.8,6.55,89.2
2023-07-31 23:00:00,22864.88,0.0,0.0,29.45,74.1,2.59,78.6
2023-08-01 00:00:00,20035.41,0.0,9493.03,28.77,75.4,12.11,73.1
2023-08-01 01:00:00,19014.54,0.0,131.72,27.88,73.2,5.15,86.4
2023-08-01 02:00:00,17927.48,0.0,0.03,26.39,76.5,3.13,82.3
2023-08-01 03:00:00,16480.24,0.0,24.83,24.07,89.1,4.25,90.6
2023-08-01 04:00:00,17553.11,0.0,1.04,23.43,81.5,3.43,73.3
2023-08-01 05:00:00,18722.53,0.0,22.02,22.39,82.6,4.17,66.5
2023-08-01 06:00:00,21056.14,114.3,328.07,25.14,78.8,5.92,80.8
2023-08-01 07:00:00,24406.05,853.73,2145.79,26.0,76.6,8.42,67.5
2023-08-01 08:00:00,26164.63,1708.05,24.91,26.77,64.8,4.25,62.1
2023-08-01 09:00:00,27936.91,2444.16,147.72,29.02,74.3,5.21,62.2
2023-08-01 10:00:00,26777.39,3845.97,5360.71,28.99,74.5,10.49,47.4
2023-08-01 11:00:00,28337.44,4686.71,2.05,29.34,61.0,3.53,41.2
2023-08-01 12:00:00,28497.03,4977.78,1250.74,30.49,60.1,7.61,42.1
2023-08-01 13:00:00,30468.52,5001.72,0.0,32.47,62.8,1.9,42.1
2023-08-01 14:00:00,30953.66,3911.56,0.0,33.5,69.2,1.97,56.9
2023-08-01 15:00:00,31507.6,2674.19,21.58,33.91,66.8,4.17,73.1
2023-08-01 16:00:00,32058.3,2581.55,0.0,33.79,58.4,2.46,58.6
2023-08-01 17:00:00,33399.41,1788.1,2924.48,33.7,62.3,9.14,57.4
2023-08-01 18:00:00,33774.06,921.89,0.0,33.09,61.3,0.82,63.1
2023-08-01 19:00:00,30718.35,132.69,338.18,30.89,69.6,5.9,78.2
2023-08-01 20:00:00,29181.01,0.0,451.5,29.77,73.6,6.25,81.9
2023-08-01 21:00:00,26958.86,0.0,0.0,27.34,74.0,1.89,80.1
2023-08-01 22:00:00,23196.12,0.0,1669.72,26.25,76.9,8.07,83.0
2023-08-01 23:00:00,20653.57,0.0,392.08,24.62,83.2,6.07,85.6
2023-08-02 00:00:00,18483.81,0.0,2127.92,26.47,76.9,8.51,68.5
2023-08-02 01:00:00,17163.76,0.0,4527.59,25.57,71.3,9.93,67.0
2023-08-02 02:00:00,16521.44,0.0,204.13,23.46,85.0,5.5,81.0
2023-08-02 03:00:00,16547.04,0.0,721.82,23.17,80.3,6.79,73.2
2023-08-02 04:00:00,17822.79,0.0,102.78,23.92,83.0,5.0,70.5
2023-08-02 05:00:00,20068.79,0.0,35.43,26.23,78.3,4.38,63.6
2023-08-02 06:00:00,21081.56,355.57,0.0,26.22,65.3,1.05,32.7
2023-08-02 07:00:00,24041.96,1288.89,9583.38,25.4,71.3,12.63,33.5
2023-08-02 08:00:00,26779.89,2339.08,226.74,27.49,63.5,5.56,37.5
2023-08-02 09:00:00,26683.91,3511.97,0.0,27.19,71.1,0.86,31.4
2023-08-02 10:00:00,27999.15,5025.81,0.0,28.02,58.1,0.5,18.2
2023-08-02 11:00:00,28255.2,6344.31,1.42,28.99,59.3,3.47,9.9
2023-08-02 12:00:00,28274.27,6016.87,0.0,30.01,58.8,0.5,22.4
2023-08-02 13:00:00,29322.64,4685.49,4.39,31.64,59.6,3.7,47.8
2023-08-02 14:00:00,29101.37,3498.3,0.0,31.42,71.4,0.69,63.2
2023-08-02 15:00:00,29014.66,3931.1,0.0,31.38,60.6,0.5,43.9
2023-08-02 16:00:00,30355.23,2847.38,363.17,31.3,58.7,5.98,53.4
2023-08-02 17:00:00,31304.47,2094.86,3137.19,31.09,51.8,9.22,43.5
2023-08-02 18:00:00,31453.22,1368.58,19.95,30.52,58.7,4.16,35.7
2023-08-02 19:00:00,30651.19,336.24,2056.63,30.08,67.0,8.43,30.4
2023-08-02 20:00:00,28956.4,0.0,0.0,29.89,69.1,0.96,39.7
2023-08-02 21:00:00,27420.32,0.0,1991.09,29.06,65.2,8.26,50.9
2023-08-02 22:00:00,24309.24,0.0,0.0,28.27,66.9,2.16,48.1
2023-08-02 23:00:00,21561.18,0.0,4099.96,25.31,70.2,9.65,45.8
2023-08-03 00:00:00,17853.93,0.0,5668.78,24.37,69.1,10.62,50.1
2023-08-03 01:00:00,17272.29,0.0,3572.04,24.17,72.2,9.4,55.4
2023-08-03 02:00:00,16446.41,0.0,4558.62,24.49,82.5,9.96,67.3
2023-08-03 03:00:00,16798.93,0.0,1171.01,23.52,77.2,7.4,48.3
2023-08-03 04:00:00,16455.3,0.0,111.58,22.96,76.7,5.04,47.1
2023-08-03 05:00:00,19363.82,0.0,1587.84,22.85,66.9,7.94,33.1
2023-08-03 06:00:00,21909.84,280.6,397.61,24.28,70.7,6.09,33.0
2023-08-03 07:00:00,24559.87,1339.71,0.0,26.45,57.5,1.16,30.8
2023-08-03 08:00:00,25849.13,2507.99,290.38,27.13,69.1,5.84,30.9
2023-08-03 09:00:00,27189.28,3826.53,852.28,29.36,61.5,6.97,22.1
2023-08-03 10:00:00,28647.64,5559.7,0.0,30.68,49.2,0.58,6.0
2023-08-03 11:00:00,30076.37,6752.88,397.1,31.63,58.2,6.11,0.0
2023-08-03 12:00:00,29836.28,7228.8,399.72,32.34,43.5,6.13,0.0
2023-08-03 13:00:00,32296.49,7199.04,0.0,33.89,50.7,1.9,0.0
2023-08-03 14:00:00,32781.14,6759.78,14.47,34.64,49.7,4.02,0.0
2023-08-03 15:00:00,35404.05,5483.91,6613.82,37.2,41.3,10.86,9.3
2023-08-03 16:00:00,34160.34,4559.22,2465.65,35.86,46.2,8.64,2.3
2023-08-03 17:00:00,35207.6,2606.94,12.86,35.77,45.2,3.98,23.4
2023-08-03 18:00:00,35201.33,1144.75,4.69,34.23,47.8,3.7,44.6
2023-08-03 19:00:00,31814.4,436.67,0.0,32.13,51.8,2.0,20.3
2023-08-03 20:00:00,30524.9,0.0,0.0,30.87,56.2,1.08,23.4
2023-08-03 21:00:00,27599.99,0.0,20.25,29.7,62.0,4.14,20.2
2023-08-03 22:00:00,26783.76,0.0,7695.93,31.59,52.0,11.45,0.0
2023-08-03 23:00:00,22492.01,0.0,10000.0,29.96,54.4,12.41,0.0
2023-08-04 00:00:00,19293.12,0.0,3865.94,27.44,53.5,9.54,0.0
2023-08-04 01:00:00,18364.88,0.0,234.67,26.82,61.8,5.6,21.9
2023-08-04 02:00:00,16767.51,0.0,11.59,23.9,67.4,3.96,34.5
2023-08-04 03:00:00,17472.38,0.0,1367.67,23.62,67.7,7.68,38.7
2023-08-04 04:00:00,16990.63,0.0,1797.06,23.79,69.9,8.09,38.2
2023-08-04 05:00:00,18954.44,0.0,435.06,25.14,75.7,6.17,58.2
2023-08-04 06:00:00,22823.96,178.56,1788.69,26.91,76.4,8.2,81.4
2023-08-04 07:00:00,25473.04,882.71,2295.82,27.23,73.8,8.51,69.0
2023-08-04 08:00:00,27497.97,2177.78,2409.12,28.14,69.7,8.63,41.2
2023-08-04 09:00:00,26499.43,4086.26,257.9,28.47,58.0,5.73,15.5
2023-08-04 10:00:00,27643.05,4381.51,1741.25,28.46,59.3,8.11,33.9
2023-08-04 11:00:00,28642.08,5082.37,0.0,30.02,64.7,0.59,33.7
2023-08-04 12:00:00,27911.6,5277.15,501.72,29.66,64.6,6.39,36.3
2023-08-04 13:00:00,28388.04,6328.58,0.0,30.08,58.9,2.6,14.8
2023-08-04 14:00:00,27687.66,6340.26,0.0,29.61,59.1,2.77,8.4
2023-08-04 15:00:00,28864.79,5540.49,0.0,30.58,57.1,1.02,8.3
2023-08-04 16:00:00,32496.69,4093.53,0.0,32.54,54.1,2.1,14.2
2023-08-04 17:00:00,30785.25,2855.83,9566.01,30.65,65.7,13.35,12.1
2023-08-04 18:00:00,29853.52,1677.97,22.86,27.96,52.4,4.21,2.7
2023-08-04 19:00:00,29240.65,428.04,5026.45,27.05,55.8,10.17,0.0
2023-08-04 20:00:00,27597.68,0.0,0.0,26.13,67.4,2.68,16.6
2023-08-04 21:00:00,25071.62,0.0,0.64,25.33,66.6,3.36,21.9
2023-08-04 22:00:00,21990.56,0.0,567.52,23.77,73.5,6.48,31.1
2023-08-04 23:00:00,20201.44,0.0,133.49,22.59,70.3,5.15,21.0
2023-08-05 00:00:00,14679.98,0.0,1412.36,22.16,70.5,7.75,0.0
2023-08-05 01:00:00,13136.96,0.0,421.73,22.7,60.2,6.15,0.0
2023-08-05 02:00:00,14233.23,0.0,4089.15,20.15,73.2,9.84,0.0
2023-08-05 03:00:00,13448.15,0.0,523.57,19.79,73.0,6.38,0.0
2023-08-05 04:00:00,14447.75,0.0,1124.65,20.41,72.0,7.45,37.8
2023-08-05 05:00:00,14395.66,0.0,183.73,20.07,81.9,5.37,46.0
2023-08-05 06:00:00,18496.66,158.67,2004.63,22.98,83.1,8.32,77.7
2023-08-05 07:00:00,20261.64,634.06,1299.2,23.38,80.7,7.6,79.6
2023-08-05 08:00:00,22659.34,1645.92,148.85,24.64,70.7,5.23,66.9
2023-08-05 09:00:00,23200.93,2230.62,12.49,26.64,71.5,3.97,67.4
2023-08-05 10:00:00,23792.67,2075.51,490.24,27.32,81.9,6.33,85.1
2023-08-05 11:00:00,23585.54,1674.97,5866.29,26.58,87.0,10.63,100.0
2023-08-05 12:00:00,23310.83,2437.11,0.0,27.35,78.5,1.84,86.6
2023-08-05 13:00:00,24171.57,2594.37,1150.53,29.5,78.9,7.48,83.6
2023-08-05 14:00:00,24379.67,3614.62,86.96,29.78,73.3,4.89,60.8
2023-08-05 15:00:00,23814.92,2888.08,63.11,29.2,72.7,4.71,67.8
2023-08-05 16:00:00,25563.13,1751.17,6504.53,30.28,71.4,10.78,82.7
2023-08-05 17:00:00,26212.36,1232.56,221.37,29.6,75.7,5.53,77.6
2023-08-05 18:00:00,25868.73,940.62,1703.79,28.44,74.3,8.09,64.7
2023-08-05 19:00:00,26019.28,247.93,139.99,27.8,76.2,5.23,65.7
2023-08-05 20:00:00,24748.97,0.0,1.21,27.66,77.5,3.45,67.2
2023-08-05 21:00:00,23957.86,0.0,1100.41,29.15,65.9,7.37,64.5
2023-08-05 22:00:00,21433.15,0.0,6901.9,28.76,69.5,10.96,63.3
2023-08-05 23:00:00,18617.94,0.0,3944.15,28.77,62.6,9.69,58.0
2023-08-06 00:00:00,15427.58,0.0,21.55,27.0,78.0,4.16,67.2
2023-08-06 01:00:00,14509.75,0.0,161.3,24.98,78.3,5.33,72.3
2023-08-06 02:00:00,12449.62,0.0,839.8,24.51,77.5,7.0,56.2
2023-08-06 03:00:00,13593.28,0.0,1258.32,24.4,66.4,7.49,41.7
2023-08-06 04:00:00,14217.51,0.0,36.95,23.32,78.5,4.43,38.0
2023-08-06 05:00:00,15981.34,0.0,56.98,23.62,69.8,4.63,46.7
2023-08-06 06:00:00,17902.9,277.36,2651.53,24.85,76.1,8.89,47.2
2023-08-06 07:00:00,20146.43,1218.77,2021.39,26.24,69.3,8.33,38.2
2023-08-06 08:00:00,22086.98,2213.09,3360.8,27.92,66.4,9.37,41.1
2023-08-06 09:00:00,24805.73,3418.36,6862.36,29.43,62.9,10.92,36.6
2023-08-06 10:00:00,24955.65,3773.35,10.83,30.04,63.2,3.92,47.1
2023-08-06 11:00:00,26506.88,4178.73,2661.86,30.59,70.8,8.78,49.8
2023-08-06 12:00:00,24537.51,4686.18,456.18,30.27,64.8,6.26,44.4
2023-08-06 13:00:00,27400.94,4652.84,6456.28,33.07,56.2,10.73,46.2
2023-08-06 14:00:00,28321.9,3651.68,0.0,33.52,62.7,2.78,60.8
2023-08-06 15:00:00,27851.23,3555.36,0.0,33.4,62.5,2.72,51.1
2023-08-06 16:00:00,26544.75,2690.67,462.32,32.19,68.1,6.31,54.1
2023-08-06 17:00:00,32412.95,1968.67,4162.66,34.97,57.4,9.75,51.2
2023-08-06 18:00:00,30473.85,959.36,1702.43,32.87,61.5,8.0,54.5
2023-08-06 19:00:00,27953.79,316.25,881.36,31.33,63.4,7.1,44.5
2023-08-06 20:00:00,26867.63,0.0,47.9,30.59,67.9,4.53,44.8
2023-08-06 21:00:00,24714.51,0.0,1369.07,29.93,62.9,7.61,57.1
2023-08-06 22:00:00,21940.32,0.0,2616.14,29.64,67.4,8.85,43.4
2023-08-06 23:00:00,19078.57,0.0,2264.57,30.31,58.4,8.58,26.6
2023-08-07 00:00:00,20739.98,0.0,1784.88,29.55,56.4,8.05,12.1
2023-08-07 01:00:00,19254.98,0.0,0.0,27.34,66.0,2.65,0.9
2023-08-07 02:00:00,17932.78,0.0,1965.83,26.38,61.4,8.21,12.3
2023-08-07 03:00:00,17784.46,0.0,716.14,26.38,62.1,6.74,0.0
2023-08-07 04:00:00,18804.62,0.0,9590.84,28.63,58.8,13.09,0.0
2023-08-07 05:00:00,19559.67,0.0,1255.78,27.27,55.9,7.62,11.1
2023-08-07 06:00:00,22645.52,335.13,1106.91,29.16,52.6,7.44,19.1
2023-08-07 07:00:00,26882.89,1385.01,9575.83,30.08,61.3,15.41,16.5
2023-08-07 08:00:00,29217.02,2620.46,0.0,31.9,52.3,2.56,21.2
2023-08-07 09:00:00,29831.96,3714.42,12.13,32.73,49.6,3.97,24.3
2023-08-07 10:00:00,31111.09,4779.02,690.57,32.77,60.0,6.7,23.0
2023-08-07 11:00:00,32251.0,5539.56,4.26,34.55,49.1,3.68,22.1
2023-08-07 12:00:00,33581.28,4331.49,4.22,36.03,55.1,3.68,50.6
2023-08-07 13:00:00,35484.71,3970.61,2908.38,37.59,65.9,8.93,58.6
2023-08-07 14:00:00,35718.51,2344.71,143.05,37.74,57.9,5.19,85.6
2023-08-07 15:00:00,35280.66,2553.33,0.0,36.94,57.7,1.16,73.7
2023-08-07 16:00:00,32808.91,2175.5,0.01,34.82,62.5,3.09,68.2
2023-08-07 17:00:00,35184.31,1998.03,0.0,35.12,58.0,0.99,48.4
2023-08-07 18:00:00,35149.48,1359.17,165.67,34.66,53.2,5.31,37.2
2023-08-07 19:00:00,32119.86,311.57,0.0,32.41,61.0,2.49,59.9
2023-08-07 20:00:00,29798.4,0.0,2920.54,30.55,72.0,9.03,50.8
2023-08-07 21:00:00,26806.47,0.0,480.17,28.72,74.9,6.33,72.1
2023-08-07 22:00:00,23242.52,0.0,0.0,25.82,75.4,2.11,52.8
2023-08-07 23:00:00,21023.06,0.0,71.65,23.82,71.7,4.77,38.2
2023-08-08 00:00:00,18005.18,0.0,1185.36,21.64,75.3,7.51,33.7
2023-08-08 01:00:00,17485.26,0.0,202.34,20.61,79.2,5.48,33.2
2023-08-08 02:00:00,16585.64,0.0,866.25,19.52,75.8,6.97,44.6
2023-08-08 03:00:00,17040.5,0.0,7967.89,17.8,84.4,11.52,49.0
2023-08-08 04:00:00,17324.38,0.0,259.03,20.52,80.7,5.71,42.4
2023-08-08 05:00:00,19411.03,0.0,210.34,22.55,80.6,5.48,40.0
2023-08-08 06:00:00,20839.11,256.75,3830.82,22.54,81.2,9.64,35.7
2023-08-08 07:00:00,24272.11,1371.53,97.13,23.96,68.9,4.91,24.8
2023-08-08 08:00:00,26337.62,2747.36,0.0,25.68,68.5,2.37,15.5
2023-08-08 09:00:00,27070.05,3501.53,0.05,28.3,53.3,3.16,30.3
2023-08-08 10:00:00,27589.06,5372.22,6801.63,28.63,64.4,11.11,9.0
2023-08-08 11:00:00,29410.55,5012.82,5506.19,31.03,57.6,10.33,31.7
2023-08-08 12:00:00,29296.77,5523.77,0.0,31.39,58.1,2.7,28.1
2023-08-08 13:00:00,28751.47,6051.34,127.26,30.69,59.7,5.1,19.7
2023-08-08 14:00:00,29953.6,5017.42,0.0,32.06,58.2,1.58,30.6
2023-08-08 15:00:00,31378.45,3624.44,372.89,33.68,61.9,5.99,49.0
2023-08-08 16:00:00,34857.81,2390.24,0.0,36.32,66.7,2.04,60.9
2023-08-08 17:00:00,33974.18,1581.03,0.0,34.3,62.4,0.61,63.9
2023-08-08 18:00:00,34261.41,786.73,1704.57,34.19,62.2,8.01,73.6
2023-08-08 19:00:00,32343.96,231.56,6.14,32.58,69.8,3.76,48.5
2023-08-08 20:00:00,30730.99,0.0,0.0,32.16,63.3,2.12,40.7
2023-08-08 21:00:00,27216.19,0.0,2731.92,29.13,70.2,8.98,29.2
2023-08-08 22:00:00,23625.73,0.0,2162.58,26.43,73.6,8.39,44.7
2023-08-08 23:00:00,20330.99,0.0,1533.12,24.45,66.3,7.87,39.1
2023-08-09 00:00:00,17954.13,0.0,7732.98,23.56,77.7,11.21,48.6
2023-08-09 01:00:00,17357.65,0.0,661.17,22.15,74.4,6.67,53.5
2023-08-09 02:00:00,17089.19,0.0,6.48,22.5,74.8,3.8,41.1
2023-08-09 03:00:00,16954.62,0.0,0.0,23.52,71.1,3.03,33.4
2023-08-09 04:00:00,18431.31,0.0,205.02,24.33,67.8,5.47,49.2
2023-08-09 05:00:00,19366.49,0.0,0.12,26.53,65.2,3.21,38.3
2023-08-09 06:00:00,22444.78,204.04,746.7,27.59,76.1,6.84,39.5
2023-08-09 07:00:00,25230.29,1268.93,0.0,27.07,66.5,1.51,29.6
2023-08-09 08:00:00,27338.92,2451.42,234.59,29.64,60.5,5.59,26.6
2023-08-09 09:00:00,29189.4,3525.37,0.03,30.05,68.0,3.13,27.2
2023-08-09 10:00:00,30146.09,4910.83,35.42,32.17,54.1,4.38,18.8
2023-08-09 11:00:00,33120.08,6024.31,628.01,34.88,49.1,6.59,9.3
2023-08-09 12:00:00,34070.42,6142.25,4.71,36.11,53.4,3.71,15.9
2023-08-09 13:00:00,33001.89,6579.19,1.22,34.95,47.5,3.45,8.2
2023-08-09 14:00:00,31224.34,6451.89,9743.86,34.25,45.5,13.03,1.7
2023-08-09 15:00:00,34382.64,5669.91,546.5,35.78,36.9,6.42,0.0
2023-08-09 16:00:00,33777.9,4467.69,63.1,35.25,42.9,4.66,0.0
2023-08-09 17:00:00,34570.49,2718.39,166.77,34.7,47.2,5.31,14.4
2023-08-09 18:00:00,34556.84,1205.05,323.26,34.62,56.9,5.85,35.0
2023-08-09 19:00:00,34203.04,358.35,0.0,34.2,52.3,0.57,26.4
2023-08-09 20:00:00,31567.23,0.0,0.0,33.13,71.6,1.78,53.3
2023-08-09 21:00:00,29355.97,0.0,820.67,31.42,57.6,6.95,39.2
2023-08-09 22:00:00,24464.7,0.0,107.58,29.63,73.1,4.98,51.8
2023-08-09 23:00:00,22477.0,0.0,0.0,29.25,66.2,2.34,41.2
2023-08-10 00:00:00,19849.19,0.0,103.56,28.59,66.7,4.99,29.9
2023-08-10 01:00:00,17876.6,0.0,4.67,27.3,66.2,3.7,21.6
2023-08-10 02:00:00,17891.97,0.0,8502.8,27.8,53.9,11.64,22.7
2023-08-10 03:00:00,18151.14,0.0,47.63,27.23,65.6,4.55,31.2
2023-08-10 04:00:00,17540.96,0.0,12.24,26.21,68.2,3.96,39.7
2023-08-10 05:00:00,19067.65,0.0,1527.47,25.68,62.5,7.79,27.9
2023-08-10 06:00:00,21814.36,336.29,690.85,25.26,66.7,6.73,17.0
2023-08-10 07:00:00,24853.78,1569.38,761.7,25.91,68.6,6.92,8.2
2023-08-10 08:00:00,27217.67,2909.01,219.87,28.4,48.1,5.52,10.1
2023-08-10 09:00:00,27441.98,4144.8,197.61,28.66,56.4,5.46,10.7
2023-08-10 10:00:00,28633.18,5503.83,1552.5,30.07,49.5,7.96,2.3
2023-08-10 11:00:00,28952.34,6072.99,0.0,30.45,56.0,2.9,9.5
2023-08-10 12:00:00,28749.98,4935.16,15.28,31.15,61.0,4.06,39.8
2023-08-10 13:00:00,28498.25,5206.73,6263.89,30.27,59.5,10.73,33.2
2023-08-10 14:00:00,28050.42,5062.56,0.0,30.62,63.0,2.08,28.3
2023-08-10 15:00:00,29148.1,4115.4,0.0,30.69,68.6,2.91,35.9
2023-08-10 16:00:00,29946.67,3508.43,0.0,31.24,70.2,2.09,29.1
2023-08-10 17:00:00,29996.49,2240.5,0.0,31.09,59.0,0.5,37.9
2023-08-10 18:00:00,30739.97,1278.82,0.0,29.07,55.3,3.07,29.0
2023-08-10 19:00:00,29871.23,157.79,0.0,29.41,70.0,0.99,51.8
2023-08-10 20:00:00,28324.25,0.0,0.0,28.54,76.0,2.6,54.0
2023-08-10 21:00:00,26828.53,0.0,57.62,27.56,71.7,4.65,44.3
2023-08-10 22:00:00,23313.99,0.0,0.0,26.33,74.6,1.39,36.2
2023-08-10 23:00:00,20757.14,0.0,2272.83,24.62,68.1,8.58,30.0
2023-08-11 00:00:00,18051.29,0.0,3514.42,23.86,71.9,9.32,46.9
2023-08-11 01:00:00,17877.39,0.0,403.35,23.66,70.9,6.07,30.3
2023-08-11 02:00:00,16988.74,0.0,10000.0,21.27,70.6,14.59,22.9
2023-08-11 03:00:00,16982.21,0.0,2173.3,20.63,74.2,8.43,17.7
2023-08-11 04:00:00,17119.66,0.0,2998.64,20.66,75.9,9.04,19.6
2023-08-11 05:00:00,19533.4,0.0,29.14,21.58,74.5,4.3,18.2
2023-08-11 06:00:00,22174.77,340.94,4346.68,23.78,65.4,9.88,2.4
2023-08-11 07:00:00,22971.33,1651.83,9478.25,23.97,63.8,11.89,1.6
2023-08-11 08:00:00,25918.52,3064.87,11.68,24.68,65.7,3.95,4.4
2023-08-11 09:00:00,25619.83,4432.6,1013.94,25.47,52.6,7.3,0.6
2023-08-11 10:00:00,26694.65,5139.45,1258.41,25.98,63.7,7.6,13.0
2023-08-11 11:00:00,26129.15,5137.24,3.01,26.95,65.2,3.6,26.7
2023-08-11 12:00:00,27933.58,5509.07,60.92,28.99,63.0,4.67,26.8
2023-08-11 13:00:00,27025.99,5235.35,0.0,28.73,63.1,1.26,30.6
2023-08-11 14:00:00,27801.5,6241.96,0.0,29.88,57.2,1.92,5.3
2023-08-11 15:00:00,27188.45,5428.58,0.0,28.33,55.0,0.63,3.8
2023-08-11 16:00:00,27387.21,3822.57,106.62,27.81,66.5,5.03,19.7
2023-08-11 17:00:00,28343.71,2673.47,254.01,27.26,63.9,5.7,16.5
2023-08-11 18:00:00,29861.52,1623.56,3933.83,28.62,59.0,9.63,9.9
2023-08-11 19:00:00,28996.62,363.76,190.09,27.49,64.8,5.45,40.3
2023-08-11 20:00:00,27127.12,0.0,2.01,24.08,80.9,3.53,61.5
2023-08-11 21:00:00,25937.32,0.0,0.0,20.94,83.5,1.8,64.0
2023-08-11 22:00:00,22173.91,0.0,4595.17,20.15,83.3,10.13,74.2
2023-08-11 23:00:00,20257.02,0.0,431.39,20.06,78.4,6.15,42.8
2023-08-12 00:00:00,15147.69,0.0,2477.32,19.74,79.0,8.66,32.3
2023-08-12 01:00:00,13681.0,0.0,0.0,19.44,77.7,1.95,27.0
2023-08-12 02:00:00,12484.23,0.0,683.9,20.5,75.5,6.78,25.2
2023-08-12 03:00:00,12540.82,0.0,217.24,19.9,73.6,5.56,20.5
2023-08-12 04:00:00,12800.78,0.0,0.0,21.24,70.4,2.46,0.0
2023-08-12 05:00:00,16093.05,0.0,3159.65,20.04,73.3,9.27,1.5
2023-08-12 06:00:00,18076.37,263.25,673.4,20.03,73.9,6.66,12.1
2023-08-12 07:00:00,20740.19,1252.13,110.63,19.3,75.2,5.02,34.1
2023-08-12 08:00:00,22241.63,2460.0,2814.73,20.52,69.2,8.91,24.7
2023-08-12 09:00:00,21941.31,3943.97,164.3,22.08,66.8,5.3,15.5
2023-08-12 10:00:00,23570.94,5538.67,0.0,23.79,70.5,0.5,0.0
2023-08-12 11:00:00,23116.69,6513.23,5875.1,25.33,61.7,10.67,0.0
2023-08-12 12:00:00,22811.57,6702.91,0.0,25.6,69.8,2.96,4.6
2023-08-12 13:00:00,23446.23,6784.23,1614.96,26.49,58.7,7.9,0.9
2023-08-12 14:00:00,22862.9,4950.64,1218.33,25.66,66.7,7.58,30.8
2023-08-12 15:00:00,24279.75,4422.23,0.0,27.73,63.9,1.78,28.2
2023-08-12 16:00:00,24806.98,3438.91,32.23,27.52,64.8,4.35,30.8
2023-08-12 17:00:00,24908.72,2715.55,0.0,26.8,59.1,0.5,15.0
2023-08-12 18:00:00,26446.98,1425.16,5.18,28.1,57.3,3.74,20.8
2023-08-12 19:00:00,24639.55,400.33,986.35,25.93,61.7,7.14,0.0
2023-08-12 20:00:00,22801.85,0.0,0.53,23.79,69.8,3.34,11.5
2023-08-12 21:00:00,22076.56,0.0,0.0,21.66,81.2,2.52,23.0
2023-08-12 22:00:00,19630.67,0.0,401.48,20.71,75.5,6.08,40.8
2023-08-12 23:00:00,15907.99,0.0,601.06,20.38,73.0,6.6,27.9
2023-08-13 00:00:00,14477.26,0.0,1648.68,20.44,71.9,8.05,30.5
2023-08-13 01:00:00,14048.24,0.0,3101.95,22.74,78.1,9.08,37.8
2023-08-13 02:00:00,13568.12,0.0,2283.16,19.84,82.2,8.55,42.8
2023-08-13 03:00:00,14320.25,0.0,5021.73,20.54,71.6,10.35,31.4
2023-08-13 04:00:00,13517.88,0.0,67.1,20.24,64.9,4.69,3.2
2023-08-13 05:00:00,15322.91,0.0,1062.35,20.24,74.3,7.31,11.2
2023-08-13 06:00:00,18092.44,392.13,198.79,20.53,71.8,5.48,12.2
2023-08-13 07:00:00,20242.41,1476.64,9716.6,20.75,72.0,12.56,8.1
2023-08-13 08:00:00,21747.55,2574.57,230.67,24.04,63.9,5.56,20.5
2023-08-13 09:00:00,22734.23,3740.43,8852.49,26.36,57.0,11.85,21.7
2023-08-13 10:00:00,23874.21,5318.9,1495.92,27.71,55.6,7.85,7.5
2023-08-13 11:00:00,25405.67,6421.04,841.96,30.43,56.1,7.01,0.0
2023-08-13 12:00:00,25129.74,6852.36,80.32,29.75,62.8,4.8,0.0
2023-08-13 13:00:00,24396.01,6141.85,25.47,29.13,57.3,4.23,15.1
2023-08-13 14:00:00,21903.74,5153.31,71.79,27.38,73.3,4.76,26.1
2023-08-13 15:00:00,22595.68,4388.08,0.0,27.08,68.8,2.91,29.5
2023-08-13 16:00:00,23908.47,3479.01,2914.46,27.42,59.0,9.05,27.9
2023-08-13 17:00:00,25743.15,2456.55,1157.42,27.35,65.0,7.42,25.8
2023-08-13 18:00:00,25569.38,1085.61,1451.42,27.03,71.8,7.7,40.9
2023-08-13 19:00:00,24881.59,241.86,53.68,24.73,60.3,4.59,34.3
2023-08-13 20:00:00,23993.92,0.0,0.0,24.78,74.2,1.65,41.3
2023-08-13 21:00:00,22121.35,0.0,1062.32,24.06,76.1,7.27,36.4
2023-08-13 22:00:00,19095.85,0.0,110.15,23.84,79.1,5.05,59.5
2023-08-13 23:00:00,16283.36,0.0,5033.11,20.77,83.1,10.16,65.5
2023-08-14 00:00:00,17609.5,0.0,2972.44,20.32,86.0,9.14,76.6
2023-08-14 01:00:00,18736.92,0.0,8.49,18.48,85.3,3.86,64.5
2023-08-14 02:00:00,17105.42,0.0,1397.59,17.87,84.7,7.7,73.7
2023-08-14 03:00:00,17628.26,0.0,2366.67,18.61,83.5,8.55,65.2
2023-08-14 04:00:00,16825.1,0.0,1114.68,19.13,83.3,7.42,62.9
2023-08-14 05:00:00,19361.74,0.0,794.91,18.91,89.8,6.86,79.2
2023-08-14 06:00:00,20985.44,259.62,39.81,19.95,81.2,4.42,61.3
2023-08-14 07:00:00,23786.97,965.92,24.3,19.52,80.3,4.24,60.6
2023-08-14 08:00:00,25074.67,1608.21,2251.85,22.29,83.5,8.46,62.7
2023-08-14 09:00:00,25306.46,2218.19,0.0,23.56,80.9,1.03,65.6
2023-08-14 10:00:00,26180.47,3237.13,1553.5,26.28,71.2,7.96,56.5
2023-08-14 11:00:00,26940.82,2618.86,174.01,27.02,79.9,5.32,78.9
2023-08-14 12:00:00,26762.36,3739.56,4829.81,27.62,70.0,10.16,58.1
2023-08-14 13:00:00,26945.65,3140.43,9822.98,27.75,75.6,14.82,72.8
2023-08-14 14:00:00,27347.83,2356.97,333.08,29.44,79.4,5.92,82.8
2023-08-14 15:00:00,28076.36,1388.06,7.38,29.0,78.0,3.83,99.9
2023-08-14 16:00:00,28615.64,1962.65,34.06,29.75,67.9,4.36,73.0
2023-08-14 17:00:00,30300.5,1681.32,0.0,29.01,69.3,2.33,58.0
2023-08-14 18:00:00,28932.28,737.83,0.0,26.24,72.1,1.47,73.1
2023-08-14 19:00:00,28109.68,301.62,286.26,24.91,71.5,5.74,46.0
2023-08-14 20:00:00,27546.49,0.0,2061.84,22.77,69.3,8.29,25.4
2023-08-14 21:00:00,24877.12,0.0,8.16,21.93,60.6,3.85,20.6
2023-08-14 22:00:00,22416.89,0.0,177.67,19.72,76.7,5.4,24.6
2023-08-14 23:00:00,19884.56,0.0,696.01,19.99,78.5,6.75,45.0
2023-08-15 00:00:00,18292.0,0.0,7428.11,19.13,84.3,11.13,41.3
2023-08-15 01:00:00,17069.17,0.0,6.27,18.48,79.3,3.79,33.2
2023-08-15 02:00:00,17249.5,0.0,75.87,19.02,81.6,4.81,37.1
2023-08-15 03:00:00,16779.04,0.0,9214.03,20.16,83.2,11.73,42.5
2023-08-15 04:00:00,17577.5,0.0,0.0,20.46,78.5,2.63,46.8
2023-08-15 05:00:00,19126.78,0.0,1640.05,20.24,78.5,8.05,43.2
2023-08-15 06:00:00,20969.38,342.59,1338.58,19.24,67.4,7.71,18.7
2023-08-15 07:00:00,23468.36,1566.23,193.59,19.78,75.7,5.41,9.6
2023-08-15 08:00:00,25052.24,2408.32,282.51,20.59,74.0,5.77,29.7
2023-08-15 09:00:00,25607.52,3363.2,3211.51,22.29,68.9,9.3,32.5
2023-08-15 10:00:00,26042.31,4310.39,0.0,23.48,73.3,2.7,28.9
2023-08-15 11:00:00,26678.4,4274.91,0.0,25.71,62.0,3.0,43.0
2023-08-15 12:00:00,26458.61,5334.51,95.26,26.29,64.6,4.96,28.4
2023-08-15 13:00:00,26359.93,5483.28,12.25,27.27,68.1,3.97,26.5
2023-08-15 14:00:00,27392.63,5005.48,128.75,29.33,60.5,5.15,29.1
2023-08-15 15:00:00,28648.21,4381.96,3483.6,30.04,57.2,9.39,24.4
2023-08-15 16:00:00,28661.92,3491.32,3313.71,29.95,59.1,9.34,26.9
2023-08-15 17:00:00,29780.81,2325.28,0.0,28.95,53.8,2.55,25.6
2023-08-15 18:00:00,29812.33,1499.5,0.48,27.66,62.6,3.33,9.8
2023-08-15 19:00:00,29138.95,328.38,0.0,25.93,63.0,2.38,15.0
2023-08-15 20:00:00,26829.58,0.0,5464.4,24.42,61.1,10.46,1.4
2023-08-15 21:00:00,25172.01,0.0,90.37,24.28,62.8,4.92,7.4
2023-08-15 22:00:00,21600.45,0.0,253.77,22.99,70.6,5.63,27.1
2023-08-15 23:00:00,19775.62,0.0,3005.85,20.55,76.0,9.16,24.7
2023-08-16 00:00:00,17769.74,0.0,661.31,21.7,68.3,6.66,11.6
2023-08-16 01:00:00,17627.55,0.0,2.62,21.44,63.7,3.59,12.8
2023-08-16 02:00:00,17713.32,0.0,528.44,19.53,72.3,6.39,5.4
2023-08-16 03:00:00,17061.34,0.0,1584.22,19.08,75.3,7.99,16.0
2023-08-16 04:00:00,17645.86,0.0,2497.73,19.58,73.5,8.78,16.5
2023-08-16 05:00:00,18480.72,0.0,1648.24,22.14,79.1,7.96,39.1
2023-08-16 06:00:00,20660.91,201.53,0.77,21.76,78.8,3.39,52.5
2023-08-16 07:00:00,23854.09,1062.62,77.86,23.97,79.0,4.8,48.5
2023-08-16 08:00:00,25858.97,1719.91,1676.83,26.73,78.1,8.08,55.4
2023-08-16 09:00:00,26374.55,2765.16,3931.48,27.26,72.2,9.73,48.2
2023-08-16 10:00:00,27517.91,3507.03,0.0,28.21,65.2,1.3,46.9
2023-08-16 11:00:00,27012.22,4364.86,0.0,28.26,66.2,0.92,41.1
2023-08-16 12:00:00,28207.07,4281.7,362.41,29.13,72.5,6.05,49.5
2023-08-16 13:00:00,27981.44,3420.4,111.26,29.96,64.3,5.05,64.9
2023-08-16 14:00:00,28988.82,2985.88,0.0,31.27,68.4,1.76,70.8
2023-08-16 15:00:00,30544.5,2295.08,87.46,32.69,68.2,4.9,77.5
2023-08-16 16:00:00,30025.48,1624.23,7903.05,31.68,69.0,11.47,83.4
2023-08-16 17:00:00,30168.86,1089.17,265.11,29.07,79.8,5.75,84.1
2023-08-16 18:00:00,29219.29,866.0,43.86,28.44,73.8,4.47,64.5
2023-08-16 19:00:00,29849.45,184.16,1881.63,27.92,74.4,8.29,81.3
2023-08-16 20:00:00,27757.77,0.0,0.03,27.15,84.7,3.13,97.3
2023-08-16 21:00:00,26073.88,0.0,118.45,25.65,81.2,5.05,87.0
2023-08-16 22:00:00,22987.73,0.0,433.94,24.66,77.0,6.24,76.2
2023-08-16 23:00:00,21029.08,0.0,475.75,25.26,77.4,6.35,78.6
2023-08-17 00:00:00,18430.63,0.0,7628.54,24.6,83.2,11.44,79.7
2023-08-17 01:00:00,17588.44,0.0,131.62,23.39,85.0,5.14,71.8
2023-08-17 02:00:00,17399.5,0.0,0.0,22.36,75.8,2.91,52.3
2023-08-17 03:00:00,16843.17,0.0,8809.92,22.03,80.8,11.68,53.8
2023-08-17 04:00:00,17971.61,0.0,58.94,24.03,83.2,4.64,58.1
2023-08-17 05:00:00,19169.23,0.0,288.39,24.24,73.0,5.82,63.9
2023-08-17 06:00:00,21228.38,196.49,755.78,24.92,78.7,6.8,64.5
2023-08-17 07:00:00,24106.07,917.07,9527.55,25.33,78.3,13.32,57.7
2023-08-17 08:00:00,26954.67,1517.88,502.14,27.68,73.6,6.3,66.8
2023-08-17 09:00:00,28436.54,2273.18,162.07,30.99,73.5,5.31,63.7
2023-08-17 10:00:00,30804.95,3204.16,375.59,32.52,72.9,6.07,54.5
2023-08-17 11:00:00,31328.61,3974.74,9436.14,33.54,62.9,11.8,49.9
2023-08-17 12:00:00,31525.57,5378.44,1585.98,34.35,53.8,7.91,27.1
2023-08-17 13:00:00,30031.76,5499.9,0.0,32.28,61.2,2.01,25.8
2023-08-17 14:00:00,30678.12,4547.41,1130.42,33.54,61.2,7.41,35.1
2023-08-17 15:00:00,31251.27,3882.25,1617.92,33.76,48.4,7.89,39.0
2023-08-17 16:00:00,32046.28,2526.72,446.31,33.98,62.6,6.18,56.7
2023-08-17 17:00:00,32270.82,1884.43,353.36,32.6,61.5,5.99,50.9
2023-08-17 18:00:00,31704.12,932.6,35.54,31.36,67.4,4.4,54.7
2023-08-17 19:00:00,30583.89,149.09,476.68,29.88,68.8,6.28,61.8
2023-08-17 20:00:00,29843.73,0.0,1269.32,29.85,75.5,7.5,86.6
2023-08-17 21:00:00,26916.84,0.0,0.0,28.12,73.7,2.58,82.0
2023-08-17 22:00:00,25547.54,0.0,20.1,29.13,74.1,4.13,63.8
2023-08-17 23:00:00,22774.25,0.0,8.92,28.27,80.6,3.88,70.4
2023-08-18 00:00:00,18610.68,0.0,4637.89,25.59,78.9,9.94,88.3
2023-08-18 01:00:00,17163.06,0.0,1880.37,24.59,75.5,8.28,77.9
2023-08-18 02:00:00,16841.97,0.0,557.38,23.31,84.1,6.49,82.7
2023-08-18 03:00:00,16853.26,0.0,4699.53,20.69,89.8,10.07,91.6
2023-08-18 04:00:00,18223.98,0.0,2569.5,22.73,93.1,8.75,96.9
2023-08-18 05:00:00,18796.0,0.0,7885.68,23.98,80.2,11.46,90.9
2023-08-18 06:00:00,21776.92,237.82,0.0,25.28,77.4,2.89,75.7
2023-08-18 07:00:00,24299.22,737.66,535.17,26.38,67.9,6.38,69.7
2023-08-18 08:00:00,25692.68,1371.37,1526.44,25.93,82.9,7.81,70.9
2023-08-18 09:00:00,25965.58,1888.59,0.82,26.66,79.0,3.4,77.4
2023-08-18 10:00:00,27124.04,2260.97,15.59,28.87,72.8,4.07,76.2
2023-08-18 11:00:00,28483.16,3155.34,43.13,28.85,67.0,4.48,66.6
2023-08-18 12:00:00,27280.79,3160.37,1339.27,27.12,70.5,7.61,69.4
2023-08-18 13:00:00,26771.02,2859.6,54.37,27.85,77.5,4.62,75.4
2023-08-18 14:00:00,27593.47,2733.5,45.56,28.39,70.6,4.5,75.0
2023-08-18 15:00:00,27123.12,3001.98,12.56,28.92,71.0,3.98,60.1
2023-08-18 16:00:00,28744.61,2563.87,0.0,29.75,76.2,2.42,54.8
2023-08-18 17:00:00,30340.85,1593.01,3817.2,30.11,68.4,9.61,63.7
2023-08-18 18:00:00,31266.38,1040.19,1.24,29.71,61.4,3.45,43.5
2023-08-18 19:00:00,30644.51,287.85,238.93,30.1,59.7,5.65,17.3
2023-08-18 20:00:00,28202.76,0.0,0.0,27.25,62.3,2.54,37.4
2023-08-18 21:00:00,25792.76,0.0,147.57,26.64,76.4,5.2,43.1
2023-08-18 22:00:00,23435.17,0.0,5536.77,26.13,77.4,10.51,49.3
2023-08-18 23:00:00,20877.83,0.0,10000.0,23.61,70.9,15.77,34.6
2023-08-19 00:00:00,14072.57,0.0,195.81,20.95,73.9,5.49,43.2
2023-08-19 01:00:00,14511.23,0.0,11.05,19.54,78.3,3.94,45.4
2023-08-19 02:00:00,13405.51,0.0,189.8,18.55,75.1,5.44,25.0
2023-08-19 03:00:00,12767.32,0.0,240.19,19.46,81.1,5.58,43.1
2023-08-19 04:00:00,13679.79,0.0,1821.68,19.13,84.4,8.07,43.9
2023-08-19 05:00:00,15980.54,0.0,666.28,18.88,74.9,6.72,38.0
2023-08-19 06:00:00,17582.95,276.49,2805.11,19.22,81.4,9.0,32.9
2023-08-19 07:00:00,20534.7,1491.51,1747.32,21.73,70.3,8.04,8.9
2023-08-19 08:00:00,21123.97,2511.08,17.43,23.09,66.4,4.08,19.0
2023-08-19 09:00:00,21602.57,3328.35,2060.33,24.31,63.6,8.34,23.9
2023-08-19 10:00:00,22462.82,4375.61,2792.47,25.61,66.3,8.87,22.8
2023-08-19 11:00:00,24654.65,4347.47,313.12,28.36,61.9,5.91,39.5
2023-08-19 12:00:00,24112.19,5557.34,4473.11,28.61,65.6,9.92,22.2
2023-08-19 13:00:00,25951.65,5766.17,1064.75,30.94,52.3,7.28,16.4
2023-08-19 14:00:00,26456.65,5840.44,160.85,31.68,55.9,5.32,8.3
2023-08-19 15:00:00,25894.33,4987.39,3030.96,31.68,53.3,9.05,8.0
2023-08-19 16:00:00,29949.0,3882.97,185.24,34.29,48.8,5.37,12.0
2023-08-19 17:00:00,28494.35,2516.73,86.29,32.51,55.0,4.84,19.7
2023-08-19 18:00:00,28874.94,1397.33,5.47,31.29,60.8,3.75,17.3
2023-08-19 19:00:00,26831.39,316.87,3083.59,28.9,52.9,9.18,8.7
2023-08-19 20:00:00,25394.26,0.0,0.0,28.84,62.0,2.27,32.0
2023-08-19 21:00:00,24054.85,0.0,200.58,29.44,67.1,5.5,61.2
2023-08-19 22:00:00,21965.43,0.0,509.71,29.9,68.9,6.32,59.6
2023-08-19 23:00:00,19446.69,0.0,677.2,29.86,63.3,6.75,47.4
2023-08-20 00:00:00,16265.06,0.0,1530.15,28.25,65.2,7.82,63.3
2023-08-20 01:00:00,14761.61,0.0,718.19,26.82,64.8,6.8,42.4
2023-08-20 02:00:00,13544.46,0.0,102.5,24.27,77.9,4.97,37.4
2023-08-20 03:00:00,14703.26,0.0,5415.85,26.24,67.4,10.53,28.6
2023-08-20 04:00:00,14009.08,0.0,1803.57,26.69,63.3,8.19,15.3
2023-08-20 05:00:00,15982.17,0.0,5339.25,26.38,61.5,10.39,14.1
2023-08-20 06:00:00,19373.65,297.88,81.68,28.4,57.6,4.82,6.1
2023-08-20 07:00:00,21834.66,1491.19,1197.97,28.05,57.4,7.44,9.6
2023-08-20 08:00:00,24270.92,2571.94,1471.43,29.46,60.1,7.88,12.8
2023-08-20 09:00:00,24486.67,3946.09,76.07,30.3,55.9,4.81,7.8
2023-08-20 10:00:00,27111.94,5146.29,2121.09,32.06,48.1,8.38,6.5
2023-08-20 11:00:00,27916.66,5839.28,0.0,32.93,52.7,0.5,7.0
2023-08-20 12:00:00,26904.86,5614.92,235.48,32.12,46.2,5.63,19.9
2023-08-20 13:00:00,26978.32,5631.37,227.35,32.88,56.6,5.6,19.8
2023-08-20 14:00:00,28146.51,4731.82,76.81,34.42,50.0,4.82,31.4
2023-08-20 15:00:00,28601.17,3792.08,220.27,34.39,57.1,5.58,38.7
2023-08-20 16:00:00,29949.16,2763.74,0.0,34.93,53.5,1.87,44.9
2023-08-20 17:00:00,29593.27,1722.97,456.75,33.12,64.7,6.24,60.2
2023-08-20 18:00:00,29150.24,1044.57,2.85,32.22,64.1,3.59,43.6
2023-08-20 19:00:00,27554.01,293.74,67.56,30.44,68.6,4.74,36.8
2023-08-20 20:00:00,25926.45,0.0,18.67,30.05,62.2,4.11,57.6
2023-08-20 21:00:00,23742.47,0.0,212.01,28.75,72.6,5.51,51.6
2023-08-20 22:00:00,20686.75,0.0,903.62,28.17,61.0,7.02,15.7
2023-08-20 23:00:00,18468.06,0.0,4033.26,28.07,58.7,9.65,15.4
2023-08-21 00:00:00,18693.92,0.0,556.47,27.54,65.3,6.43,19.1
2023-08-21 01:00:00,18607.14,0.0,181.95,26.85,57.5,5.38,0.0
2023-08-21 02:00:00,17531.15,0.0,741.72,25.04,66.5,6.78,10.7
2023-08-21 03:00:00,17346.49,0.0,2203.6,24.71,58.7,8.52,4.9
2023-08-21 04:00:00,16947.99,0.0,251.23,24.14,62.7,5.69,12.3
2023-08-21 05:00:00,18672.78,0.0,409.27,24.14,69.0,6.09,12.1
2023-08-21 06:00:00,21055.1,402.53,911.99,24.42,67.8,7.06,0.0
2023-08-21 07:00:00,24168.74,1537.84,63.72,24.29,61.9,4.71,0.0
2023-08-21 08:00:00,25569.38,2883.56,5.15,23.32,52.2,3.72,0.0
2023-08-21 09:00:00,25451.2,4164.59,0.0,23.98,62.5,2.77,3.3
2023-08-21 10:00:00,26942.41,5070.31,26.06,25.62,61.6,4.26,5.2
2023-08-21 11:00:00,26988.88,6029.22,0.0,25.46,60.0,1.03,2.3
2023-08-21 12:00:00,26693.81,6579.51,219.59,26.71,60.0,5.54,0.0
2023-08-21 13:00:00,28215.63,5847.85,0.0,29.79,55.9,2.07,13.9
2023-08-21 14:00:00,28418.76,4561.49,2.94,31.48,63.7,3.61,33.8
2023-08-21 15:00:00,30977.86,3441.9,0.0,33.46,56.5,2.71,48.0
2023-08-21 16:00:00,31427.0,2550.5,253.29,33.64,66.9,5.63,52.2
2023-08-21 17:00:00,33465.37,1646.7,1765.06,34.32,67.5,8.19,53.4
2023-08-21 18:00:00,33132.86,1203.12,339.31,32.58,55.8,5.96,36.4
2023-08-21 19:00:00,31355.85,243.82,186.51,30.75,57.6,5.45,33.1
2023-08-21 20:00:00,28009.54,0.0,768.49,26.5,66.8,6.82,25.0
2023-08-21 21:00:00,26124.73,0.0,0.0,26.67,54.9,1.29,4.1
2023-08-21 22:00:00,23949.46,0.0,0.0,27.15,61.1,2.89,20.3
2023-08-21 23:00:00,19945.05,0.0,0.0,25.31,68.4,2.87,13.6
2023-08-22 00:00:00,17769.74,0.0,0.06,23.89,73.0,3.16,30.1
2023-08-22 01:00:00,17309.14,0.0,88.41,22.28,83.0,4.88,41.1
2023-08-22 02:00:00,17171.71,0.0,917.48,22.26,77.2,7.12,46.9
2023-08-22 03:00:00,16673.03,0.0,4.45,23.33,74.0,3.7,52.6
2023-08-22 04:00:00,16587.65,0.0,9459.43,21.51,76.8,12.14,42.9
2023-08-22 05:00:00,18498.79,0.0,5273.83,22.49,79.9,10.33,64.1
2023-08-22 06:00:00,20819.45,216.29,9366.81,22.97,78.5,13.3,60.9
2023-08-22 07:00:00,23212.74,780.26,0.0,24.12,77.4,2.13,61.2
2023-08-22 08:00:00,26810.65,1777.48,3566.66,25.81,68.7,9.56,50.1
2023-08-22 09:00:00,27138.67,2999.81,2338.79,26.84,68.8,8.58,36.9
2023-08-22 10:00:00,26412.89,3614.56,4494.73,27.98,61.7,9.85,42.2
2023-08-22 11:00:00,27046.31,4041.36,175.06,28.92,63.6,5.33,43.8
2023-08-22 12:00:00,28746.87,4978.61,1263.14,31.01,60.4,7.53,33.0
2023-08-22 13:00:00,29190.92,5728.67,0.0,32.19,45.8,0.63,15.8
2023-08-22 14:00:00,31416.52,5993.77,0.0,32.85,53.8,0.87,2.7
2023-08-22 15:00:00,29161.44,4457.21,0.0,31.54,48.8,1.34,20.7
2023-08-22 16:00:00,29849.59,3753.18,3266.44,30.98,59.0,9.29,14.9
2023-08-22 17:00:00,31078.87,2508.48,0.0,31.52,50.0,0.79,13.0
2023-08-22 18:00:00,30912.48,1137.23,0.0,30.78,59.5,1.48,32.9
2023-08-22 19:00:00,31291.54,301.19,4900.63,30.48,60.3,10.25,19.5
2023-08-22 20:00:00,30649.55,0.0,0.0,31.2,64.2,2.1,12.4
2023-08-22 21:00:00,28414.98,0.0,3619.6,30.92,54.6,9.55,5.7
2023-08-22 22:00:00,26065.98,0.0,2407.72,29.55,53.8,8.71,28.4
2023-08-22 23:00:00,21622.89,0.0,0.0,27.6,74.4,2.09,53.0
2023-08-23 00:00:00,18090.35,0.0,0.0,23.51,77.0,1.96,59.5
2023-08-23 01:00:00,18275.04,0.0,864.31,22.56,81.1,7.02,65.7
2023-08-23 02:00:00,17081.74,0.0,9262.69,21.73,81.5,16.95,54.9
2023-08-23 03:00:00,17532.6,0.0,6283.3,22.03,75.2,10.9,75.6
2023-08-23 04:00:00,17182.43,0.0,186.47,22.02,83.6,5.4,73.7
2023-08-23 05:00:00,17444.58,0.0,318.79,22.16,83.1,5.87,79.1
2023-08-23 06:00:00,20498.56,149.11,250.81,21.0,89.6,5.69,72.3
2023-08-23 07:00:00,24287.22,820.46,2139.6,21.11,85.5,8.37,64.4
2023-08-23 08:00:00,24976.09,1159.75,79.22,22.99,77.5,4.8,80.6
2023-08-23 09:00:00,26483.37,1612.24,0.0,26.28,84.6,2.84,81.4
2023-08-23 10:00:00,27557.74,1579.76,1261.55,27.45,82.6,7.6,93.1
2023-08-23 11:00:00,28044.65,2121.93,77.01,29.01,71.4,4.78,88.9
2023-08-23 12:00:00,28768.4,2979.27,0.0,31.07,70.8,1.19,72.1
2023-08-23 13:00:00,28814.36,3431.0,1070.22,30.89,72.0,7.37,60.4
2023-08-23 14:00:00,29465.35,3427.92,147.23,31.78,61.3,5.24,58.4
2023-08-23 15:00:00,29002.0,3388.35,37.77,31.11,69.9,4.43,47.8
2023-08-23 16:00:00,29818.17,3179.62,355.16,31.93,53.4,6.01,32.8
2023-08-23 17:00:00,31210.75,1875.92,65.08,31.6,60.4,4.71,47.3
2023-08-23 18:00:00,31659.22,1050.12,415.85,31.13,58.4,6.1,39.0
2023-08-23 19:00:00,29339.96,304.53,2817.52,29.22,70.6,8.91,40.0
2023-08-23 20:00:00,28351.85,0.0,505.52,28.84,64.3,6.33,42.7
2023-08-23 21:00:00,27365.56,0.0,863.63,29.85,58.2,7.05,34.5
2023-08-23 22:00:00,22951.54,0.0,777.82,27.32,72.5,6.95,51.8
2023-08-23 23:00:00,20829.58,0.0,572.99,25.69,71.7,6.56,36.2
2023-08-24 00:00:00,18628.89,0.0,10.42,24.77,73.7,3.92,38.8
2023-08-24 01:00:00,17481.99,0.0,198.47,24.79,70.5,5.48,41.1
2023-08-24 02:00:00,16386.33,0.0,2167.16,23.56,73.9,8.52,39.4
2023-08-24 03:00:00,16983.14,0.0,468.52,20.19,70.9,6.33,23.1
2023-08-24 04:00:00,17445.74,0.0,427.9,21.96,80.7,6.14,34.8
2023-08-24 05:00:00,18913.17,0.0,3036.38,23.28,78.9,9.09,43.5
2023-08-24 06:00:00,21219.04,283.82,0.0,22.09,77.9,1.42,34.1
2023-08-24 07:00:00,24077.36,1090.53,1540.47,22.49,78.3,7.83,42.5
2023-08-24 08:00:00,25668.6,1938.51,347.05,25.49,73.8,5.94,45.8
2023-08-24 09:00:00,26864.59,3221.92,70.97,28.32,58.6,4.76,28.9
2023-08-24 10:00:00,28802.87,4497.62,20.63,30.5,60.6,4.17,19.2
2023-08-24 11:00:00,29371.8,4492.63,0.0,31.32,61.2,2.48,34.5
2023-08-24 12:00:00,30098.22,4587.63,2.55,32.27,65.4,3.58,38.1
2023-08-24 13:00:00,30769.62,5024.52,7.88,32.77,61.0,3.83,30.7
2023-08-24 14:00:00,31296.17,5113.97,15.53,34.38,55.2,4.07,20.7
2023-08-24 15:00:00,31238.18,4556.87,345.05,33.4,46.5,5.96,16.0
2023-08-24 16:00:00,30140.36,3739.75,21.68,32.24,53.7,4.19,12.7
2023-08-24 17:00:00,32003.86,2778.66,1185.3,32.82,49.1,7.44,5.0
2023-08-24 18:00:00,33016.34,1618.08,385.28,31.89,52.4,6.02,0.0
2023-08-24 19:00:00,32470.22,384.7,0.0,32.31,50.8,2.64,6.6
2023-08-24 20:00:00,29717.21,0.0,3.84,30.23,57.9,3.67,21.4
2023-08-24 21:00:00,26290.06,0.0,0.0,28.79,59.4,2.07,7.5
2023-08-24 22:00:00,23310.74,0.0,8897.35,26.41,60.3,11.63,12.2
2023-08-24 23:00:00,19700.02,0.0,5652.65,25.21,62.2,10.45,3.9
2023-08-25 00:00:00,18224.53,0.0,0.0,22.43,59.5,2.99,4.1
2023-08-25 01:00:00,16838.87,0.0,1146.46,21.18,63.9,7.35,3.4
2023-08-25 02:00:00,17151.03,0.0,9822.19,19.2,72.2,13.04,1.8
2023-08-25 03:00:00,16872.59,0.0,2931.2,19.97,70.5,9.11,29.6
2023-08-25 04:00:00,16652.76,0.0,741.39,21.03,77.7,6.81,24.7
2023-08-25 05:00:00,18971.72,0.0,67.37,19.67,76.4,4.72,16.0
2023-08-25 06:00:00,22142.23,360.97,85.62,22.07,66.3,4.84,8.9
2023-08-25 07:00:00,24341.06,1301.04,2061.54,25.88,77.8,8.4,24.3
2023-08-25 08:00:00,26641.94,2701.17,2427.06,26.99,64.6,8.6,5.5
2023-08-25 09:00:00,25892.02,4048.46,349.01,27.43,53.8,5.94,0.0
2023-08-25 10:00:00,29986.72,4390.27,0.0,31.73,59.8,2.25,21.0
2023-08-25 11:00:00,29206.44,4810.52,5130.83,31.21,58.9,10.34,25.3
2023-08-25 12:00:00,29863.36,5125.98,2076.99,32.1,55.1,8.3,28.6
2023-08-25 13:00:00,30785.33,3768.19,0.0,32.93,59.3,1.73,54.7
2023-08-25 14:00:00,32139.5,3532.32,0.0,34.77,65.1,0.6,55.0
2023-08-25 15:00:00,32201.8,3441.79,75.33,35.12,55.4,4.8,43.9
2023-08-25 16:00:00,33218.05,2946.57,0.0,34.18,57.5,2.88,39.2
2023-08-25 17:00:00,31460.29,2300.53,0.0,32.48,53.0,2.99,24.8
2023-08-25 18:00:00,31408.07,1050.28,0.0,31.24,59.5,1.33,40.8
2023-08-25 19:00:00,29957.02,237.45,6585.85,29.07,66.5,10.99,46.8
2023-08-25 20:00:00,28353.75,0.0,2344.97,27.96,73.1,8.62,58.6
2023-08-25 21:00:00,25998.61,0.0,0.0,26.1,66.6,2.49,70.1
2023-08-25 22:00:00,22725.6,0.0,4355.57,23.25,78.7,9.98,60.6
2023-08-25 23:00:00,20824.31,0.0,1493.38,23.6,71.5,7.86,46.0
2023-08-26 00:00:00,15020.63,0.0,150.31,21.98,81.7,5.21,43.6
2023-08-26 01:00:00,13466.43,0.0,5965.13,19.89,87.9,10.61,31.9
2023-08-26 02:00:00,12330.86,0.0,1329.28,19.38,75.9,7.67,33.9
2023-08-26 03:00:00,13467.99,0.0,5644.55,19.44,73.7,10.4,47.4
2023-08-26 04:00:00,14460.67,0.0,652.18,17.82,82.4,6.63,43.6
2023-08-26 05:00:00,14836.43,0.0,736.98,18.91,79.7,6.76,44.1
2023-08-26 06:00:00,17327.52,196.66,101.43,18.73,88.1,4.94,41.6
2023-08-26 07:00:00,20559.68,930.92,198.29,21.87,84.6,5.44,50.2
2023-08-26 08:00:00,22144.51,1988.43,584.44,23.74,76.3,6.56,40.1
2023-08-26 09:00:00,22997.75,3605.46,8172.34,24.64,62.4,11.36,12.8
2023-08-26 10:00:00,23560.55,4378.88,432.17,25.17,68.7,6.21,20.9
2023-08-26 11:00:00,23408.31,4387.73,0.0,26.37,68.7,2.24,34.2
2023-08-26 12:00:00,23492.26,4473.12,0.0,28.19,67.3,0.5,39.3
2023-08-26 13:00:00,23772.43,4760.18,1808.26,29.03,56.9,8.2,30.9
2023-08-26 14:00:00,24036.68,5151.12,1.78,29.37,63.5,3.51,17.5
2023-08-26 15:00:00,25260.7,4120.25,0.01,29.71,61.1,3.08,25.2
2023-08-26 16:00:00,24721.22,3201.84,1088.59,28.98,62.0,7.38,27.8
2023-08-26 17:00:00,26173.33,2171.36,4835.32,28.25,60.8,10.26,26.9
2023-08-26 18:00:00,24582.36,910.44,931.47,25.34,69.7,7.07,49.5
2023-08-26 19:00:00,25101.1,262.69,0.0,25.69,70.3,2.49,36.1
2023-08-26 20:00:00,23455.28,0.0,52.48,25.06,68.2,4.56,57.0
2023-08-26 21:00:00,21988.58,0.0,1731.42,23.13,80.4,8.05,54.5
2023-08-26 22:00:00,19284.28,0.0,5867.3,24.18,65.4,10.58,29.9
2023-08-26 23:00:00,17218.37,0.0,10000.0,23.19,62.3,17.27,28.1
2023-08-27 00:00:00,14604.29,0.0,647.66,20.99,83.9,6.65,40.0
2023-08-27 01:00:00,13988.31,0.0,4232.33,21.29,71.4,9.86,34.7
2023-08-27 02:00:00,13863.64,0.0,0.0,21.31,67.5,2.76,16.8
2023-08-27 03:00:00,13354.15,0.0,152.66,21.61,74.5,5.25,16.7
2023-08-27 04:00:00,13826.24,0.0,319.59,21.3,75.7,5.88,8.3
2023-08-27 05:00:00,15746.25,0.0,9493.9,22.31,62.9,13.73,17.1
2023-08-27 06:00:00,17791.01,277.47,0.0,22.78,67.4,1.3,28.3
2023-08-27 07:00:00,19928.75,1359.33,81.04,24.4,62.3,4.83,16.1
2023-08-27 08:00:00,21630.12,2504.31,7457.32,23.44,69.3,11.16,9.6
2023-08-27 09:00:00,21558.56,3383.97,23.72,24.31,73.9,4.21,21.5
2023-08-27 10:00:00,23590.57,4620.12,0.19,27.57,56.2,3.24,12.5
2023-08-27 11:00:00,24169.16,5772.62,939.07,27.89,63.1,7.13,1.9
2023-08-27 12:00:00,24012.48,6242.36,919.22,28.28,53.6,7.05,0.0
2023-08-27 13:00:00,24579.36,6304.78,40.65,28.64,57.4,4.45,0.6
2023-08-27 14:00:00,24039.22,5607.68,4996.11,27.9,53.9,10.2,8.2
2023-08-27 15:00:00,23028.41,4914.86,0.0,25.82,60.1,2.15,2.9
2023-08-27 16:00:00,22407.86,3798.89,3215.08,25.73,61.2,9.25,6.5
2023-08-27 17:00:00,24983.32,2158.27,869.73,25.72,65.7,6.97,28.0
2023-08-27 18:00:00,24880.13,1298.98,7.94,25.19,66.5,3.85,16.8
2023-08-27 19:00:00,25020.67,424.27,1617.59,24.31,57.9,8.02,0.0
2023-08-27 20:00:00,23631.45,0.0,0.0,23.47,60.9,2.38,5.2
2023-08-27 21:00:00,22104.11,0.0,0.0,23.61,66.5,2.67,7.2
2023-08-27 22:00:00,19430.05,0.0,7017.25,22.32,70.5,11.14,1.7
2023-08-27 23:00:00,17875.58,0.0,0.0,20.71,70.2,2.87,13.3
2023-08-28 00:00:00,18434.53,0.0,0.0,19.48,77.1,1.34,25.5
2023-08-28 01:00:00,16823.94,0.0,324.22,19.56,71.6,5.89,0.0
2023-08-28 02:00:00,17382.09,0.0,2.05,20.79,70.2,3.53,0.0
2023-08-28 03:00:00,16606.3,0.0,5846.04,19.99,71.2,10.63,28.1
2023-08-28 04:00:00,17805.34,0.0,9232.59,20.35,73.3,11.8,35.6
2023-08-28 05:00:00,19494.3,0.0,647.59,21.28,74.3,6.61,43.4
2023-08-28 06:00:00,21479.83,235.28,364.6,21.0,88.3,5.98,56.1
2023-08-28 07:00:00,23225.77,885.37,615.21,22.13,80.4,6.62,53.5
2023-08-28 08:00:00,24992.86,1513.7,8.63,21.79,82.5,3.87,60.5
2023-08-28 09:00:00,26203.34,2016.26,20.43,21.28,84.1,4.15,65.8
2023-08-28 10:00:00,26763.09,2504.84,0.0,23.23,75.3,2.03,68.3
2023-08-28 11:00:00,26134.86,3244.11,67.33,24.22,84.9,4.7,60.1
2023-08-28 12:00:00,26154.43,3514.54,285.25,25.71,76.6,5.77,58.8
2023-08-28 13:00:00,25892.78,3866.42,4392.44,26.69,73.7,9.8,48.6
2023-08-28 14:00:00,25658.65,3788.12,653.58,26.32,63.8,6.67,46.8
2023-08-28 15:00:00,26736.48,3877.0,570.61,26.71,69.5,6.46,31.1
2023-08-28 16:00:00,27115.24,3398.23,0.0,25.45,64.4,3.07,21.8
2023-08-28 17:00:00,27810.5,2371.26,2761.71,26.83,58.1,8.84,19.7
2023-08-28 18:00:00,28902.48,1404.66,5919.26,24.8,59.9,10.51,9.9
2023-08-28 19:00:00,28565.97,325.1,5173.92,23.88,59.1,10.3,6.5
2023-08-28 20:00:00,27083.77,0.0,0.0,21.87,62.2,1.15,7.7
2023-08-28 21:00:00,25843.79,0.0,597.92,21.59,69.9,6.56,15.5
2023-08-28 22:00:00,22759.96,0.0,1029.09,20.27,73.3,7.21,28.9
2023-08-28 23:00:00,20364.42,0.0,70.05,18.83,76.9,4.72,23.8
2023-08-29 00:00:00,18355.82,0.0,9535.97,18.95,86.3,15.32,40.7
2023-08-29 01:00:00,18011.74,0.0,122.58,18.45,82.4,5.13,50.9
2023-08-29 02:00:00,17141.94,0.0,57.68,18.75,74.5,4.63,54.8
2023-08-29 03:00:00,16564.48,0.0,722.44,17.68,83.8,6.79,53.9
2023-08-29 04:00:00,17451.88,0.0,199.03,16.52,91.4,5.5,55.2
2023-08-29 05:00:00,19004.47,0.0,9059.52,17.42,87.9,11.71,66.7
2023-08-29 06:00:00,21104.45,194.93,383.81,18.1,96.1,6.09,77.2
2023-08-29 07:00:00,24260.16,559.73,242.9,20.07,91.7,5.62,87.9
2023-08-29 08:00:00,25241.17,991.77,853.89,21.36,79.2,7.06,81.7
2023-08-29 09:00:00,25962.81,1462.31,0.0,23.04,84.8,2.1,82.4
2023-08-29 10:00:00,26049.39,1575.2,1424.59,22.69,88.5,7.71,92.5
2023-08-29 11:00:00,26317.81,2405.7,1238.95,26.21,83.1,7.55,77.8
2023-08-29 12:00:00,26377.48,3058.81,61.68,27.16,82.4,4.66,68.5
2023-08-29 13:00:00,27143.13,3213.91,5765.07,28.84,75.4,10.65,64.4
2023-08-29 14:00:00,27132.52,2727.12,146.75,28.49,75.7,5.19,71.3
2023-08-29 15:00:00,28551.34,2069.53,440.95,29.13,77.3,6.18,77.6
2023-08-29 16:00:00,27614.67,1924.04,3797.82,27.64,74.0,9.52,69.4
2023-08-29 17:00:00,29105.53,1798.18,371.24,27.85,62.9,6.07,46.9
2023-08-29 18:00:00,29576.73,914.9,29.75,26.84,70.6,4.33,48.1
2023-08-29 19:00:00,28327.42,311.95,0.0,26.05,69.8,0.58,35.2
2023-08-29 20:00:00,27223.07,0.0,1091.86,25.81,59.3,7.4,16.9
2023-08-29 21:00:00,25645.29,0.0,9980.43,23.31,69.6,12.09,3.6
2023-08-29 22:00:00,22855.68,0.0,286.47,21.48,72.7,5.79,11.0
2023-08-29 23:00:00,19946.21,0.0,116.06,21.04,68.5,5.07,29.9
2023-08-30 00:00:00,18020.83,0.0,649.6,22.39,77.7,6.71,30.5
2023-08-30 01:00:00,17438.39,0.0,2658.94,21.49,73.0,8.75,33.2
2023-08-30 02:00:00,17048.33,0.0,0.0,21.68,74.4,1.37,47.3
2023-08-30 03:00:00,17359.79,0.0,6702.45,21.39,77.1,11.06,27.0
2023-08-30 04:00:00,17557.94,0.0,6695.2,23.68,71.1,11.0,33.8
2023-08-30 05:00:00,18357.84,0.0,893.53,22.1,81.0,7.08,33.5
2023-08-30 06:00:00,20884.08,166.44,1.04,22.95,70.5,3.43,40.1
2023-08-30 07:00:00,23940.2,1110.42,1499.32,22.14,66.4,7.76,33.4
2023-08-30 08:00:00,25264.25,2192.95,0.0,20.63,71.8,3.05,23.4
2023-08-30 09:00:00,25228.72,3129.53,296.09,22.45,74.3,5.77,26.2
2023-08-30 10:00:00,26452.03,3290.09,0.0,24.06,70.3,1.94,46.7
2023-08-30 11:00:00,25292.05,3317.45,309.49,25.1,69.4,5.83,55.3
2023-08-30 12:00:00,26584.87,3959.0,1.32,26.18,71.9,3.46,46.4
2023-08-30 13:00:00,27874.17,4857.65,1624.52,30.55,54.5,7.9,28.6
2023-08-30 14:00:00,28989.93,5323.32,1131.5,30.72,56.4,7.37,8.8
2023-08-30 15:00:00,29323.53,4014.62,9388.72,31.44,57.5,15.36,27.4
2023-08-30 16:00:00,29692.43,3492.06,0.0,30.53,59.4,2.66,16.5
2023-08-30 17:00:00,30280.52,2398.44,0.0,30.39,51.5,0.79,14.5
2023-08-30 18:00:00,31065.53,1155.11,39.99,29.35,68.2,4.42,32.5
2023-08-30 19:00:00,28427.37,237.4,0.0,27.91,59.5,1.53,13.1
2023-08-30 20:00:00,29132.14,0.0,0.0,28.79,67.1,2.82,33.3
2023-08-30 21:00:00,26740.09,0.0,556.62,28.75,67.1,6.5,30.1
2023-08-30 22:00:00,24034.68,0.0,743.64,27.49,57.0,6.77,16.6
2023-08-30 23:00:00,20500.65,0.0,0.0,23.64,70.3,2.14,15.5
2023-08-31 00:00:00,17574.02,0.0,413.64,22.12,61.5,6.12,8.7
2023-08-31 01:00:00,18082.76,0.0,806.59,24.36,60.6,6.99,16.8
2023-08-31 02:00:00,17167.92,0.0,110.6,23.47,73.7,5.06,10.8
2023-08-31 03:00:00,17092.53,0.0,6252.71,24.39,66.3,10.78,0.0
2023-08-31 04:00:00,18025.32,0.0,20.19,25.94,68.0,4.13,0.0
2023-08-31 05:00:00,19662.1,0.0,84.65,26.38,57.6,4.83,0.0
2023-08-31 06:00:00,22227.6,378.64,6.6,25.94,60.1,3.78,0.0
2023-08-31 07:00:00,23764.37,1402.3,0.02,24.05,64.4,3.12,0.0
2023-08-31 08:00:00,26224.97,2686.93,4773.58,25.93,59.6,10.02,0.0
2023-08-31 09:00:00,26598.41,3902.71,12.29,26.2,56.3,3.98,0.0
2023-08-31 10:00:00,27049.14,5016.63,1034.71,27.62,53.7,7.34,0.0
2023-08-31 11:00:00,27941.96,5688.55,51.69,27.37,58.5,4.55,0.0
2023-08-31 12:00:00,27481.45,5566.77,341.9,28.13,55.3,5.98,11.7
2023-08-31 13:00:00,27645.75,6072.67,4169.99,29.0,51.1,9.74,0.3
2023-08-31 14:00:00,28239.84,5525.54,1670.29,29.84,56.6,7.98,3.3
2023-08-31 15:00:00,27606.38,4912.6,0.0,28.82,55.3,0.74,0.0
2023-08-31 16:00:00,29589.32,3937.24,1601.43,30.09,57.6,7.99,0.0
2023-08-31 17:00:00,29536.65,2709.29,28.72,28.98,53.7,4.3,0.0
2023-08-31 18:00:00,29396.71,1492.7,4.89,26.44,56.7,3.71,0.0
2023-08-31 19:00:00,27833.77,346.49,571.82,25.5,62.0,6.56,0.0
2023-08-31 20:00:00,26264.99,0.0,7160.34,24.55,59.7,11.16,5.2
2023-08-31 21:00:00,25394.15,0.0,0.0,23.64,60.9,2.26,2.7
2023-08-31 22:00:00,22600.36,0.0,2092.46,24.03,59.9,8.46,0.0
2023-08-31 23:00:00,20131.6,0.0,11.31,22.66,63.8,3.96,1.3
2023-09-01 00:00:00,17146.37,0.0,239.31,21.45,73.1,5.63,0.0
2023-09-01 01:00:00,18165.28,0.0,5825.93,19.53,63.2,10.65,0.0
2023-09-01 02:00:00,16947.05,0.0,1022.56,20.08,74.6,7.23,6.3
2023-09-01 03:00:00,17400.56,0.0,0.02,20.18,73.2,3.11,10.1
2023-09-01 04:00:00,16573.34,0.0,766.39,19.93,74.4,6.93,0.0
2023-09-01 05:00:00,18844.39,0.0,3701.3,18.39,82.8,9.44,0.0
2023-09-01 06:00:00,21383.38,345.31,719.39,20.94,72.4,6.79,0.0
2023-09-01 07:00:00,23860.29,1482.08,3.38,20.67,70.8,3.63,0.0
2023-09-01 08:00:00,25305.07,2673.73,239.54,21.34,60.9,5.59,0.0
2023-09-01 09:00:00,25032.03,3829.61,6073.02,23.17,58.8,10.68,0.0
2023-09-01 10:00:00,26008.28,4403.05,656.54,23.25,68.7,6.72,15.1
2023-09-01 11:00:00,25561.96,3950.55,902.6,22.99,66.9,7.13,39.7
2023-09-01 12:00:00,25422.03,4118.47,1257.0,21.96,78.4,7.51,42.8
2023-09-01 13:00:00,25667.13,3873.61,0.0,23.95,65.8,1.18,47.5
2023-09-01 14:00:00,25443.08,4770.6,144.64,24.19,71.8,5.21,20.1
2023-09-01 15:00:00,27054.42,3112.86,2.2,27.95,67.3,3.55,46.7
2023-09-01 16:00:00,27793.73,2799.75,0.0,26.85,68.4,1.59,38.0
2023-09-01 17:00:00,27965.06,2011.09,0.0,25.57,63.7,2.31,26.1
2023-09-01 18:00:00,28273.5,1248.73,1200.48,24.45,60.1,7.45,23.7
2023-09-01 19:00:00,27912.64,287.31,0.0,24.0,78.0,2.37,42.8
2023-09-01 20:00:00,26313.96,0.0,11.26,22.58,86.7,3.95,68.0
2023-09-01 21:00:00,25176.45,0.0,14.55,22.28,79.7,4.04,65.2
2023-09-01 22:00:00,22924.83,0.0,0.0,20.17,88.7,1.94,73.2
2023-09-01 23:00:00,20342.91,0.0,378.47,17.76,86.8,6.02,68.8
2023-09-02 00:00:00,15070.18,0.0,2853.26,14.99,89.1,8.97,51.8
2023-09-02 01:00:00,15209.34,0.0,0.0,12.21,98.7,2.15,67.1
2023-09-02 02:00:00,14354.92,0.0,3.16,11.72,95.7,3.63,55.4
2023-09-02 03:00:00,14500.94,0.0,2772.09,11.78,99.0,8.83,71.0
2023-09-02 04:00:00,15505.56,0.0,1346.71,11.8,99.0,7.63,81.9
2023-09-02 05:00:00,15671.99,0.0,2442.86,14.2,97.0,8.62,83.2
2023-09-02 06:00:00,18117.3,49.74,39.06,16.75,94.3,4.44,99.0
2023-09-02 07:00:00,20687.16,430.67,3143.28,17.71,94.3,9.18,100.0
2023-09-02 08:00:00,21476.08,760.32,320.8,17.22,99.0,5.86,100.0
2023-09-02 09:00:00,22509.57,1336.68,642.81,18.27,86.1,6.61,86.8
2023-09-02 10:00:00,22126.92,2786.16,0.0,19.3,87.9,1.92,57.8
2023-09-02 11:00:00,22693.08,2189.23,0.0,20.19,87.0,2.77,81.6
2023-09-02 12:00:00,22019.67,2907.53,1121.33,20.89,81.1,7.36,70.4
2023-09-02 13:00:00,22226.48,2370.69,0.0,21.42,81.5,2.5,79.4
2023-09-02 14:00:00,22058.15,2881.82,0.0,21.98,84.1,1.08,64.8
2023-09-02 15:00:00,22350.37,2021.24,159.44,21.94,85.1,5.3,79.3
2023-09-02 16:00:00,23033.74,2011.76,99.55,22.52,87.1,4.93,65.2
2023-09-02 17:00:00,23895.23,1729.13,224.79,22.9,70.6,5.55,46.9
2023-09-02 18:00:00,24275.14,1040.39,298.11,21.55,74.2,5.83,42.6
2023-09-02 19:00:00,24443.44,270.44,119.29,22.4,73.0,5.11,34.9
2023-09-02 20:00:00,23896.26,0.0,176.63,20.51,74.7,5.35,41.7
2023-09-02 21:00:00,21962.93,0.0,5935.96,17.87,81.0,10.68,39.9
2023-09-02 22:00:00,19407.98,0.0,452.86,17.51,84.4,6.29,46.4
2023-09-02 23:00:00,16697.13,0.0,1047.92,15.87,86.0,7.27,41.2
2023-09-03 00:00:00,15054.75,0.0,70.01,15.53,88.3,4.75,32.0
2023-09-03 01:00:00,14467.13,0.0,5766.4,12.52,79.5,10.61,24.9
2023-09-03 02:00:00,13735.27,0.0,0.0,14.1,90.2,2.33,50.3
2023-09-03 03:00:00,13797.8,0.0,1135.32,15.09,85.0,7.37,50.7
2023-09-03 04:00:00,13444.04,0.0,340.55,13.94,84.4,5.97,24.6
2023-09-03 05:00:00,16820.73,0.0,1239.19,13.21,84.0,7.6,19.2
2023-09-03 06:00:00,17280.54,297.15,201.37,16.3,74.7,5.48,21.9
2023-09-03 07:00:00,21288.25,973.89,1785.07,16.83,80.1,8.2,45.2
2023-09-03 08:00:00,21430.96,1536.31,0.0,17.45,87.6,1.38,55.9
2023-09-03 09:00:00,21872.15,2629.9,108.18,16.61,83.3,4.98,42.0
2023-09-03 10:00:00,22221.08,2274.89,2426.23,18.0,87.4,8.64,69.8
2023-09-03 11:00:00,22302.26,3002.13,0.05,19.43,87.6,3.16,64.8
2023-09-03 12:00:00,22027.74,2554.81,0.0,21.72,87.5,0.85,75.8
2023-09-03 13:00:00,21933.24,3468.62,57.07,21.38,78.1,4.64,56.6
2023-09-03 14:00:00,22041.27,4627.01,8220.4,20.68,69.9,11.6,24.9
2023-09-03 15:00:00,21896.16,4468.09,0.0,21.91,62.5,0.67,8.8
2023-09-03 16:00:00,23356.0,3863.47,0.0,23.36,63.4,0.79,0.0
2023-09-03 17:00:00,24735.5,2551.77,201.18,21.56,61.4,5.44,5.0
2023-09-03 18:00:00,23934.16,1392.24,0.0,22.47,67.6,2.91,10.7
2023-09-03 19:00:00,25234.92,302.74,38.55,21.9,70.8,4.42,2.2
2023-09-03 20:00:00,23751.68,0.0,2267.25,22.31,66.1,8.63,11.1
2023-09-03 21:00:00,21815.9,0.0,0.45,21.25,68.1,3.32,15.9
2023-09-03 22:00:00,18948.88,0.0,1522.33,17.49,85.8,7.93,25.2
2023-09-03 23:00:00,16931.44,0.0,479.94,16.58,89.0,6.35,40.5
2023-09-04 00:00:00,18631.85,0.0,6867.07,17.0,78.1,11.07,35.9
2023-09-04 01:00:00,18742.53,0.0,9631.47,15.55,81.0,13.57,24.8
2023-09-04 02:00:00,18141.74,0.0,691.11,14.98,85.2,6.75,35.5
2023-09-04 03:00:00,16369.19,0.0,1242.31,14.97,87.0,7.59,44.7
2023-09-04 04:00:00,18022.6,0.0,2842.75,12.28,97.1,9.06,44.3
2023-09-04 05:00:00,19068.74,0.0,179.08,15.11,92.4,5.35,68.9
2023-09-04 06:00:00,22016.35,158.94,36.77,15.25,90.4,4.41,59.2
2023-09-04 07:00:00,23780.19,934.1,9418.6,17.2,85.9,12.68,45.1
2023-09-04 08:00:00,24860.14,1650.98,207.63,18.61,86.8,5.5,48.5
2023-09-04 09:00:00,25624.21,2692.43,0.0,21.57,79.1,0.5,38.3
2023-09-04 10:00:00,25718.6,3332.89,2529.15,23.48,76.2,8.73,43.5
2023-09-04 11:00:00,26621.34,4216.91,322.69,24.57,63.4,5.92,32.0
2023-09-04 12:00:00,27096.68,4680.43,0.0,24.77,66.2,2.19,27.2
2023-09-04 13:00:00,26817.9,3667.36,0.0,26.65,74.6,0.5,50.4
2023-09-04 14:00:00,26271.51,3759.81,0.0,25.25,72.5,2.94,43.3
2023-09-04 15:00:00,27072.83,3660.94,3685.17,26.41,70.4,9.58,32.3
2023-09-04 16:00:00,26950.9,2461.58,4113.12,25.26,79.7,9.77,46.2
2023-09-04 17:00:00,28148.54,1927.33,0.13,26.44,62.3,3.21,31.9
2023-09-04 18:00:00,28750.41,1163.3,1881.77,26.04,70.0,8.17,23.5
2023-09-04 19:00:00,28938.59,261.59,63.85,25.92,66.2,4.66,31.4
2023-09-04 20:00:00,27298.01,0.0,697.99,24.96,75.5,6.69,42.7
2023-09-04 21:00:00,24657.98,0.0,39.35,21.89,79.2,4.43,56.0
2023-09-04 22:00:00,23189.1,0.0,405.77,19.91,87.7,6.15,44.1
2023-09-04 23:00:00,19851.65,0.0,68.29,19.75,81.3,4.71,49.7
2023-09-05 00:00:00,17692.68,0.0,0.0,18.99,77.3,2.67,41.9
2023-09-05 01:00:00,17005.4,0.0,6.88,19.69,78.4,3.8,33.3
2023-09-05 02:00:00,17037.87,0.0,154.65,19.74,81.6,5.25,47.6
2023-09-05 03:00:00,17237.73,0.0,9813.59,18.56,84.3,13.94,39.0
2023-09-05 04:00:00,17314.66,0.0,9719.38,17.96,83.0,13.29,41.5
2023-09-05 05:00:00,18549.41,0.0,4409.03,18.71,90.2,9.94,42.1
2023-09-05 06:00:00,20860.65,242.72,39.47,17.07,78.7,4.46,28.0
2023-09-05 07:00:00,24147.0,1040.36,323.01,20.19,77.3,5.86,40.0
2023-09-05 08:00:00,25158.28,1740.83,228.94,22.0,74.2,5.55,45.7
2023-09-05 09:00:00,26061.9,3210.79,83.69,24.71,66.8,4.84,20.2
2023-09-05 10:00:00,25947.62,3869.72,0.0,24.24,69.2,1.26,24.8
2023-09-05 11:00:00,27043.17,4899.7,170.65,26.9,63.6,5.38,16.4
2023-09-05 12:00:00,28832.08,4446.37,0.0,30.39,61.5,1.14,31.3
2023-09-05 13:00:00,29017.34,5238.67,1166.86,29.6,55.6,7.51,14.0
2023-09-05 14:00:00,28915.42,4991.04,421.7,30.91,52.1,6.18,11.8
2023-09-05 15:00:00,28942.81,4124.97,0.65,31.02,55.7,3.37,18.5
2023-09-05 16:00:00,28490.29,3220.3,275.95,29.09,65.0,5.77,20.7
2023-09-05 17:00:00,29249.94,1938.59,0.0,29.2,68.3,2.58,31.2
2023-09-05 18:00:00,30050.02,1236.26,0.0,29.37,57.8,3.03,13.0
2023-09-05 19:00:00,29712.61,273.88,3.88,27.67,62.2,3.67,35.0
2023-09-05 20:00:00,28344.88,0.0,1842.86,27.79,67.0,8.18,40.9
2023-09-05 21:00:00,25896.28,0.0,1.04,24.64,83.9,3.42,56.1
2023-09-05 22:00:00,21868.79,0.0,606.15,21.78,85.4,6.52,63.6
2023-09-05 23:00:00,19761.01,0.0,10.54,20.91,83.8,3.93,59.6
2023-09-06 00:00:00,18334.2,0.0,88.16,19.91,82.2,4.89,40.7
2023-09-06 01:00:00,17029.04,0.0,60.32,18.47,84.5,4.67,32.8
2023-09-06 02:00:00,16259.21,0.0,1672.47,19.03,77.7,8.07,51.7
2023-09-06 03:00:00,16314.49,0.0,926.71,19.53,83.6,7.12,65.9
2023-09-06 04:00:00,17055.48,0.0,2553.62,20.68,78.5,8.8,54.3
2023-09-06 05:00:00,18985.9,0.0,49.82,21.01,73.4,4.54,17.7
2023-09-06 06:00:00,21979.59,268.39,0.0,22.43,69.4,1.58,16.8
2023-09-06 07:00:00,23359.6,1217.08,1545.38,22.89,70.8,7.84,15.1
2023-09-06 08:00:00,25526.18,2322.78,0.0,26.3,60.7,2.81,14.1
2023-09-06 09:00:00,25797.58,3070.76,5.23,26.5,70.0,3.73,22.5
2023-09-06 10:00:00,28725.78,3537.49,9.84,29.97,62.3,3.9,34.1
2023-09-06 11:00:00,29320.47,3616.75,1084.18,30.95,66.8,7.31,45.6
2023-09-06 12:00:00,28103.7,3681.69,313.66,30.22,70.8,5.9,49.2
2023-09-06 13:00:00,29660.12,4780.74,0.0,32.39,61.5,2.15,25.5
2023-09-06 14:00:00,30252.19,4583.21,168.16,32.81,57.0,5.35,22.1
2023-09-06 15:00:00,31448.59,2926.38,486.32,33.73,64.8,6.31,50.9
2023-09-06 16:00:00,32585.0,2243.22,4.18,34.68,67.7,3.69,53.0
2023-09-06 17:00:00,33913.27,1603.75,0.0,34.28,63.8,2.68,54.8
2023-09-06 18:00:00,32264.26,774.98,491.95,32.56,61.6,6.38,56.3
2023-09-06 19:00:00,32356.04,179.84,360.34,32.39,67.6,6.02,58.3
2023-09-06 20:00:00,30076.88,0.0,0.0,30.94,59.2,1.75,26.5
2023-09-06 21:00:00,28090.82,0.0,915.46,30.18,50.4,7.11,24.2
2023-09-06 22:00:00,23907.27,0.0,327.11,26.26,67.2,5.93,24.6
2023-09-06 23:00:00,20533.1,0.0,2339.39,25.45,71.0,8.58,40.8
2023-09-07 00:00:00,18287.27,0.0,17.66,23.44,77.8,4.09,40.1
2023-09-07 01:00:00,16746.6,0.0,83.46,24.38,63.7,4.86,19.3
2023-09-07 02:00:00,18023.18,0.0,972.33,24.37,62.3,7.21,25.9
2023-09-07 03:00:00,16169.73,0.0,723.28,24.22,67.0,6.77,16.9
2023-09-07 04:00:00,17464.37,0.0,372.74,24.68,64.0,5.99,4.0
2023-09-07 05:00:00,17789.21,0.0,2706.45,23.8,63.1,8.94,0.0
2023-09-07 06:00:00,21555.29,300.36,918.07,26.16,61.4,7.08,7.8
2023-09-07 07:00:00,26680.32,1132.33,1871.67,29.07,57.5,8.13,25.8
2023-09-07 08:00:00,28587.62,2049.42,0.12,30.27,61.1,3.21,32.2
2023-09-07 09:00:00,31005.85,2621.6,1372.75,32.87,58.5,7.72,39.7
2023-09-07 10:00:00,30804.51,3122.98,125.35,33.01,65.2,5.1,44.3
2023-09-07 11:00:00,31614.64,3634.01,0.0,32.88,62.5,0.77,44.0
2023-09-07 12:00:00,31447.86,3522.14,0.0,33.58,60.6,2.78,50.8
2023-09-07 13:00:00,32383.43,4935.25,0.0,34.51,59.4,0.5,19.4
2023-09-07 14:00:00,32873.17,4586.93,23.48,34.23,52.6,4.22,22.2
2023-09-07 15:00:00,32975.5,4351.3,0.06,34.71,52.3,3.17,10.7
2023-09-07 16:00:00,32917.31,3014.39,9937.06,34.58,53.7,12.58,27.2
2023-09-07 17:00:00,32538.27,2114.89,2292.44,32.7,63.2,8.48,25.9
2023-09-07 18:00:00,33278.99,1071.13,1663.28,32.29,57.9,8.02,26.9
2023-09-07 19:00:00,32288.52,400.78,120.89,32.01,54.0,5.12,9.4
2023-09-07 20:00:00,30375.36,0.0,2037.14,30.76,58.4,8.31,24.2
2023-09-07 21:00:00,28721.21,0.0,9.74,30.51,62.2,3.9,32.6
2023-09-07 22:00:00,25055.68,0.0,588.66,27.6,71.9,6.51,39.1
2023-09-07 23:00:00,20715.03,0.0,206.05,26.72,69.1,5.48,28.4
2023-09-08 00:00:00,18689.01,0.0,10.79,24.03,67.3,3.92,19.3
2023-09-08 01:00:00,17606.81,0.0,0.0,21.89,78.0,3.02,23.4
2023-09-08 02:00:00,16726.44,0.0,1043.37,20.64,74.6,7.33,16.0
2023-09-08 03:00:00,16508.68,0.0,1.64,19.41,72.8,3.5,23.1
2023-09-08 04:00:00,17943.42,0.0,2553.79,19.0,63.9,8.77,0.0
2023-09-08 05:00:00,18339.99,0.0,8989.73,19.32,67.3,11.65,0.0
2023-09-08 06:00:00,20565.93,200.54,7.93,21.08,73.6,3.83,22.0
2023-09-08 07:00:00,23546.66,1094.7,403.68,21.74,75.0,6.08,28.3
2023-09-08 08:00:00,24398.14,1868.21,1744.99,21.19,79.4,8.13,30.7
2023-09-08 09:00:00,25360.01,2100.28,16.22,23.83,71.9,4.06,54.6
2023-09-08 10:00:00,25531.48,3874.34,5072.13,24.21,66.3,10.28,23.7
2023-09-08 11:00:00,26427.1,4740.67,3442.01,25.41,59.4,9.28,14.8
2023-09-08 12:00:00,27400.47,5278.35,0.0,27.0,55.8,1.52,12.0
2023-09-08 13:00:00,26772.14,4582.17,0.0,28.05,60.4,0.5,24.6
2023-09-08 14:00:00,28338.03,3918.37,8762.03,29.79,64.7,11.6,35.9
2023-09-08 15:00:00,29044.08,3735.58,5784.99,30.46,62.7,10.52,24.9
2023-09-08 16:00:00,27532.84,2632.74,11.79,29.29,60.6,3.95,37.6
2023-09-08 17:00:00,30821.99,2005.73,0.0,31.22,57.1,0.62,32.0
2023-09-08 18:00:00,31086.75,974.3,316.88,30.53,57.7,5.84,46.4
2023-09-08 19:00:00,30167.12,277.85,1.8,29.23,64.0,3.51,32.2
2023-09-08 20:00:00,29120.41,0.0,6217.7,29.01,60.1,10.72,30.6
2023-09-08 21:00:00,26696.06,0.0,2184.26,27.87,69.8,8.46,24.8
2023-09-08 22:00:00,23197.46,0.0,1064.21,26.88,69.6,7.27,38.2
2023-09-08 23:00:00,21560.89,0.0,58.18,28.26,63.5,4.64,31.1
2023-09-09 00:00:00,14958.99,0.0,1895.19,26.46,64.0,8.29,30.5
2023-09-09 01:00:00,14415.47,0.0,125.5,25.03,64.1,5.11,36.6
2023-09-09 02:00:00,13578.71,0.0,0.0,24.41,67.0,2.6,42.5
2023-09-09 03:00:00,14059.1,0.0,808.91,25.16,71.2,6.98,51.8
2023-09-09 04:00:00,14189.01,0.0,698.21,23.34,73.5,6.78,51.8
2023-09-09 05:00:00,15249.8,0.0,3127.07,21.46,73.0,9.13,44.3
2023-09-09 06:00:00,17926.94,165.19,5094.95,21.52,77.0,10.32,38.5
2023-09-09 07:00:00,20302.88,918.74,135.0,20.7,78.6,5.19,37.9
2023-09-09 08:00:00,21298.93,1773.96,251.77,21.48,74.1,5.63,40.1
2023-09-09 09:00:00,21921.08,2600.62,195.86,23.39,80.3,5.48,37.2
2023-09-09 10:00:00,21504.7,3379.87,14.73,23.73,65.0,4.04,36.7
2023-09-09 11:00:00,22409.01,4688.47,1028.28,23.44,67.9,7.27,17.8
2023-09-09 12:00:00,22345.93,4478.07,112.68,24.73,67.4,5.04,27.4
2023-09-09 13:00:00,22511.43,4371.02,3422.1,26.64,64.0,9.39,30.0
2023-09-09 14:00:00,22848.46,3585.68,304.51,25.38,68.2,5.8,42.2
2023-09-09 15:00:00,23456.73,3196.67,0.0,26.68,68.8,2.23,40.8
2023-09-09 16:00:00,24456.92,3143.94,0.0,27.58,61.2,1.85,18.8
2023-09-09 17:00:00,26051.86,2224.42,4.31,28.25,58.9,3.69,16.0
2023-09-09 18:00:00,26775.7,1242.85,4.19,28.86,54.3,3.68,15.4
2023-09-09 19:00:00,27246.26,285.36,34.02,30.24,53.7,4.39,26.2
2023-09-09 20:00:00,25548.09,0.0,0.0,28.5,55.4,2.87,1.9
2023-09-09 21:00:00,23144.71,0.0,9423.31,27.22,57.8,12.88,5.9
2023-09-09 22:00:00,20136.5,0.0,0.03,25.36,63.5,3.13,15.1
2023-09-09 23:00:00,16963.84,0.0,1314.92,24.09,64.1,7.58,9.1
2023-09-10 00:00:00,14620.73,0.0,0.0,24.51,62.7,1.71,12.5
2023-09-10 01:00:00,14106.85,0.0,357.39,22.06,66.1,6.03,7.2
2023-09-10 02:00:00,13239.79,0.0,182.34,20.53,64.2,5.39,1.3
2023-09-10 03:00:00,13694.09,0.0,343.84,21.84,71.5,6.0,0.0
2023-09-10 04:00:00,13971.51,0.0,789.3,23.0,60.6,6.86,0.0
2023-09-10 05:00:00,15456.42,0.0,1268.19,22.89,64.4,7.57,7.6
2023-09-10 06:00:00,17871.59,323.79,971.63,24.43,59.3,7.23,1.6
2023-09-10 07:00:00,21394.62,1350.09,1151.12,25.6,57.2,7.39,0.0
2023-09-10 08:00:00,23830.24,2135.65,3508.31,28.2,61.6,9.45,19.9
2023-09-10 09:00:00,24137.17,2732.21,4106.8,29.22,62.9,9.85,32.8
2023-09-10 10:00:00,25487.62,4203.3,1207.63,31.31,52.9,7.5,10.2
2023-09-10 11:00:00,29722.5,5087.09,0.0,35.04,46.7,1.47,3.5
2023-09-10 12:00:00,31302.54,5240.74,7317.6,36.2,44.9,11.07,9.7
2023-09-10 13:00:00,30387.07,4936.67,5165.4,36.52,50.5,10.33,16.2
2023-09-10 14:00:00,32069.16,5303.46,522.25,37.32,52.0,6.39,0.0
2023-09-10 15:00:00,30871.02,3979.13,62.53,36.59,45.7,4.65,17.7
2023-09-10 16:00:00,34029.86,2833.42,0.0,38.61,50.8,2.6,29.2
2023-09-10 17:00:00,34950.89,1888.56,826.6,37.76,52.1,6.98,35.2
2023-09-10 18:00:00,33502.0,770.35,2557.99,36.15,60.8,8.84,50.9
2023-09-10 19:00:00,30120.23,276.2,596.27,33.74,65.1,6.5,54.0
2023-09-10 20:00:00,29184.9,0.0,568.24,33.37,64.3,6.46,56.6
2023-09-10 21:00:00,26753.45,0.0,0.25,32.63,68.2,3.27,72.2
2023-09-10 22:00:00,21459.53,0.0,92.55,30.35,71.9,4.92,80.5
2023-09-10 23:00:00,19137.84,0.0,2019.26,29.4,67.9,8.26,64.4
2023-09-11 00:00:00,19555.63,0.0,0.0,26.14,76.0,1.83,67.9
2023-09-11 01:00:00,18062.32,0.0,1593.88,25.27,69.4,7.92,55.5
2023-09-11 02:00:00,16095.88,0.0,3361.85,24.98,73.3,9.29,58.6
2023-09-11 03:00:00,17123.95,0.0,248.6,26.38,78.7,5.63,61.0
2023-09-11 04:00:00,18099.95,0.0,0.1,25.28,71.2,3.19,40.8
2023-09-11 05:00:00,18720.65,0.0,4352.33,24.02,75.5,9.82,38.1
2023-09-11 06:00:00,21808.13,130.04,3.48,23.57,79.0,3.63,40.4
2023-09-11 07:00:00,24757.07,1061.35,169.43,22.93,71.7,5.31,34.0
2023-09-11 08:00:00,25607.42,1796.9,1411.5,25.5,70.5,7.81,37.4
2023-09-11 09:00:00,26988.95,2324.22,2429.84,28.3,66.7,8.75,46.3
2023-09-11 10:00:00,27805.18,2976.32,3155.49,29.65,62.3,9.11,44.1
2023-09-11 11:00:00,30365.95,3433.85,164.27,31.91,58.8,5.35,45.2
2023-09-11 12:00:00,30273.39,3067.27,63.85,32.74,68.6,4.67,60.1
2023-09-11 13:00:00,30484.49,2991.04,1894.0,33.09,66.1,8.16,62.3
2023-09-11 14:00:00,29918.67,2909.37,115.3,32.93,72.5,5.06,60.9
2023-09-11 15:00:00,30144.67,2987.89,128.45,32.51,65.8,5.14,45.8
2023-09-11 16:00:00,28973.79,2205.73,14.5,30.44,63.5,4.04,52.1
2023-09-11 17:00:00,29404.7,1503.57,4.17,30.16,70.5,3.69,53.5
2023-09-11 18:00:00,30030.22,658.44,68.22,29.25,70.4,4.71,66.2
2023-09-11 19:00:00,30187.91,165.41,15.58,28.99,75.9,4.07,62.5
2023-09-11 20:00:00,28819.93,0.0,23.45,27.8,64.4,4.19,36.9
2023-09-11 21:00:00,25807.06,0.0,9496.74,26.24,59.0,14.72,15.8
2023-09-11 22:00:00,22769.99,0.0,74.74,23.92,65.9,4.76,26.4
2023-09-11 23:00:00,20354.9,0.0,35.61,22.79,66.1,4.41,20.1
2023-09-12 00:00:00,19089.89,0.0,191.64,22.4,67.9,5.43,26.6
2023-09-12 01:00:00,16945.57,0.0,1177.79,20.28,72.4,7.48,28.4
2023-09-12 02:00:00,16332.04,0.0,7830.56,19.88,78.3,11.52,26.7
2023-09-12 03:00:00,16776.78,0.0,3851.61,19.95,81.8,9.58,26.0
2023-09-12 04:00:00,17377.39,0.0,5346.25,19.29,67.7,10.27,16.2
2023-09-12 05:00:00,18784.98,0.0,5140.7,19.13,78.7,10.41,17.8
2023-09-12 06:00:00,20585.96,290.09,7782.61,20.2,68.9,11.43,12.3
2023-09-12 07:00:00,24198.16,1253.47,25.28,19.98,71.9,4.23,10.1
2023-09-12 08:00:00,25137.84,2262.04,271.92,21.63,61.3,5.7,8.7
2023-09-12 09:00:00,25849.47,3313.59,77.66,21.96,69.5,4.82,8.6
2023-09-12 10:00:00,26763.36,3769.92,42.07,24.51,59.2,4.49,22.3
2023-09-12 11:00:00,26903.21,4294.28,487.77,28.29,63.1,6.38,21.8
2023-09-12 12:00:00,26556.88,4094.53,17.19,28.23,66.3,4.1,35.1
2023-09-12 13:00:00,28142.27,3315.52,228.73,29.54,68.7,5.62,53.1
2023-09-12 14:00:00,26631.63,2850.83,3.44,29.15,67.4,3.64,60.7
2023-09-12 15:00:00,28504.78,2422.79,0.0,30.43,71.5,3.05,63.5
2023-09-12 16:00:00,27979.29,1843.4,0.98,28.79,73.1,3.42,63.5
2023-09-12 17:00:00,29626.93,1206.29,1199.21,28.84,72.3,7.54,69.9
2023-09-12 18:00:00,28984.12,675.53,255.17,27.08,77.4,5.68,66.3
2023-09-12 19:00:00,28656.93,127.54,9209.05,25.89,77.8,12.0,73.9
2023-09-12 20:00:00,26432.82,0.0,2347.83,23.64,84.0,8.66,76.1
2023-09-12 21:00:00,24623.38,0.0,230.71,23.4,79.3,5.6,66.3
2023-09-12 22:00:00,22608.68,0.0,12.78,21.29,85.3,4.0,72.8
2023-09-12 23:00:00,20247.38,0.0,1500.25,20.83,86.4,7.78,68.9
2023-09-13 00:00:00,18332.84,0.0,2192.73,19.35,83.0,8.54,62.9
2023-09-13 01:00:00,18065.81,0.0,570.55,18.54,78.4,6.47,53.3
2023-09-13 02:00:00,17476.27,0.0,71.12,18.3,84.6,4.75,52.6
2023-09-13 03:00:00,17014.7,0.0,1108.1,17.36,91.9,7.37,61.9
2023-09-13 04:00:00,17564.78,0.0,100.14,17.86,89.4,4.95,68.9
2023-09-13 05:00:00,18917.96,0.0,9244.28,20.11,86.2,12.17,68.5
2023-09-13 06:00:00,21730.78,150.39,1255.13,20.0,85.6,7.62,71.2
2023-09-13 07:00:00,23968.05,568.39,64.2,22.32,88.1,4.7,81.6
2023-09-13 08:00:00,25349.92,1084.84,6.26,25.08,78.6,3.78,73.7
2023-09-13 09:00:00,25716.0,2133.64,1277.42,25.29,72.6,7.59,55.1
2023-09-13 10:00:00,26659.09,2191.28,996.63,24.85,82.6,7.19,67.8
2023-09-13 11:00:00,26616.01,2883.22,307.81,26.36,71.2,5.9,57.0
2023-09-13 12:00:00,27514.18,3614.52,305.92,26.76,73.5,5.8,45.6
2023-09-13 13:00:00,27435.31,4519.88,205.79,29.61,64.5,5.52,22.2
2023-09-13 14:00:00,28678.1,3970.94,1.35,30.04,63.7,3.47,30.1
2023-09-13 15:00:00,27709.62,4094.65,4455.61,29.24,52.7,9.85,10.7
2023-09-13 16:00:00,27891.28,3509.0,33.91,27.79,58.2,4.39,4.1
2023-09-13 17:00:00,28716.13,2251.45,0.0,28.55,58.8,0.5,14.4
2023-09-13 18:00:00,28482.3,1071.78,4.16,27.14,62.3,3.69,25.0
2023-09-13 19:00:00,29210.41,333.61,0.0,26.21,64.3,2.06,17.8
2023-09-13 20:00:00,27312.06,0.0,31.86,26.11,67.0,4.35,17.8
2023-09-13 21:00:00,25761.75,0.0,611.75,24.28,62.4,6.59,8.9
2023-09-13 22:00:00,22344.12,0.0,0.0,22.97,64.4,1.44,4.9
2023-09-13 23:00:00,20644.03,0.0,4665.45,21.78,67.3,10.15,11.2
2023-09-14 00:00:00,18007.12,0.0,1128.57,21.36,72.6,7.46,7.4
2023-09-14 01:00:00,16855.29,0.0,127.62,21.19,67.1,5.16,7.3
2023-09-14 02:00:00,17190.92,0.0,181.58,20.38,62.5,5.41,0.0
2023-09-14 03:00:00,17225.07,0.0,669.61,20.21,64.1,6.64,10.7
2023-09-14 04:00:00,17488.19,0.0,90.23,19.9,74.4,4.9,19.2
2023-09-14 05:00:00,18734.86,0.0,0.0,18.71,74.3,1.55,30.1
2023-09-14 06:00:00,20413.01,192.21,0.0,19.81,82.3,2.06,45.6
2023-09-14 07:00:00,23354.52,907.52,137.18,22.92,67.1,5.21,33.9
2023-09-14 08:00:00,24927.79,1915.16,0.0,23.02,68.9,2.91,29.2
2023-09-14 09:00:00,25563.77,3345.58,0.0,23.38,59.6,1.12,6.7
2023-09-14 10:00:00,26428.82,2820.09,3082.8,23.69,76.4,9.06,47.2
2023-09-14 11:00:00,26431.53,3401.65,0.57,25.73,73.4,3.35,43.4
2023-09-14 12:00:00,25909.64,3272.08,87.92,27.25,72.8,4.89,54.4
2023-09-14 13:00:00,25761.62,3878.29,0.0,27.83,61.9,2.1,36.7
2023-09-14 14:00:00,26271.6,3294.74,0.0,27.31,66.8,0.5,47.9
2023-09-14 15:00:00,26809.75,2153.61,653.4,27.65,75.3,6.69,68.1
2023-09-14 16:00:00,27072.92,1876.94,0.0,25.82,68.8,1.45,62.9
2023-09-14 17:00:00,27408.99,1614.39,0.0,25.66,70.8,0.5,46.9
2023-09-14 18:00:00,28246.44,840.54,234.22,25.99,76.5,5.57,43.3
2023-09-14 19:00:00,28124.07,232.08,0.0,23.69,65.9,0.5,15.0
2023-09-14 20:00:00,27400.39,0.0,95.31,21.0,64.7,4.91,16.4
2023-09-14 21:00:00,24216.41,0.0,15.95,21.74,70.1,4.07,28.0
2023-09-14 22:00:00,22253.98,0.0,57.64,19.95,72.5,4.63,27.9
2023-09-14 23:00:00,20700.06,0.0,0.0,20.2,82.5,1.09,24.8
2023-09-15 00:00:00,18619.88,0.0,9807.83,18.94,84.1,12.91,31.8
2023-09-15 01:00:00,16983.44,0.0,779.92,18.08,83.3,6.88,38.9
2023-09-15 02:00:00,17421.95,0.0,1203.39,18.17,73.7,7.45,17.9
2023-09-15 03:00:00,16843.91,0.0,2039.2,17.08,82.0,8.31,20.5
2023-09-15 04:00:00,17504.02,0.0,3982.39,17.5,79.7,9.66,51.0
2023-09-15 05:00:00,18486.61,0.0,1260.29,17.65,83.7,7.63,32.5
2023-09-15 06:00:00,21355.8,308.45,2889.93,17.07,83.6,8.93,31.2
2023-09-15 07:00:00,23275.39,762.11,311.59,18.62,82.9,5.91,54.4
2023-09-15 08:00:00,24953.69,1248.69,114.79,19.65,89.2,5.03,64.8
2023-09-15 09:00:00,25466.4,2092.91,2631.02,20.88,78.6,8.83,54.6
2023-09-15 10:00:00,25863.06,2566.77,3212.15,20.96,75.1,9.16,54.1
2023-09-15 11:00:00,27169.93,3152.72,0.0,24.11,79.0,2.14,51.3
2023-09-15 12:00:00,27585.78,3822.64,143.83,26.18,69.0,5.2,39.8
2023-09-15 13:00:00,26867.83,3941.11,442.07,28.06,68.6,6.23,37.8
2023-09-15 14:00:00,27669.9,3848.99,0.0,28.18,72.2,0.97,33.6
2023-09-15 15:00:00,26032.59,3255.24,3762.44,26.45,64.7,9.62,34.6
2023-09-15 16:00:00,28287.09,2854.64,68.04,28.56,61.7,4.71,25.1
2023-09-15 17:00:00,28698.42,2215.42,307.8,27.99,65.7,5.88,10.4
2023-09-15 18:00:00,28810.19,1178.1,0.0,26.4,64.8,2.28,12.4
2023-09-15 19:00:00,29636.16,182.41,0.29,25.9,65.7,3.28,35.1
2023-09-15 20:00:00,27307.98,0.0,0.0,26.03,64.6,2.25,35.6
2023-09-15 21:00:00,25113.75,0.0,9.04,24.7,67.1,3.87,31.0
2023-09-15 22:00:00,22479.14,0.0,356.24,24.8,68.3,5.96,40.0
2023-09-15 23:00:00,20157.75,0.0,3865.52,24.69,71.6,9.58,36.9
2023-09-16 00:00:00,14160.91,0.0,780.22,22.13,80.0,6.83,58.5
2023-09-16 01:00:00,14100.28,0.0,68.78,20.51,82.2,4.75,55.1
2023-09-16 02:00:00,13592.19,0.0,0.0,21.01,78.4,2.72,60.6
2023-09-16 03:00:00,13554.01,0.0,1541.58,17.73,82.9,7.91,47.9
2023-09-16 04:00:00,13796.09,0.0,447.6,17.79,75.8,6.25,51.8
2023-09-16 05:00:00,15187.73,0.0,9528.03,16.76,86.3,14.44,52.6
2023-09-16 06:00:00,17524.65,187.63,3127.22,17.15,89.0,9.13,49.3
2023-09-16 07:00:00,20471.55,805.85,3156.54,17.99,75.4,9.24,41.0
2023-09-16 08:00:00,21776.82,1800.46,0.0,18.94,79.4,1.15,32.1
2023-09-16 09:00:00,21913.91,2591.81,1950.49,19.77,74.7,8.26,35.3
2023-09-16 10:00:00,22271.03,3010.59,0.0,20.03,81.7,2.97,42.2
2023-09-16 11:00:00,23359.08,3541.0,288.02,23.99,72.9,5.8,39.3
2023-09-16 12:00:00,24300.52,3674.93,38.72,27.15,70.0,4.45,41.7
2023-09-16 13:00:00,22897.36,3732.08,158.63,26.62,69.0,5.25,39.9
2023-09-16 14:00:00,23669.42,3472.05,0.0,28.9,70.8,1.54,39.9
2023-09-16 15:00:00,24099.05,3201.8,22.65,28.58,66.5,4.18,36.4
2023-09-16 16:00:00,25207.55,2447.84,0.0,28.54,62.2,0.5,35.9
2023-09-16 17:00:00,25572.25,1102.99,0.0,27.96,74.2,0.5,67.6
2023-09-16 18:00:00,25791.5,678.61,414.36,26.45,74.2,6.18,66.9
2023-09-16 19:00:00,24981.28,157.68,6768.71,26.57,77.0,10.93,70.3
2023-09-16 20:00:00,23392.43,0.0,1680.95,25.51,76.3,7.94,70.8
2023-09-16 21:00:00,22162.66,0.0,193.96,23.69,75.8,5.47,62.8
2023-09-16 22:00:00,19287.68,0.0,0.0,21.0,86.0,2.06,74.4
2023-09-16 23:00:00,17095.13,0.0,0.0,18.94,86.1,2.17,65.7
2023-09-17 00:00:00,14132.29,0.0,6.49,16.09,96.2,3.79,74.0
2023-09-17 01:00:00,14990.03,0.0,10000.0,15.57,88.7,13.75,64.8
2023-09-17 02:00:00,14063.77,0.0,391.31,13.99,80.8,6.09,49.1
2023-09-17 03:00:00,13078.32,0.0,4983.47,13.81,88.0,10.32,51.3
2023-09-17 04:00:00,14383.35,0.0,2490.69,15.77,76.3,8.64,35.5
2023-09-17 05:00:00,15233.87,0.0,1286.57,17.74,83.2,7.61,41.3
2023-09-17 06:00:00,17813.73,253.03,9868.53,18.55,69.8,12.24,25.7
2023-09-17 07:00:00,20185.02,1065.05,22.81,19.53,70.3,4.19,22.4
2023-09-17 08:00:00,21785.58,2339.13,241.68,22.84,64.1,5.67,6.2
2023-09-17 09:00:00,22464.72,2315.26,3403.52,24.61,78.5,9.46,43.0
2023-09-17 10:00:00,22136.85,3625.69,282.69,25.41,61.6,5.81,21.7
2023-09-17 11:00:00,23255.1,4212.02,0.03,24.95,66.8,3.13,22.8
2023-09-17 12:00:00,23171.32,3815.73,0.0,26.42,70.7,2.56,37.5
2023-09-17 13:00:00,23868.73,3438.05,782.95,28.11,74.8,6.94,49.0
2023-09-17 14:00:00,23809.44,2750.01,0.0,27.86,74.4,0.5,57.0
2023-09-17 15:00:00,24047.93,2644.41,3254.57,28.35,73.2,9.23,50.0
2023-09-17 16:00:00,24447.29,1747.59,0.0,27.77,76.6,0.5,63.9
2023-09-17 17:00:00,24530.73,1132.34,274.7,27.1,70.9,5.75,70.8
2023-09-17 18:00:00,24536.56,696.84,270.6,23.62,81.5,5.71,68.5
2023-09-17 19:00:00,24451.9,128.58,264.88,22.57,84.5,5.74,66.8
2023-09-17 20:00:00,23501.86,0.0,146.81,22.66,75.1,5.2,58.8
2023-09-17 21:00:00,21880.32,0.0,3318.07,20.84,75.6,9.26,44.5
2023-09-17 22:00:00,19832.72,0.0,1039.57,19.8,79.5,7.35,57.7
2023-09-17 23:00:00,16757.68,0.0,2847.17,17.95,91.5,8.91,70.1
2023-09-18 00:00:00,18375.13,0.0,0.54,17.35,85.1,3.35,54.7
2023-09-18 01:00:00,17490.39,0.0,0.0,16.49,84.1,2.69,49.9
2023-09-18 02:00:00,17018.26,0.0,0.0,15.13,81.2,2.42,45.9
2023-09-18 03:00:00,16757.68,0.0,14.84,16.63,83.3,4.03,43.6
2023-09-18 04:00:00,16847.25,0.0,2005.2,17.92,79.3,8.27,42.8
2023-09-18 05:00:00,18748.83,0.0,658.79,17.77,85.3,6.7,52.7
2023-09-18 06:00:00,21101.5,257.42,2584.27,19.15,74.9,8.82,41.0
2023-09-18 07:00:00,23731.74,1079.02,8.47,20.77,75.0,3.86,29.6
2023-09-18 08:00:00,24432.81,1627.53,107.35,22.63,73.7,5.0,44.5
2023-09-18 09:00:00,25555.48,2418.4,4240.31,21.97,69.6,9.88,37.3
2023-09-18 10:00:00,25645.23,3631.93,6358.11,24.39,61.9,10.69,21.3
2023-09-18 11:00:00,26230.28,4330.34,4695.5,24.92,60.5,10.01,16.5
2023-09-18 12:00:00,25736.66,4674.67,1547.78,25.55,63.0,7.92,14.2
2023-09-18 13:00:00,27748.4,3910.12,476.33,29.28,64.2,6.28,34.8
2023-09-18 14:00:00,27934.24,3226.36,3242.38,29.97,66.5,9.26,45.4
2023-09-18 15:00:00,27831.34,2440.73,528.17,29.58,70.2,6.37,57.4
2023-09-18 16:00:00,27434.51,1697.11,5426.68,26.89,71.3,10.46,64.0
2023-09-18 17:00:00,29175.93,1008.02,0.0,27.99,78.9,0.5,71.3
2023-09-18 18:00:00,28752.79,696.65,3918.08,25.7,72.8,9.76,58.1
2023-09-18 19:00:00,28171.69,201.37,234.38,23.66,77.8,5.56,52.4
2023-09-18 20:00:00,26616.64,0.0,0.0,22.25,73.7,2.15,37.9
2023-09-18 21:00:00,25299.97,0.0,1.26,22.69,74.4,3.46,34.5
2023-09-18 22:00:00,22585.3,0.0,3770.26,22.32,74.4,9.57,42.2
2023-09-18 23:00:00,19750.3,0.0,493.89,20.97,78.8,6.36,42.4
2023-09-19 00:00:00,17839.39,0.0,9432.9,20.12,82.0,14.11,56.6
2023-09-19 01:00:00,17924.43,0.0,2.49,18.66,83.1,3.57,39.8
2023-09-19 02:00:00,17609.35,0.0,413.0,18.34,78.2,6.19,44.6
2023-09-19 03:00:00,17120.96,0.0,236.79,18.26,70.3,5.61,27.9
2023-09-19 04:00:00,16937.57,0.0,841.69,19.48,72.2,7.0,29.3
2023-09-19 05:00:00,19442.48,0.0,1523.08,20.95,80.5,7.85,38.3
2023-09-19 06:00:00,21476.36,174.91,1545.87,22.13,73.1,7.91,34.8
2023-09-19 07:00:00,23964.69,887.54,0.0,22.57,75.0,0.89,40.9
2023-09-19 08:00:00,26275.01,1829.77,0.0,24.42,64.6,2.51,28.1
2023-09-19 09:00:00,25698.53,3170.32,0.0,25.4,62.8,1.39,8.4
2023-09-19 10:00:00,26608.0,3717.19,3011.3,25.31,60.9,9.15,17.7
2023-09-19 11:00:00,26192.06,3472.64,3.98,25.96,66.2,3.67,40.1
2023-09-19 12:00:00,26481.22,4187.93,7.8,27.01,63.3,3.84,27.0
2023-09-19 13:00:00,28573.23,3556.64,28.95,28.73,68.1,4.29,42.1
2023-09-19 14:00:00,27631.48,3380.42,1736.38,28.91,68.0,8.05,41.2
2023-09-19 15:00:00,27877.63,3582.43,0.0,27.66,65.6,0.5,23.9
2023-09-19 16:00:00,27847.66,3120.04,0.0,27.57,53.8,1.38,11.0
2023-09-19 17:00:00,28821.14,2084.66,460.62,27.21,61.3,6.25,13.5
2023-09-19 18:00:00,28826.4,1139.32,7661.19,26.65,60.6,11.19,10.7
2023-09-19 19:00:00,29148.13,278.44,458.47,26.65,52.6,6.29,0.0
2023-09-19 20:00:00,27673.27,0.0,2.0,26.53,58.9,3.54,0.0
2023-09-19 21:00:00,25398.71,0.0,306.92,24.5,60.7,5.87,0.0
2023-09-19 22:00:00,22492.58,0.0,9612.92,22.49,66.6,12.97,0.0
2023-09-19 23:00:00,20154.65,0.0,573.59,20.14,68.1,6.53,0.0
2023-09-20 00:00:00,18211.22,0.0,236.39,19.76,66.1,5.58,0.0
2023-09-20 01:00:00,17455.3,0.0,307.8,20.56,70.9,5.85,0.0
2023-09-20 02:00:00,16877.18,0.0,9446.13,19.62,63.0,13.36,13.3
2023-09-20 03:00:00,16099.42,0.0,2744.83,19.1,74.0,8.82,20.0
2023-09-20 04:00:00,17443.87,0.0,2082.1,20.81,64.8,8.46,19.8
2023-09-20 05:00:00,18744.64,0.0,57.45,21.69,70.0,4.65,32.2
2023-09-20 06:00:00,19730.83,202.85,848.01,22.75,71.3,7.03,20.4
2023-09-20 07:00:00,23087.67,1136.53,137.36,22.23,64.5,5.21,18.9
2023-09-20 08:00:00,25158.32,2008.18,13.25,24.02,61.2,3.99,17.9
2023-09-20 09:00:00,26358.83,3152.34,4514.32,24.09,72.9,10.02,4.5
2023-09-20 10:00:00,26243.16,4110.79,45.97,24.01,57.6,4.5,2.6
2023-09-20 11:00:00,25915.37,4892.24,1.01,24.78,67.9,3.42,0.0
2023-09-20 12:00:00,26033.58,4769.42,4497.76,25.16,62.5,10.03,9.8
2023-09-20 13:00:00,26584.52,5094.06,0.0,25.74,58.1,2.27,1.0
2023-09-20 14:00:00,25428.83,3995.31,697.49,24.7,69.6,6.74,23.6
2023-09-20 15:00:00,25910.47,3447.03,296.82,26.08,71.0,5.78,24.8
2023-09-20 16:00:00,27853.87,2496.84,3348.68,27.25,61.3,9.42,32.3
2023-09-20 17:00:00,28294.95,1816.82,1554.74,24.64,66.0,7.92,26.2
2023-09-20 18:00:00,28328.82,985.94,661.55,25.09,71.5,6.63,29.1
2023-09-20 19:00:00,28087.17,167.76,4.07,23.27,73.8,3.68,37.1
2023-09-20 20:00:00,26839.22,0.0,170.5,23.17,79.0,5.37,44.2
2023-09-20 21:00:00,24834.2,0.0,7585.01,21.9,80.4,11.27,51.9
2023-09-20 22:00:00,23125.93,0.0,0.0,20.74,85.4,1.45,44.8
2023-09-20 23:00:00,19901.21,0.0,2951.18,19.43,78.8,9.06,37.3
2023-09-21 00:00:00,18540.2,0.0,58.44,19.64,73.7,4.62,17.3
2023-09-21 01:00:00,17437.92,0.0,24.81,17.49,79.1,4.23,25.1
2023-09-21 02:00:00,16824.42,0.0,73.91,17.73,80.3,4.77,38.7
2023-09-21 03:00:00,16550.15,0.0,0.0,18.79,87.4,3.0,57.1
2023-09-21 04:00:00,16756.02,0.0,9992.87,19.69,83.8,15.55,57.5
2023-09-21 05:00:00,18703.69,0.0,5961.78,22.62,78.8,10.59,45.1
2023-09-21 06:00:00,20982.12,224.06,671.58,22.55,73.9,6.73,22.9
2023-09-21 07:00:00,24081.54,884.81,1815.09,24.39,72.6,8.18,36.3
2023-09-21 08:00:00,25085.87,2068.03,572.49,25.18,66.3,6.47,14.0
2023-09-21 09:00:00,26825.45,2977.87,2402.55,27.55,56.4,8.68,11.9
2023-09-21 10:00:00,27751.73,3829.19,2610.42,28.49,56.8,8.83,11.4
2023-09-21 11:00:00,27619.9,4382.95,0.0,28.94,62.1,3.01,12.8
2023-09-21 12:00:00,29534.43,4511.18,47.82,31.13,61.9,4.55,15.3
2023-09-21 13:00:00,29322.21,4544.56,281.19,31.05,49.5,5.78,18.8
2023-09-21 14:00:00,27353.43,4854.23,9160.82,29.71,52.1,11.74,0.0
2023-09-21 15:00:00,27511.87,4171.73,380.9,29.16,55.3,6.06,0.0
2023-09-21 16:00:00,28103.61,3282.64,2734.84,29.57,51.1,8.91,0.0
2023-09-21 17:00:00,30710.62,2248.5,1732.73,30.48,50.0,8.13,0.0
2023-09-21 18:00:00,30696.25,1298.02,205.86,29.62,56.4,5.52,0.0
2023-09-21 19:00:00,29667.64,309.24,3308.15,29.85,60.5,9.39,0.0
2023-09-21 20:00:00,27519.12,0.0,38.53,26.91,50.2,4.45,0.0
2023-09-21 21:00:00,25616.74,0.0,74.95,25.0,60.3,4.78,0.0
2023-09-21 22:00:00,22720.72,0.0,2327.29,23.29,65.2,8.61,0.0
2023-09-21 23:00:00,20744.57,0.0,0.39,21.89,68.5,3.31,0.0
2023-09-22 00:00:00,17681.64,0.0,122.19,20.7,69.1,5.06,3.3
2023-09-22 01:00:00,17396.0,0.0,1306.76,20.6,79.4,7.63,20.7
2023-09-22 02:00:00,16449.21,0.0,470.37,19.49,74.0,6.25,20.7
2023-09-22 03:00:00,16849.57,0.0,9410.55,19.38,81.8,12.35,30.9
2023-09-22 04:00:00,17118.53,0.0,9447.04,19.38,76.0,12.96,39.0
2023-09-22 05:00:00,18922.29,0.0,717.99,18.75,75.6,6.77,22.5
2023-09-22 06:00:00,21015.88,140.68,731.78,19.36,74.3,6.87,41.1
2023-09-22 07:00:00,24143.05,928.48,1861.16,20.17,77.0,8.28,22.7
2023-09-22 08:00:00,24878.39,1672.87,249.45,21.14,74.6,5.69,34.6
2023-09-22 09:00:00,25150.54,2877.39,0.18,22.42,70.0,3.24,15.9
2023-09-22 10:00:00,26028.51,3312.95,1298.86,23.74,67.7,7.6,24.8
2023-09-22 11:00:00,26980.21,2976.19,1011.93,24.42,76.1,7.21,47.8
2023-09-22 12:00:00,25995.22,3345.41,0.0,26.83,70.8,2.87,43.1
2023-09-22 13:00:00,25743.58,3574.63,1551.47,26.25,64.9,7.93,38.5
2023-09-22 14:00:00,26159.5,3134.79,209.71,25.95,67.1,5.48,44.8
2023-09-22 15:00:00,28408.79,2943.4,0.0,29.24,64.7,2.44,39.1
2023-09-22 16:00:00,27855.65,1789.64,303.88,27.81,74.7,5.82,59.9
2023-09-22 17:00:00,27832.88,1310.28,0.0,25.8,82.0,2.58,58.6
2023-09-22 18:00:00,29024.68,771.91,0.0,25.89,73.8,3.03,51.4
2023-09-22 19:00:00,28047.47,225.85,2225.26,22.6,79.0,8.59,42.3
2023-09-22 20:00:00,26493.91,0.0,5914.66,21.32,67.1,10.51,29.7
2023-09-22 21:00:00,25485.31,0.0,6.9,22.58,78.0,3.81,22.2
2023-09-22 22:00:00,22584.47,0.0,6882.21,19.63,75.7,11.09,18.9
2023-09-22 23:00:00,19486.12,0.0,26.57,16.38,76.5,4.26,14.4
2023-09-23 00:00:00,15240.33,0.0,0.66,13.77,78.2,3.37,8.4
2023-09-23 01:00:00,14127.24,0.0,0.0,14.3,80.6,2.82,36.2
2023-09-23 02:00:00,14294.36,0.0,80.28,15.28,77.1,4.85,23.1
2023-09-23 03:00:00,13108.74,0.0,368.29,14.69,89.5,6.03,25.7
2023-09-23 04:00:00,13721.84,0.0,9522.65,15.77,78.3,11.93,33.3
2023-09-23 05:00:00,15516.08,0.0,68.66,17.89,77.0,4.73,40.5
2023-09-23 06:00:00,18888.57,253.07,213.38,20.63,74.0,5.52,38.6
2023-09-23 07:00:00,21279.72,825.62,2164.05,21.24,70.1,8.37,34.7
2023-09-23 08:00:00,21779.64,1545.98,45.73,19.78,78.2,4.49,39.5
2023-09-23 09:00:00,22357.18,2329.9,1022.62,20.19,82.5,7.28,41.6
2023-09-23 10:00:00,22670.89,2860.3,87.47,21.09,73.3,4.87,37.1
2023-09-23 11:00:00,22044.82,4070.57,0.0,22.1,63.9,2.7,17.5
2023-09-23 12:00:00,22349.99,4542.42,800.12,23.04,68.3,6.93,13.4
2023-09-23 13:00:00,23137.69,4877.57,0.0,25.19,60.9,0.5,1.7
2023-09-23 14:00:00,23173.35,4667.1,0.0,27.14,62.0,2.94,0.0
2023-09-23 15:00:00,24269.83,4125.76,0.83,27.1,56.6,3.4,1.5
2023-09-23 16:00:00,24282.85,3014.26,25.4,28.14,57.9,4.23,9.2
2023-09-23 17:00:00,25562.04,1651.36,427.61,27.98,64.5,6.2,33.1
2023-09-23 18:00:00,25895.0,973.12,51.72,27.19,64.9,4.55,26.3
2023-09-23 19:00:00,24906.82,188.81,312.78,27.1,65.5,5.87,36.0
2023-09-23 20:00:00,24526.72,0.0,442.86,25.87,67.3,6.18,39.0
2023-09-23 21:00:00,22497.44,0.0,69.8,26.75,64.5,4.73,53.5
2023-09-23 22:00:00,19430.5,0.0,7867.73,23.65,75.0,11.26,57.6
2023-09-23 23:00:00,16530.73,0.0,9942.72,21.77,78.9,12.29,42.2
2023-09-24 00:00:00,15576.32,0.0,1023.43,20.33,75.9,7.22,20.0
2023-09-24 01:00:00,14554.7,0.0,0.0,19.95,72.4,3.01,25.0
2023-09-24 02:00:00,13526.26,0.0,730.49,20.74,77.0,6.8,19.3
2023-09-24 03:00:00,12849.11,0.0,34.96,20.35,69.6,4.39,8.8
2023-09-24 04:00:00,14134.78,0.0,661.58,18.76,64.4,6.74,0.0
2023-09-24 05:00:00,15887.34,0.0,27.19,20.08,61.8,4.26,2.1
2023-09-24 06:00:00,17382.71,316.87,1937.92,21.54,76.6,8.31,23.6
2023-09-24 07:00:00,20335.47,970.54,0.0,20.23,71.1,2.69,19.5
2023-09-24 08:00:00,21834.58,1725.6,9171.98,21.35,68.2,11.9,27.8
2023-09-24 09:00:00,22689.14,2486.25,0.31,20.81,64.6,3.29,26.9
2023-09-24 10:00:00,22331.89,3671.99,670.36,21.39,67.4,6.75,11.8
2023-09-24 11:00:00,22932.92,3852.24,4298.06,21.67,73.0,9.9,22.8
2023-09-24 12:00:00,22076.45,4640.14,0.0,23.72,62.6,2.89,10.5
2023-09-24 13:00:00,21933.51,4439.77,4427.55,24.71,60.5,9.92,13.2
2023-09-24 14:00:00,22971.05,4290.45,4.15,23.87,63.2,3.69,11.1
2023-09-24 15:00:00,22131.45,3316.21,6325.43,25.17,71.8,10.69,24.1
2023-09-24 16:00:00,22658.98,2823.3,7916.51,23.52,60.5,11.28,12.1
2023-09-24 17:00:00,24560.75,1862.33,0.0,23.6,65.1,2.18,19.0
2023-09-24 18:00:00,24561.55,1063.65,1721.41,22.09,72.5,8.1,10.2
2023-09-24 19:00:00,24149.21,352.91,0.0,20.9,70.3,2.67,6.5
2023-09-24 20:00:00,23311.12,0.0,0.22,20.51,68.0,3.25,0.0
2023-09-24 21:00:00,20729.81,0.0,0.0,20.0,65.4,2.14,0.0
2023-09-24 22:00:00,19704.27,0.0,0.19,20.35,69.9,3.24,8.9
2023-09-24 23:00:00,16879.15,0.0,1179.71,19.13,67.6,7.4,2.3
2023-09-25 00:00:00,17834.85,0.0,441.81,18.32,66.9,6.17,0.0
2023-09-25 01:00:00,16651.36,0.0,3708.51,17.08,67.8,9.46,0.0
2023-09-25 02:00:00,16323.27,0.0,232.23,16.84,76.6,5.57,4.0
2023-09-25 03:00:00,16101.39,,10000.0,17.18,71.7,13.48,0.0
2023-09-25 04:00:00,17318.87,0.0,0.0,17.23,73.1,2.81,0.0
2023-09-25 05:00:00,19052.31,0.0,0.0,15.72,78.2,2.89,14.5
2023-09-25 06:00:00,21505.18,307.3,2065.88,16.97,74.7,8.29,2.7
2023-09-25 07:00:00,24129.66,1122.33,5665.91,18.45,70.9,10.47,7.0
2023-09-25 08:00:00,25482.67,1401.19,2535.0,18.92,76.6,8.78,36.2
2023-09-25 09:00:00,26292.03,2058.15,240.61,18.85,77.1,5.63,43.1
2023-09-25 10:00:00,26337.86,2745.72,3.08,21.89,70.4,3.61,43.0
2023-09-25 11:00:00,26447.01,3004.0,0.0,23.66,70.3,0.5,47.5
2023-09-25 12:00:00,26056.6,3395.91,100.42,24.44,70.5,4.94,40.6
2023-09-25 13:00:00,25992.33,2898.04,41.57,24.0,69.7,4.48,55.0
2023-09-25 14:00:00,25336.61,2977.23,0.59,23.7,69.1,3.35,47.2
2023-09-25 15:00:00,26103.36,3363.29,127.73,25.46,69.9,5.14,21.6
2023-09-25 16:00:00,27595.03,2726.06,578.84,25.52,65.6,6.56,17.9
2023-09-25 17:00:00,27509.7,2097.37,542.28,24.49,61.9,6.4,7.8
2023-09-25 18:00:00,28154.08,1164.71,0.0,24.38,72.7,3.02,7.1
2023-09-25 19:00:00,27649.31,230.9,302.43,22.54,59.5,5.8,6.7
2023-09-25 20:00:00,26607.4,0.0,0.0,23.14,73.5,2.54,23.9
2023-09-25 21:00:00,24970.94,0.0,0.0,23.38,71.1,2.57,33.0
2023-09-25 22:00:00,22709.03,0.0,2355.21,21.53,77.9,8.67,35.8
2023-09-25 23:00:00,20323.76,0.0,1561.01,19.63,77.7,7.97,35.1
2023-09-26 00:00:00,18778.06,0.0,2988.42,15.55,72.2,8.99,21.7
2023-09-26 01:00:00,18997.9,0.0,10.33,13.32,77.7,3.93,0.0
2023-09-26 02:00:00,17873.97,0.0,8850.8,11.62,81.5,11.6,1.9
2023-09-26 03:00:00,17802.15,0.0,9.69,11.93,74.3,3.89,14.9
2023-09-26 04:00:00,17370.87,0.0,5835.44,12.03,90.8,10.71,15.4
2023-09-26 05:00:00,19467.89,0.0,235.24,11.32,84.1,5.61,10.7
2023-09-26 06:00:00,22092.43,192.18,0.18,12.15,86.3,3.24,18.6
2023-09-26 07:00:00,24441.07,964.26,59.8,14.07,76.4,4.66,19.0
2023-09-26 08:00:00,25521.14,1511.37,1.36,16.11,86.3,3.47,40.5
2023-09-26 09:00:00,26049.9,1880.48,247.34,15.52,92.2,5.64,54.1
2023-09-26 10:00:00,26394.42,2136.32,7556.45,16.99,88.9,11.15,62.7
2023-09-26 11:00:00,26696.69,2285.07,6.1,16.98,89.2,3.78,67.9
2023-09-26 12:00:00,25590.47,3145.16,280.84,19.39,77.3,5.78,47.9
2023-09-26 13:00:00,25139.04,2926.76,2771.34,21.36,78.7,8.91,53.7
2023-09-26 14:00:00,25694.7,2743.73,231.2,21.12,78.2,5.62,55.4
2023-09-26 15:00:00,26120.22,2193.26,1.24,20.75,84.1,3.45,59.6
2023-09-26 16:00:00,26361.12,1705.13,9603.66,20.42,79.5,13.04,62.0
2023-09-26 17:00:00,27420.46,1148.06,0.0,17.81,89.2,2.18,63.6
2023-09-26 18:00:00,27973.41,353.75,116.17,17.9,90.6,5.05,92.0
2023-09-26 19:00:00,27807.34,99.11,1533.9,17.03,92.0,7.89,83.6
2023-09-26 20:00:00,27121.64,0.0,0.0,17.37,96.2,0.5,88.4
2023-09-26 21:00:00,25011.03,0.0,1213.48,15.25,90.8,7.45,75.8
2023-09-26 22:00:00,22754.89,0.0,23.7,13.71,99.0,4.2,79.8
2023-09-26 23:00:00,21730.49,0.0,3.56,11.29,99.0,3.65,85.1
2023-09-27 00:00:00,19850.91,0.0,76.94,9.48,99.0,4.8,82.8
2023-09-27 01:00:00,20307.36,0.0,9652.18,7.93,99.0,13.23,96.5
2023-09-27 02:00:00,19157.09,0.0,7015.85,9.11,99.0,11.11,77.9
2023-09-27 03:00:00,19253.25,0.0,58.61,8.64,99.0,4.65,66.3
2023-09-27 04:00:00,18972.06,0.0,4.29,9.42,99.0,3.68,64.5
2023-09-27 05:00:00,21403.75,0.0,248.73,9.93,98.9,5.7,71.0
2023-09-27 06:00:00,23289.62,197.74,1042.64,9.74,99.0,7.31,68.2
2023-09-27 07:00:00,24924.88,466.57,4586.38,11.04,97.7,10.1,79.0
2023-09-27 08:00:00,25956.96,1080.98,9328.77,13.34,89.5,12.46,65.2
2023-09-27 09:00:00,26949.47,1971.62,1586.3,13.67,87.9,7.96,47.3
2023-09-27 10:00:00,25924.08,2505.86,447.79,16.27,80.0,6.2,48.9
2023-09-27 11:00:00,26625.13,2949.53,0.0,16.88,80.0,2.19,45.7
2023-09-27 12:00:00,25185.12,3022.65,0.0,17.76,86.1,1.16,50.4
2023-09-27 13:00:00,25116.98,3117.27,192.43,19.53,78.5,5.45,47.6
2023-09-27 14:00:00,24436.82,3099.2,88.53,19.65,81.7,4.86,41.4
2023-09-27 15:00:00,26589.09,2712.69,1551.18,20.24,78.6,7.96,39.1
2023-09-27 16:00:00,25534.16,2165.86,0.07,20.09,84.9,3.18,38.4
2023-09-27 17:00:00,27578.39,1564.73,0.0,20.11,78.4,0.5,33.7
2023-09-27 18:00:00,29006.68,842.09,27.11,17.06,84.3,4.27,30.9
2023-09-27 19:00:00,28576.11,248.53,9062.19,14.52,83.8,11.71,25.9
2023-09-27 20:00:00,27293.01,0.0,1908.22,14.6,86.0,8.16,36.7
2023-09-27 21:00:00,25931.09,0.0,0.0,14.99,89.2,1.37,38.2
2023-09-27 22:00:00,22963.3,0.0,4445.57,13.13,96.4,9.94,64.3
2023-09-27 23:00:00,21397.75,0.0,380.96,12.13,95.4,6.09,62.1
2023-09-28 00:00:00,19267.7,0.0,211.86,11.68,93.4,5.52,51.7
2023-09-28 01:00:00,18331.31,0.0,235.73,12.05,99.0,5.57,81.1
2023-09-28 02:00:00,18937.99,0.0,1314.55,9.65,99.0,7.64,79.9
2023-09-28 03:00:00,19632.31,0.0,922.65,8.93,99.0,7.15,85.8
2023-09-28 04:00:00,20083.13,0.0,1818.39,9.18,99.0,8.18,86.2
2023-09-28 05:00:00,20099.29,0.0,1089.35,10.88,99.0,7.34,87.0
2023-09-28 06:00:00,21004.02,194.04,3.69,14.76,93.3,3.65,86.6
2023-09-28 07:00:00,23580.6,549.38,37.83,15.69,88.0,4.42,66.6
2023-09-28 08:00:00,26252.91,1046.49,3581.03,15.49,95.5,9.4,66.6
2023-09-28 09:00:00,26274.82,1981.88,911.57,17.45,85.3,7.08,46.3
2023-09-28 10:00:00,25308.92,2696.45,108.26,20.37,80.7,5.0,42.2
2023-09-28 11:00:00,26647.45,3419.4,0.0,21.78,77.1,2.57,32.1
2023-09-28 12:00:00,25379.75,3491.0,0.0,21.89,73.4,0.5,36.1
2023-09-28 13:00:00,25945.94,3318.65,0.14,23.87,73.8,3.22,39.4
2023-09-28 14:00:00,25501.47,2956.97,0.0,25.17,72.8,0.57,44.0
2023-09-28 15:00:00,26885.92,2560.75,34.98,24.25,70.1,4.37,45.8
2023-09-28 16:00:00,26331.74,2242.05,1297.33,24.62,71.9,7.66,36.6
2023-09-28 17:00:00,27487.74,1603.44,0.0,25.31,73.7,3.01,32.7
2023-09-28 18:00:00,28617.11,801.28,1959.39,25.85,69.3,8.34,43.4
2023-09-28 19:00:00,29290.55,110.47,795.01,24.71,75.7,6.87,54.6
2023-09-28 20:00:00,26968.07,0.0,0.0,23.1,74.0,2.3,37.9
2023-09-28 21:00:00,24694.8,0.0,815.2,23.17,67.1,6.91,18.6
2023-09-28 22:00:00,22245.23,0.0,0.09,20.48,72.8,3.19,11.2
2023-09-28 23:00:00,19413.54,0.0,1278.96,19.78,72.1,7.6,26.0
2023-09-29 00:00:00,18469.4,0.0,3.36,17.03,87.8,3.64,41.1
2023-09-29 01:00:00,16844.83,0.0,323.45,17.48,81.2,5.92,28.7
2023-09-29 02:00:00,17446.33,0.0,1190.07,16.68,77.0,7.4,32.5
2023-09-29 03:00:00,17155.82,0.0,0.0,17.9,91.3,2.86,54.2
2023-09-29 04:00:00,17154.99,0.0,15.25,18.5,84.8,4.05,56.3
2023-09-29 05:00:00,19362.98,0.0,178.09,17.51,86.1,5.36,70.2
2023-09-29 06:00:00,21616.52,130.06,445.81,19.81,92.0,6.27,77.4
2023-09-29 07:00:00,23876.67,627.13,4305.31,22.38,81.8,9.96,60.8
2023-09-29 08:00:00,25072.67,1196.4,1.91,24.28,68.6,3.53,54.8
2023-09-29 09:00:00,26032.06,1826.33,48.37,24.42,72.8,4.53,52.2
2023-09-29 10:00:00,26394.93,2414.44,149.68,25.13,74.6,5.21,50.8
2023-09-29 11:00:00,26886.94,2410.81,2.05,26.27,65.4,3.53,59.3
2023-09-29 12:00:00,26523.02,2693.43,340.68,26.33,74.7,5.9,60.7
2023-09-29 13:00:00,27612.21,3990.7,0.0,28.84,61.7,2.77,21.8
2023-09-29 14:00:00,27749.69,4198.75,919.12,29.26,52.1,7.04,7.0
2023-09-29 15:00:00,27068.0,3838.81,48.55,26.24,60.3,4.55,0.0
2023-09-29 16:00:00,26547.18,3081.57,0.0,26.42,59.0,1.0,0.0
2023-09-29 17:00:00,27569.68,2085.91,264.89,25.52,55.5,5.72,0.0
2023-09-29 18:00:00,28530.98,1065.53,179.78,24.66,66.6,5.42,5.9
2023-09-29 19:00:00,27522.58,342.84,9.06,23.24,66.8,3.87,0.0
2023-09-29 20:00:00,26936.06,0.0,0.0,22.99,65.0,0.5,9.3
2023-09-29 21:00:00,24636.19,0.0,0.54,22.94,68.2,3.34,20.4
2023-09-29 22:00:00,22170.08,0.0,158.26,21.89,69.9,5.29,6.5
2023-09-29 23:00:00,21127.22,0.0,10.16,20.24,66.9,3.93,0.0
2023-09-30 00:00:00,14696.8,0.0,950.75,18.91,61.8,7.18,0.0
2023-09-30 01:00:00,13472.94,0.0,2287.36,18.08,78.1,8.59,21.8
2023-09-30 02:00:00,13500.12,0.0,5835.42,16.64,80.3,10.48,43.2
2023-09-30 03:00:00,13889.58,0.0,1826.2,17.09,82.6,8.13,48.4
2023-09-30 04:00:00,14345.18,0.0,2199.54,17.69,86.4,8.48,37.4
2023-09-30 05:00:00,14742.52,0.0,1269.87,19.78,79.6,7.63,47.2
2023-09-30 06:00:00,17454.83,171.69,9591.1,21.74,75.5,14.37,39.7
2023-09-30 07:00:00,20500.22,880.8,38.62,21.72,75.0,4.45,29.3
2023-09-30 08:00:00,21890.89,1991.44,23.61,23.59,65.9,4.2,3.7
2023-09-30 09:00:00,21580.9,2844.22,0.0,23.55,61.4,2.62,8.1
2023-09-30 10:00:00,22235.57,3749.33,161.35,25.39,61.0,5.29,3.1
2023-09-30 11:00:00,22622.87,4218.77,0.0,25.79,61.9,1.68,7.5
2023-09-30 12:00:00,22017.6,4651.43,0.0,25.5,61.4,3.07,0.0
2023-09-30 13:00:00,22744.19,4628.46,49.26,26.5,60.1,4.54,0.0
2023-09-30 14:00:00,22697.23,4377.97,6000.08,,72.8,10.6,0.0
2023-09-30 15:00:00,22003.66,3784.05,6203.18,22.28,60.1,10.84,0.0
2023-09-30 16:00:00,23387.72,3015.08,692.09,22.13,68.9,6.72,0.0
2023-09-30 17:00:00,24113.36,2106.96,7.51,21.94,70.0,3.82,0.0
2023-09-30 18:00:00,24717.48,1146.44,2327.05,20.96,70.9,8.62,9.1
2023-09-30 19:00:00,23650.42,254.39,2829.92,18.42,67.6,9.04,0.0
2023-09-30 20:00:00,23976.69,0.0,4520.92,16.66,80.4,10.03,4.4
2023-09-30 21:00:00,21846.16,0.0,805.65,16.17,68.8,6.87,17.0
2023-09-30 22:00:00,18609.48,0.0,3.77,15.85,71.1,3.66,0.0
2023-09-30 23:00:00,17240.91,0.0,0.0,14.9,79.8,2.82,0.0
2023-10-01 00:00:00,14754.99,0.0,7254.57,15.2,73.2,11.29,0.0
2023-10-01 01:00:00,14279.59,0.0,0.0,15.0,81.4,2.78,0.0
2023-10-01 02:00:00,14106.7,0.0,153.65,13.78,73.8,5.29,12.4
2023-10-01 03:00:00,14526.75,0.0,735.52,13.45,73.0,6.81,1.0
2023-10-01 04:00:00,14231.4,0.0,0.0,12.21,76.8,2.27,0.0
2023-10-01 05:00:00,16414.47,0.0,7875.92,12.8,79.7,11.3,0.0
2023-10-01 06:00:00,18648.06,167.59,96.36,15.01,74.7,4.91,2.4
2023-10-01 07:00:00,21568.1,1076.6,0.0,16.9,71.1,1.86,2.7
2023-10-01 08:00:00,22272.3,2065.98,10000.0,19.68,74.3,15.01,0.8
2023-10-01 09:00:00,22362.63,2861.29,25.86,20.57,74.2,4.25,3.6
2023-10-01 10:00:00,22594.74,3376.57,3473.17,23.3,65.3,9.36,14.4
2023-10-01 11:00:00,23394.4,3683.95,68.83,24.16,60.5,4.75,20.5
2023-10-01 12:00:00,23102.84,2797.3,427.7,26.71,63.3,6.23,53.4
2023-10-01 13:00:00,23633.49,2730.61,0.0,27.29,72.8,2.64,56.0
2023-10-01 14:00:00,24707.67,2800.51,50.18,28.4,70.7,4.57,47.3
2023-10-01 15:00:00,24938.78,2708.61,0.0,30.0,63.9,2.62,38.5
2023-10-01 16:00:00,24262.67,2170.14,5105.48,29.35,62.8,10.35,32.8
2023-10-01 17:00:00,25694.9,1796.51,0.0,28.87,56.0,0.78,14.4
2023-10-01 18:00:00,27157.98,954.58,0.02,29.28,61.8,3.11,16.8
2023-10-01 19:00:00,25450.91,170.02,3522.72,27.83,70.7,9.38,27.8
2023-10-01 20:00:00,23604.32,0.0,149.14,24.93,57.4,5.24,20.7
2023-10-01 21:00:00,22196.26,0.0,556.09,25.87,62.5,6.52,12.1
2023-10-01 22:00:00,19588.51,0.0,1088.65,23.8,66.9,7.29,32.4
2023-10-01 23:00:00,16387.02,0.0,0.0,,62.2,2.56,15.0
2023-10-02 00:00:00,17943.06,0.0,0.0,22.37,60.2,1.85,0.0
2023-10-02 01:00:00,18033.17,0.0,9867.68,20.62,68.7,12.1,0.0
2023-10-02 02:00:00,16683.12,0.0,120.22,18.78,71.3,5.09,0.0
2023-10-02 03:00:00,17126.6,0.0,370.76,18.71,75.6,5.99,0.0
2023-10-02 04:00:00,17252.15,0.0,2020.44,16.72,72.6,8.42,0.0
2023-10-02 05:00:00,18827.93,0.0,65.16,16.83,65.4,4.68,0.0
2023-10-02 06:00:00,21532.97,258.8,2362.3,17.83,71.4,8.61,5.3
2023-10-02 07:00:00,22961.89,1083.11,359.76,18.49,64.6,5.99,-0.0
2023-10-02 08:00:00,25399.68,1823.73,4090.87,17.92,69.3,9.64,12.9
2023-10-02 09:00:00,25848.74,2261.49,13.02,21.0,77.2,3.99,33.1
2023-10-02 10:00:00,26186.1,2977.23,0.0,22.32,72.3,3.05,27.2
2023-10-02 11:00:00,26114.09,3078.84,1964.76,25.02,72.4,8.35,36.4
2023-10-02 12:00:00,26241.54,3444.42,1.93,25.59,66.9,3.52,32.7
2023-10-02 13:00:00,24850.97,3132.9,13.26,25.29,74.6,3.99,43.5
2023-10-02 14:00:00,25777.31,3568.96,1101.25,26.02,63.7,7.29,23.0
2023-10-02 15:00:00,26414.56,3674.45,252.93,25.89,65.2,5.63,4.1
2023-10-02 16:00:00,27203.72,2938.07,17.19,24.4,63.8,4.1,2.5
2023-10-02 17:00:00,28868.89,2024.25,0.0,25.58,59.4,2.72,0.0
2023-10-02 18:00:00,28225.86,1163.17,1064.77,24.07,63.2,7.25,0.0
2023-10-02 19:00:00,28193.31,337.51,0.0,21.04,66.5,2.55,0.0
2023-10-02 20:00:00,26733.76,0.0,5547.8,21.45,74.3,10.48,7.8
2023-10-02 21:00:00,24372.82,0.0,0.0,19.67,70.8,2.87,5.6
2023-10-02 22:00:00,22873.29,0.0,2690.99,17.81,71.1,8.9,0.0
2023-10-02 23:00:00,21310.8,0.0,272.32,14.8,74.3,5.72,0.0
2023-10-03 00:00:00,18175.19,0.0,15.84,15.71,77.4,4.05,0.0
2023-10-03 01:00:00,17533.81,0.0,357.3,13.6,79.8,6.0,0.0
2023-10-03 02:00:00,17538.35,0.0,60.2,13.34,76.2,4.68,0.0
2023-10-03 03:00:00,17125.99,0.0,10.5,14.31,71.3,3.92,0.0
2023-10-03 04:00:00,18624.84,0.0,85.09,15.01,71.4,4.83,0.0
2023-10-03 05:00:00,19433.28,0.0,5701.61,15.46,73.6,10.54,0.0
2023-10-03 06:00:00,21623.12,186.13,0.22,14.39,81.2,3.25,0.0
2023-10-03 07:00:00,22813.21,1088.84,9554.1,14.64,74.5,13.11,0.0
2023-10-03 08:00:00,25226.24,1846.2,0.0,16.2,73.4,0.86,9.9
2023-10-03 09:00:00,26477.25,2891.69,896.59,16.75,65.8,7.03,1.0
2023-10-03 10:00:00,25836.02,3613.67,3041.1,18.43,76.7,9.02,1.7
2023-10-03 11:00:00,26269.83,4215.99,5441.82,20.52,69.5,10.35,0.0
2023-10-03 12:00:00,25896.96,4593.44,0.0,22.7,67.4,1.95,0.0
2023-10-03 13:00:00,25282.22,4373.98,530.28,22.17,69.7,6.37,3.7
2023-10-03 14:00:00,26591.17,3978.31,0.0,25.2,62.3,1.25,8.9
2023-10-03 15:00:00,26522.36,3273.54,0.65,26.19,62.9,3.37,13.1
2023-10-03 16:00:00,26640.54,2982.48,586.82,25.96,65.6,6.59,0.0
2023-10-03 17:00:00,28406.15,1972.34,1.45,26.62,60.3,3.48,3.3
2023-10-03 18:00:00,30519.98,954.57,1.01,28.32,63.8,3.42,20.4
2023-10-03 19:00:00,27639.96,204.7,0.0,25.47,72.6,1.91,35.3
2023-10-03 20:00:00,27071.65,0.0,0.0,23.89,75.8,1.59,42.7
2023-10-03 21:00:00,25133.14,0.0,0.0,19.89,74.5,2.5,27.6
2023-10-03 22:00:00,21906.95,0.0,4456.3,18.88,77.4,9.96,31.7
2023-10-03 23:00:00,20545.05,0.0,0.0,18.14,83.6,1.4,39.5
2023-10-04 00:00:00,18350.53,0.0,1872.92,16.88,79.7,8.21,16.8
2023-10-04 01:00:00,17986.08,0.0,3315.84,15.39,80.4,9.19,5.0
2023-10-04 02:00:00,18204.6,0.0,1185.85,12.68,85.1,7.41,18.6
2023-10-04 03:00:00,17447.28,0.0,2734.27,13.1,87.7,8.94,30.5
2023-10-04 04:00:00,17203.66,0.0,1824.32,14.99,76.2,8.14,11.9
2023-10-04 05:00:00,18436.79,0.0,523.09,14.85,78.8,6.4,23.6
2023-10-04 06:00:00,21004.84,201.91,238.17,16.16,82.9,5.65,25.5
2023-10-04 07:00:00,23985.57,793.61,9428.38,15.46,80.9,11.77,35.4
2023-10-04 08:00:00,24782.14,1660.1,9625.18,17.25,78.6,12.78,27.2
2023-10-04 09:00:00,25862.55,2090.66,833.05,18.15,84.9,6.97,35.2
2023-10-04 10:00:00,25393.46,2318.08,0.0,18.67,85.9,2.99,44.7
2023-10-04 11:00:00,25106.73,2952.89,64.42,19.15,80.1,4.71,38.8
2023-10-04 12:00:00,25439.93,3170.99,80.52,19.91,76.4,4.84,37.9
2023-10-04 13:00:00,25582.9,3563.0,818.42,21.31,73.0,6.99,29.2
2023-10-04 14:00:00,24833.25,2654.79,340.97,20.52,83.0,5.96,49.1
2023-10-04 15:00:00,25300.28,2450.82,55.84,20.5,78.5,4.63,45.4
2023-10-04 16:00:00,26016.42,2191.11,405.86,20.55,73.1,6.08,32.5
2023-10-04 17:00:00,27275.5,1646.67,0.0,19.11,80.0,0.5,23.6
2023-10-04 18:00:00,28334.05,874.6,1179.94,20.63,74.3,7.4,25.9
2023-10-04 19:00:00,28087.05,260.32,0.0,18.87,76.1,2.83,35.4
2023-10-04 20:00:00,26604.88,0.0,693.69,17.19,78.5,6.71,18.7
2023-10-04 21:00:00,24864.72,0.0,0.0,15.12,89.3,2.49,42.3
2023-10-04 22:00:00,22757.36,0.0,0.0,16.15,80.5,2.8,44.5
2023-10-04 23:00:00,20573.47,0.0,0.0,15.76,85.2,2.0,48.4
2023-10-05 00:00:00,19456.03,0.0,7032.68,13.65,87.2,11.19,45.0
2023-10-05 01:00:00,18305.34,0.0,1312.84,14.27,88.7,7.6,43.4
2023-10-05 02:00:00,16759.4,0.0,299.02,14.1,88.8,5.81,40.1
2023-10-05 03:00:00,17121.95,0.0,3656.53,14.29,86.6,9.58,51.1
2023-10-05 04:00:00,17826.8,0.0,1551.07,14.12,82.4,7.91,48.5
2023-10-05 05:00:00,18901.97,0.0,1345.12,13.84,94.6,7.73,55.4
2023-10-05 06:00:00,21279.29,177.02,563.41,15.09,82.2,6.46,47.2
2023-10-05 07:00:00,24269.98,735.64,0.0,15.56,87.2,1.28,47.5
2023-10-05 08:00:00,25312.49,1496.7,20.2,18.83,78.0,4.14,35.7
2023-10-05 09:00:00,25600.78,1790.12,0.0,18.67,82.9,2.43,49.7
2023-10-05 10:00:00,25505.9,2605.46,705.58,21.67,81.6,6.76,37.3
2023-10-05 11:00:00,25268.33,3137.64,0.04,22.67,84.5,3.15,32.5
2023-10-05 12:00:00,25722.4,3567.72,44.14,23.97,63.0,4.48,28.4
2023-10-05 13:00:00,26006.3,3601.43,2.04,25.61,70.2,3.54,24.4
2023-10-05 14:00:00,25196.59,3084.56,0.0,25.3,68.4,1.64,33.7
2023-10-05 15:00:00,26519.99,2808.25,5939.76,26.36,70.7,10.59,29.5
2023-10-05 16:00:00,26529.1,1818.88,4300.96,23.12,79.0,9.77,46.3
2023-10-05 17:00:00,27188.6,1440.88,0.0,21.93,79.6,1.1,34.5
2023-10-05 18:00:00,28381.55,828.73,1784.54,20.28,77.7,8.04,36.0
2023-10-05 19:00:00,27924.07,239.44,109.9,18.08,73.6,5.02,26.0
2023-10-05 20:00:00,26694.42,0.0,1504.5,16.94,83.9,7.9,31.5
2023-10-05 21:00:00,24987.21,0.0,0.0,16.37,81.4,2.87,31.2
2023-10-05 22:00:00,22550.53,0.0,0.0,16.11,79.8,2.99,29.2
2023-10-05 23:00:00,20008.38,0.0,5703.34,15.37,83.5,10.53,43.5
2023-10-06 00:00:00,18907.07,0.0,6779.12,13.56,89.6,10.92,34.1
2023-10-06 01:00:00,17619.86,0.0,563.54,13.37,93.8,6.48,40.6
2023-10-06 02:00:00,17207.14,0.0,6127.23,13.15,80.3,10.71,30.1
2023-10-06 03:00:00,17443.12,0.0,1959.0,14.13,86.6,8.32,31.5
2023-10-06 04:00:00,17312.16,0.0,31.73,15.19,77.5,4.35,17.0
2023-10-06 05:00:00,18975.88,0.0,186.57,15.7,70.8,5.43,10.6
2023-10-06 06:00:00,20610.42,216.34,2.45,15.46,77.9,3.57,11.9
2023-10-06 07:00:00,23702.51,806.47,2692.88,15.78,79.6,8.81,35.9
2023-10-06 08:00:00,26025.36,1518.06,10000.0,16.43,75.8,13.8,36.4
2023-10-06 09:00:00,24807.42,1669.59,375.28,17.44,82.3,6.08,55.5
2023-10-06 10:00:00,26587.33,2167.16,677.66,19.11,78.9,6.7,55.1
2023-10-06 11:00:00,26017.55,2698.98,1048.75,21.16,75.6,7.3,47.4
2023-10-06 12:00:00,25461.1,2288.54,0.0,22.15,75.6,2.69,63.8
2023-10-06 13:00:00,25449.17,2270.94,0.93,22.99,78.5,3.41,65.0
2023-10-06 14:00:00,26072.27,2507.85,8.56,23.68,73.3,3.87,53.1
2023-10-06 15:00:00,24747.2,2045.52,164.52,23.31,78.9,5.28,56.0
2023-10-06 16:00:00,26938.62,1667.83,1811.92,22.2,79.6,8.07,49.4
2023-10-06 17:00:00,27619.54,1580.81,0.0,19.91,75.0,2.75,23.2
2023-10-06 18:00:00,28655.51,678.76,59.92,18.62,77.8,4.64,35.2
2023-10-06 19:00:00,27013.25,131.9,1049.75,18.41,81.1,7.36,47.8
2023-10-06 20:00:00,26744.96,0.0,0.0,16.7,86.2,1.87,67.7
2023-10-06 21:00:00,24234.31,0.0,309.17,15.45,88.2,5.81,68.2
2023-10-06 22:00:00,23395.98,0.0,0.02,14.97,93.0,3.12,60.7
2023-10-06 23:00:00,20083.37,0.0,619.79,14.59,85.3,6.62,67.0
2023-10-07 00:00:00,15241.84,0.0,2909.81,12.36,96.6,8.99,72.8
2023-10-07 01:00:00,13852.09,0.0,66.51,12.92,98.4,4.69,87.3
2023-10-07 02:00:00,14189.19,0.0,5552.77,13.82,99.0,10.38,79.9
2023-10-07 03:00:00,14285.52,0.0,232.72,12.48,90.8,5.64,72.0
2023-10-07 04:00:00,14519.05,0.0,38.52,11.86,94.0,4.41,58.4
2023-10-07 05:00:00,16005.29,0.0,581.19,13.83,93.4,6.48,61.4
2023-10-07 06:00:00,17788.12,103.84,5668.73,14.52,77.8,10.5,39.1
2023-10-07 07:00:00,20264.24,712.74,0.0,13.16,85.1,2.54,47.3
2023-10-07 08:00:00,22330.7,1125.12,61.65,13.02,90.5,4.69,52.3
2023-10-07 09:00:00,23325.52,1637.49,822.52,14.29,92.2,6.99,56.7
2023-10-07 10:00:00,23166.67,2115.85,29.2,14.57,90.1,4.3,55.1
2023-10-07 11:00:00,22860.87,1956.75,0.0,15.64,94.0,1.36,70.5
2023-10-07 12:00:00,22435.62,1790.82,2.54,17.04,86.9,3.57,76.1
2023-10-07 13:00:00,21936.5,2344.72,1434.44,19.76,77.8,7.76,63.3
2023-10-07 14:00:00,22331.19,2501.74,7252.59,20.15,81.2,11.09,52.3
2023-10-07 15:00:00,22554.4,2545.87,0.0,21.73,70.4,0.5,39.0
2023-10-07 16:00:00,22932.49,1950.04,126.01,23.29,71.1,5.11,44.6
2023-10-07 17:00:00,24439.64,1526.73,0.0,24.44,73.2,1.35,30.8
2023-10-07 18:00:00,24235.43,647.3,510.25,23.94,74.2,6.39,43.8
2023-10-07 19:00:00,24183.87,173.84,0.0,20.72,79.2,0.5,58.0
2023-10-07 20:00:00,22863.1,0.0,0.0,20.13,76.1,0.61,44.1
2023-10-07 21:00:00,21154.52,0.0,1842.14,20.08,80.4,8.25,40.2
2023-10-07 22:00:00,19411.62,0.0,0.0,18.71,,2.32,39.2
2023-10-07 23:00:00,16230.93,0.0,73.87,19.44,76.1,4.8,48.7
2023-10-08 00:00:00,15145.64,0.0,9599.85,19.04,78.0,12.63,65.8
2023-10-08 01:00:00,14464.4,0.0,10000.0,18.71,87.7,14.53,41.3
2023-10-08 02:00:00,13472.23,0.0,19.78,19.21,73.2,4.13,36.1
2023-10-08 03:00:00,13127.52,0.0,1162.73,19.14,79.4,7.4,32.2
2023-10-08 04:00:00,14346.8,0.0,1062.45,16.28,83.1,7.34,15.2
2023-10-08 05:00:00,15748.58,0.0,521.31,16.11,76.8,6.38,11.1
2023-10-08 06:00:00,18337.83,150.2,8286.29,18.13,72.8,11.54,18.5
2023-10-08 07:00:00,19913.32,900.94,2353.9,18.1,69.1,8.59,16.6
2023-10-08 08:00:00,21682.84,1895.92,2104.55,18.93,63.7,8.42,0.0
2023-10-08 09:00:00,22101.65,1990.23,10.39,18.97,80.4,3.92,37.8
2023-10-08 10:00:00,22495.76,2386.52,94.35,22.19,80.8,4.89,40.1
2023-10-08 11:00:00,23184.82,2760.95,106.15,25.1,69.3,5.01,40.2
2023-10-08 12:00:00,22717.68,3465.57,0.35,24.91,65.4,3.3,25.8
2023-10-08 13:00:00,23275.91,3355.84,0.0,25.7,70.2,1.23,29.5
2023-10-08 14:00:00,22285.98,3186.55,0.0,25.29,64.8,1.46,27.6
2023-10-08 15:00:00,22516.85,3438.5,0.0,26.05,61.9,1.95,5.2
2023-10-08 16:00:00,23384.27,2796.14,0.0,26.32,59.3,2.2,0.0
2023-10-08 17:00:00,24629.33,1805.45,0.0,26.59,59.4,2.65,9.1
2023-10-08 18:00:00,25266.83,744.89,0.0,26.0,68.3,2.95,34.9
2023-10-08 19:00:00,25806.02,116.72,74.99,28.03,73.5,4.77,38.8
2023-10-08 20:00:00,23772.11,0.0,208.67,25.36,75.7,5.48,51.0
2023-10-08 21:00:00,21804.37,0.0,26.0,21.95,81.3,4.23,46.6
2023-10-08 22:00:00,18992.51,0.0,5599.93,20.11,75.1,10.58,43.6
2023-10-08 23:00:00,17294.64,0.0,679.52,17.1,90.2,6.73,55.1
2023-10-09 00:00:00,17723.67,0.0,3092.45,,96.6,9.22,72.0
2023-10-09 01:00:00,17257.28,0.0,9168.94,12.46,93.2,11.72,82.6
2023-10-09 02:00:00,18679.81,0.0,20.34,11.11,98.5,4.15,63.5
2023-10-09 03:00:00,18962.71,0.0,518.42,10.1,94.5,6.35,58.7
2023-10-09 04:00:00,19098.38,0.0,525.26,11.08,89.0,6.35,58.6
2023-10-09 05:00:00,20381.25,0.0,243.31,11.2,93.9,5.63,52.1
2023-10-09 06:00:00,22212.5,148.56,0.0,11.99,94.9,1.57,54.1
2023-10-09 07:00:00,24092.29,634.69,3342.38,14.18,92.0,9.34,61.1
2023-10-09 08:00:00,24795.15,920.37,0.0,14.64,92.4,2.77,69.4
2023-10-09 09:00:00,25804.45,1048.26,10000.0,15.78,93.8,15.18,84.9
2023-10-09 10:00:00,25157.48,1590.93,1478.53,17.62,99.0,7.89,74.4
2023-10-09 11:00:00,27049.4,2444.17,282.41,16.81,80.9,5.76,52.7
2023-10-09 12:00:00,25417.65,2544.9,0.0,15.45,91.4,2.06,54.3
2023-10-09 13:00:00,25492.95,1858.66,72.44,17.02,90.7,4.79,74.0
2023-10-09 14:00:00,26077.88,2100.61,0.0,18.41,82.6,2.69,63.0
2023-10-09 15:00:00,25535.29,1703.86,0.0,21.16,83.0,2.58,67.3
2023-10-09 16:00:00,26138.32,1295.36,1372.18,21.33,78.4,7.76,71.2
2023-10-09 17:00:00,26335.95,858.03,5.68,21.89,80.1,3.75,68.6
2023-10-09 18:00:00,27610.6,506.2,43.9,20.99,82.5,4.48,64.1
2023-10-09 19:00:00,28052.69,176.69,2346.38,20.41,73.4,8.52,48.9
2023-10-09 20:00:00,27552.78,0.0,0.0,21.15,73.2,1.87,19.3
2023-10-09 21:00:00,24705.43,0.0,564.63,17.52,69.4,6.48,7.2
2023-10-09 22:00:00,22727.52,0.0,666.6,16.82,68.0,6.65,5.3
2023-10-09 23:00:00,21418.8,0.0,266.92,18.07,71.8,5.73,21.5
2023-10-10 00:00:00,18478.25,0.0,4165.15,17.09,86.1,9.77,21.3
2023-10-10 01:00:00,17839.23,0.0,9603.35,18.05,66.8,12.26,16.1
2023-10-10 02:00:00,16604.8,0.0,610.37,16.67,76.2,6.6,7.1
2023-10-10 03:00:00,17577.6,0.0,619.62,16.32,74.6,6.57,17.8
2023-10-10 04:00:00,16961.04,0.0,766.82,16.39,80.6,6.89,35.6
2023-10-10 05:00:00,18794.79,0.0,2433.82,14.29,90.3,8.7,47.7
2023-10-10 06:00:00,22362.0,117.81,1611.11,13.79,92.1,7.97,52.9
2023-10-10 07:00:00,24035.92,723.85,19.93,13.68,82.2,4.13,32.4
2023-10-10 08:00:00,25320.65,1449.67,0.0,15.91,75.3,2.17,27.9
2023-10-10 09:00:00,26331.78,1654.38,7901.91,18.21,85.9,11.44,51.6
2023-10-10 10:00:00,25388.65,1718.5,2.18,19.85,86.0,3.54,62.5
2023-10-10 11:00:00,25793.44,2730.88,437.96,21.92,74.2,6.26,40.2
2023-10-10 12:00:00,25445.4,3058.84,1803.43,22.69,75.6,8.06,38.3
2023-10-10 13:00:00,25669.7,2922.64,0.02,24.75,70.0,3.12,41.7
2023-10-10 14:00:00,25829.13,3050.51,251.12,25.13,65.3,5.67,31.2
2023-10-10 15:00:00,26749.4,3269.19,0.0,25.26,61.5,1.22,3.3
2023-10-10 16:00:00,27347.48,2543.17,7707.86,24.71,65.4,11.2,7.7
2023-10-10 17:00:00,27925.79,1859.02,0.0,24.91,62.6,0.74,1.0
2023-10-10 18:00:00,27975.25,1031.53,33.52,23.56,65.1,4.38,0.0
2023-10-10 19:00:00,28207.33,297.65,190.65,23.56,60.0,5.4,0.0
2023-10-10 20:00:00,26802.37,0.0,1698.47,21.02,72.9,8.1,0.0
2023-10-10 21:00:00,25117.05,0.0,0.0,18.51,69.1,2.57,1.4
2023-10-10 22:00:00,22135.68,0.0,231.83,18.05,70.3,5.56,0.0
2023-10-10 23:00:00,19515.36,0.0,70.72,16.76,67.3,4.76,0.0
2023-10-11 00:00:00,18436.81,0.0,128.15,15.04,74.2,5.11,0.0
2023-10-11 01:00:00,17127.42,0.0,3324.93,15.27,76.8,9.31,0.0
2023-10-11 02:00:00,17093.84,0.0,0.0,14.07,79.4,1.73,0.0
2023-10-11 03:00:00,17989.75,0.0,2980.4,13.68,83.1,9.13,0.0
2023-10-11 04:00:00,17359.17,0.0,4185.82,15.39,76.5,9.82,0.0
2023-10-11 05:00:00,19305.76,0.0,7146.37,17.48,72.6,11.18,0.0
2023-10-11 06:00:00,21333.26,287.99,1261.64,19.79,66.5,7.6,0.0
2023-10-11 07:00:00,24062.73,898.57,109.18,20.2,67.6,5.03,10.0
2023-10-11 08:00:00,24961.76,1833.06,194.47,22.47,68.4,5.46,0.0
2023-10-11 09:00:00,26124.56,2753.49,10000.0,22.37,68.5,12.34,0.0
2023-10-11 10:00:00,25946.26,3383.79,3566.05,22.39,60.3,9.44,0.0
2023-10-11 11:00:00,25781.02,3866.97,81.23,20.81,69.8,4.83,0.0
2023-10-11 12:00:00,25953.98,4177.2,5350.1,23.65,65.5,10.38,0.0
2023-10-11 13:00:00,25256.97,4247.24,1537.14,23.37,58.8,7.79,0.0
2023-10-11 14:00:00,25384.98,3874.97,2890.48,23.67,65.0,8.98,0.0
2023-10-11 15:00:00,25702.68,3380.7,389.25,22.81,59.9,6.06,0.0
2023-10-11 16:00:00,26151.74,2651.09,1824.4,23.45,53.5,8.19,0.0
2023-10-11 17:00:00,28213.67,1821.97,2738.61,22.54,65.2,8.91,5.7
2023-10-11 18:00:00,28013.17,1012.86,0.0,20.36,68.5,1.39,0.0
2023-10-11 19:00:00,28737.13,286.69,8356.92,19.95,67.6,11.51,0.0
2023-10-11 20:00:00,26844.79,0.0,18.39,17.28,83.3,4.12,0.0
2023-10-11 21:00:00,25203.23,0.0,153.38,15.27,76.1,5.24,0.0
2023-10-11 22:00:00,23411.47,0.0,2441.99,11.91,79.9,8.74,0.0
2023-10-11 23:00:00,22408.33,0.0,1367.72,9.51,86.4,7.7,8.0
2023-10-12 00:00:00,20915.97,0.0,6344.13,8.91,85.3,10.82,14.3
2023-10-12 01:00:00,20058.16,0.0,340.02,6.35,96.6,5.98,23.1
2023-10-12 02:00:00,21840.23,0.0,306.92,4.72,97.1,5.89,24.9
2023-10-12 03:00:00,20572.06,0.0,0.0,5.09,97.3,2.52,28.8
2023-10-12 04:00:00,22250.87,0.0,613.34,5.17,93.8,6.58,30.3
2023-10-12 05:00:00,21851.89,0.0,2516.14,8.36,83.8,8.71,23.0
2023-10-12 06:00:00,22405.08,270.48,108.83,11.49,83.7,5.02,23.3
2023-10-12 07:00:00,24991.03,717.91,366.5,11.74,87.5,6.02,27.4
2023-10-12 08:00:00,25057.61,1403.13,7.1,13.77,82.2,3.81,29.1
2023-10-12 09:00:00,25461.29,2412.23,1873.21,16.04,77.6,8.2,11.5
2023-10-12 10:00:00,25567.57,3366.84,0.0,16.76,71.6,1.5,0.0
2023-10-12 11:00:00,25765.22,3475.41,769.6,16.45,78.3,6.88,14.5
2023-10-12 12:00:00,26095.17,3725.25,10.38,17.69,70.5,3.93,12.7
2023-10-12 13:00:00,26076.77,3430.43,0.0,18.51,76.3,0.5,21.9
2023-10-12 14:00:00,25674.76,3632.25,1833.4,18.75,69.6,8.12,9.8
2023-10-12 15:00:00,25554.47,3388.32,37.61,19.66,62.3,4.41,0.0
2023-10-12 16:00:00,25964.23,2675.48,169.88,18.88,68.9,5.36,0.0
2023-10-12 17:00:00,27551.15,1742.0,658.99,17.39,77.8,6.71,0.0
2023-10-12 18:00:00,28358.18,1043.54,399.82,17.06,66.3,6.16,0.0
2023-10-12 19:00:00,27742.92,235.42,936.99,16.77,75.1,7.14,8.4
2023-10-12 20:00:00,26834.76,0.0,1434.11,14.56,82.1,7.77,13.2
2023-10-12 21:00:00,25692.97,0.0,522.35,14.64,94.1,6.43,37.4
2023-10-12 22:00:00,24039.47,0.0,106.1,11.68,88.0,4.98,41.4
2023-10-12 23:00:00,21304.43,0.0,28.89,10.22,81.9,4.3,11.1
2023-10-13 00:00:00,20260.18,0.0,7009.87,9.07,85.2,11.03,26.1
2023-10-13 01:00:00,20578.13,0.0,9840.07,7.95,91.6,13.39,8.5
2023-10-13 02:00:00,20598.7,0.0,285.86,7.22,85.9,5.77,13.9
2023-10-13 03:00:00,18856.82,0.0,4.17,9.49,82.9,3.67,6.6
2023-10-13 04:00:00,19657.67,0.0,59.94,8.95,84.8,4.68,35.1
2023-10-13 05:00:00,19791.72,0.0,1777.31,12.4,95.1,8.19,51.8
2023-10-13 06:00:00,22137.57,159.87,10.95,13.74,91.5,3.93,40.4
2023-10-13 07:00:00,23569.94,665.8,2677.82,14.9,87.9,8.89,37.6
2023-10-13 08:00:00,25372.98,1248.82,7047.54,16.63,76.2,10.96,39.7
2023-10-13 09:00:00,25200.01,1627.12,9416.41,20.68,81.7,12.03,48.9
2023-10-13 10:00:00,26289.64,2064.81,0.0,20.68,72.1,0.5,47.0
2023-10-13 11:00:00,25423.74,2855.76,7376.12,20.53,75.7,11.19,32.7
2023-10-13 12:00:00,25883.82,3294.17,825.99,20.7,73.8,6.99,23.8
2023-10-13 13:00:00,25102.42,3338.82,0.0,21.55,73.2,1.1,24.6
2023-10-13 14:00:00,25738.59,2628.06,10.12,20.18,79.9,3.9,40.1
2023-10-13 15:00:00,25897.68,2262.43,426.49,20.52,78.2,6.23,44.0
2023-10-13 16:00:00,26413.6,1904.3,5790.67,22.37,65.1,10.57,33.1
2023-10-13 17:00:00,28382.76,1318.79,0.0,22.09,77.4,1.96,40.6
2023-10-13 18:00:00,27883.86,761.61,0.0,21.02,75.6,1.79,34.7
2023-10-13 19:00:00,28216.73,111.08,88.89,19.38,76.5,4.9,44.9
2023-10-13 20:00:00,27327.41,0.0,9149.39,19.28,81.1,11.94,73.4
2023-10-13 21:00:00,25537.57,0.0,9234.48,17.14,94.2,12.44,64.0
2023-10-13 22:00:00,22295.2,0.0,9.52,17.99,93.1,3.88,69.5
2023-10-13 23:00:00,20094.43,0.0,94.25,18.9,86.3,4.91,55.9
2023-10-14 00:00:00,14528.55,0.0,7381.67,17.79,81.3,11.14,51.5
2023-10-14 01:00:00,13905.2,0.0,2505.46,16.82,74.7,8.82,49.3
2023-10-14 02:00:00,13135.19,0.0,9214.84,17.3,86.0,13.65,44.7
2023-10-14 03:00:00,13236.54,0.0,7358.19,18.1,90.3,11.18,72.6
2023-10-14 04:00:00,14484.13,0.0,57.88,17.08,86.5,4.62,63.8
2023-10-14 05:00:00,15299.4,0.0,2972.78,16.76,93.8,9.09,66.9
2023-10-14 06:00:00,17972.29,163.07,0.0,15.89,87.0,2.48,39.3
2023-10-14 07:00:00,20088.89,614.56,3382.3,17.26,83.4,9.36,43.4
2023-10-14 08:00:00,21793.25,1075.05,732.14,19.05,83.4,6.85,55.6
2023-10-14 09:00:00,22572.0,1783.03,8991.33,18.67,81.6,11.7,46.2
2023-10-14 10:00:00,22620.25,2994.53,8100.71,19.37,75.2,11.56,14.2
2023-10-14 11:00:00,23138.23,3313.91,0.0,19.03,69.9,1.07,15.7
2023-10-14 12:00:00,21755.59,3520.56,0.0,19.12,75.4,2.12,17.7
2023-10-14 13:00:00,21759.63,3273.81,47.0,20.62,70.4,4.55,27.9
2023-10-14 14:00:00,21814.19,2327.74,2349.79,20.39,85.9,8.56,52.3
2023-10-14 15:00:00,22986.21,2223.92,1279.29,20.35,80.9,7.52,45.1
2023-10-14 16:00:00,23034.45,1987.23,6280.87,18.55,75.6,10.91,33.1
2023-10-14 17:00:00,23462.32,1550.41,247.14,18.52,75.1,5.64,18.7
2023-10-14 18:00:00,25291.69,801.64,0.0,17.92,73.1,2.96,22.5
2023-10-14 19:00:00,24527.41,130.8,0.0,16.33,86.5,0.58,29.2
2023-10-14 20:00:00,24018.6,0.0,0.14,15.21,86.9,3.22,22.8
2023-10-14 21:00:00,22773.46,0.0,990.12,14.41,86.9,7.19,33.1
2023-10-14 22:00:00,19613.25,0.0,7017.03,12.48,94.3,11.04,38.3
2023-10-14 23:00:00,19322.42,0.0,98.75,9.96,92.1,4.93,37.9
2023-10-15 00:00:00,16111.31,0.0,5490.12,11.07,90.1,10.5,26.2
2023-10-15 01:00:00,15691.87,0.0,344.3,9.81,92.4,5.94,20.9
2023-10-15 02:00:00,15616.47,0.0,186.21,9.45,82.7,5.39,0.0
2023-10-15 03:00:00,14388.38,0.0,810.23,10.62,81.5,6.98,0.3
2023-10-15 04:00:00,14075.96,0.0,557.34,14.81,80.1,6.42,4.2
2023-10-15 05:00:00,15780.02,0.0,7923.76,13.82,81.6,11.46,9.6
2023-10-15 06:00:00,17618.21,168.19,493.17,15.07,76.4,6.31,18.2
2023-10-15 07:00:00,20322.42,742.58,53.86,15.24,72.0,4.58,24.3
2023-10-15 08:00:00,22446.44,1447.74,3522.33,15.81,79.1,9.42,23.7
2023-10-15 09:00:00,22200.02,2095.88,9328.72,16.31,71.1,16.8,25.1
2023-10-15 10:00:00,22030.35,3034.26,621.73,16.4,71.3,6.63,8.9
2023-10-15 11:00:00,22704.72,3633.54,0.05,17.67,68.9,3.16,4.5
2023-10-15 12:00:00,22663.37,3793.09,0.0,17.19,71.7,2.82,8.2
2023-10-15 13:00:00,22099.1,3930.96,0.0,19.23,72.9,0.73,2.0
2023-10-15 14:00:00,21444.64,3339.19,0.0,19.93,76.2,0.89,15.8
2023-10-15 15:00:00,21154.07,3073.23,3177.58,20.71,71.4,9.25,9.6
2023-10-15 16:00:00,22494.62,2311.04,0.0,20.14,74.0,1.13,14.7
2023-10-15 17:00:00,24574.42,1515.14,48.85,19.4,76.0,4.55,18.0
2023-10-15 18:00:00,25233.28,796.31,606.95,19.1,66.4,6.56,28.4
2023-10-15 19:00:00,24072.65,186.88,2441.48,16.95,82.2,8.63,39.5
2023-10-15 20:00:00,23456.46,0.0,0.0,15.59,78.7,2.76,46.7
2023-10-15 21:00:00,22553.63,0.0,143.88,13.61,83.9,5.23,19.5
2023-10-15 22:00:00,20270.28,0.0,17.6,11.64,80.1,4.08,35.2
2023-10-15 23:00:00,19775.01,0.0,36.38,8.45,96.7,4.41,52.9
2023-10-16 00:00:00,20359.2,0.0,116.19,9.13,96.5,5.04,44.5
2023-10-16 01:00:00,20461.7,0.0,1173.66,7.92,91.9,7.45,45.7
2023-10-16 02:00:00,18997.62,0.0,0.0,9.05,95.5,2.13,33.2
2023-10-16 03:00:00,18111.67,0.0,446.61,10.29,86.0,6.21,9.5
2023-10-16 04:00:00,19897.81,0.0,35.86,9.19,85.4,4.37,3.1
2023-10-16 05:00:00,20551.04,0.0,10000.0,8.69,86.6,13.24,0.0
2023-10-16 06:00:00,21758.76,260.0,1026.84,12.56,77.0,7.23,0.0
2023-10-16 07:00:00,23922.88,1016.43,4808.7,15.57,74.8,10.12,0.0
2023-10-16 08:00:00,25635.93,1792.61,2.82,16.67,72.7,3.6,0.0
2023-10-16 09:00:00,25204.5,2619.39,2377.07,18.17,70.5,8.66,0.0
2023-10-16 10:00:00,25857.08,3214.59,68.98,18.69,67.1,4.74,0.0
2023-10-16 11:00:00,25276.07,3690.44,0.0,20.33,62.6,2.53,0.0
2023-10-16 12:00:00,25898.17,3679.02,970.2,20.51,68.8,7.22,11.4
2023-10-16 13:00:00,26320.67,2666.71,866.35,19.06,78.3,7.04,42.2
2023-10-16 14:00:00,24518.19,2283.99,9631.96,18.25,81.1,14.15,54.3
2023-10-16 15:00:00,25372.68,1965.58,908.44,18.67,86.9,7.1,54.4
2023-10-16 16:00:00,26684.19,1709.56,0.0,17.48,77.9,1.66,44.1
2023-10-16 17:00:00,28842.12,1207.31,0.35,17.21,82.7,3.3,46.0
2023-10-16 18:00:00,28634.07,636.11,44.01,15.54,90.9,4.49,48.0
2023-10-16 19:00:00,27917.52,104.8,0.0,14.01,90.0,2.02,39.8
2023-10-16 20:00:00,27148.17,0.0,1746.5,14.15,93.1,8.07,48.1
2023-10-16 21:00:00,25127.59,0.0,327.35,13.45,82.1,5.92,29.2
2023-10-16 22:00:00,23824.78,0.0,8547.47,12.45,88.3,11.58,26.4
2023-10-16 23:00:00,21520.83,0.0,885.78,12.49,82.7,7.03,33.6
2023-10-17 00:00:00,19850.93,0.0,677.99,11.97,85.6,6.74,29.8
2023-10-17 01:00:00,17974.05,0.0,0.0,12.92,84.0,3.01,27.4
2023-10-17 02:00:00,17561.48,0.0,14.56,11.95,83.5,4.02,26.2
2023-10-17 03:00:00,18707.24,0.0,5452.4,11.36,82.8,10.42,16.7
2023-10-17 04:00:00,19542.41,0.0,9376.52,10.16,87.9,15.33,32.4
2023-10-17 05:00:00,20006.96,0.0,382.94,10.32,82.6,6.09,20.0
2023-10-17 06:00:00,21934.34,149.67,3771.85,12.32,88.5,9.51,25.1
2023-10-17 07:00:00,24434.88,734.17,1120.24,14.84,82.2,7.36,30.7
2023-10-17 08:00:00,25111.23,1496.68,10000.0,17.06,77.7,12.13,19.3
2023-10-17 09:00:00,25698.04,2173.28,3.81,16.27,79.3,3.66,21.5
2023-10-17 10:00:00,25138.9,2920.33,266.84,18.77,72.9,5.76,11.7
2023-10-17 11:00:00,25395.29,2767.6,38.07,17.89,79.0,4.41,30.7
2023-10-17 12:00:00,25658.85,3398.66,136.23,19.99,71.0,5.19,17.0
2023-10-17 13:00:00,25185.55,3639.08,0.0,20.39,75.8,2.87,10.8
2023-10-17 14:00:00,24883.39,3587.61,46.17,21.71,68.6,4.53,0.0
2023-10-17 15:00:00,25558.64,3122.83,213.75,20.42,67.5,5.54,0.0
2023-10-17 16:00:00,25905.11,2305.62,0.0,21.65,66.5,0.94,10.5
2023-10-17 17:00:00,27512.63,1529.89,753.46,19.58,73.0,6.83,19.4
2023-10-17 18:00:00,28646.62,769.89,615.87,18.2,77.8,6.64,22.4
2023-10-17 19:00:00,27749.2,223.68,3092.33,16.26,83.1,9.13,15.5
2023-10-17 20:00:00,27205.91,0.0,82.67,13.38,78.8,4.83,28.2
2023-10-17 21:00:00,26414.83,0.0,0.0,12.55,85.7,1.83,18.6
2023-10-17 22:00:00,23477.1,0.0,277.69,13.58,88.9,5.72,29.6
2023-10-17 23:00:00,20732.71,0.0,0.5,15.51,73.1,3.34,19.2
2023-10-18 00:00:00,17432.6,0.0,1508.15,14.38,78.4,7.78,12.9
2023-10-18 01:00:00,17484.98,0.0,0.0,14.8,77.1,2.65,24.2
2023-10-18 02:00:00,16991.62,0.0,312.95,14.47,86.3,5.9,35.3
2023-10-18 03:00:00,16727.89,0.0,0.42,14.73,84.4,3.32,41.9
2023-10-18 04:00:00,18041.04,0.0,0.0,14.38,82.3,1.61,28.0
2023-10-18 05:00:00,18814.21,0.0,10000.0,14.96,79.1,12.93,22.9
2023-10-18 06:00:00,20666.06,183.57,9886.12,16.19,82.6,16.23,25.7
2023-10-18 07:00:00,23982.46,808.63,715.2,16.4,78.0,6.75,16.1
2023-10-18 08:00:00,25207.34,1250.09,13.07,17.38,81.2,3.98,34.3
2023-10-18 09:00:00,25184.91,2435.93,5245.76,18.46,72.1,10.36,5.1
2023-10-18 10:00:00,26258.04,3095.27,4992.33,20.54,69.5,10.34,0.0
2023-10-18 11:00:00,26138.9,3619.23,2486.53,20.39,66.4,8.69,0.0
2023-10-18 12:00:00,25937.45,3932.37,151.1,21.28,73.0,5.22,0.0
2023-10-18 13:00:00,25903.0,3846.4,0.0,24.1,57.3,0.97,0.0
2023-10-18 14:00:00,26462.19,3559.71,0.0,25.69,53.1,1.03,0.0
2023-10-18 15:00:00,26722.49,3056.45,2752.33,27.1,50.8,8.85,0.0
2023-10-18 16:00:00,26649.44,2415.03,2280.98,26.65,51.8,8.49,5.8
2023-10-18 17:00:00,28158.25,1402.96,20.01,26.23,68.8,4.16,27.3
2023-10-18 18:00:00,28224.34,682.69,2.12,26.28,69.6,3.54,32.9
2023-10-18 19:00:00,28230.22,107.93,466.27,26.65,72.6,6.31,36.4
2023-10-18 20:00:00,27564.13,0.0,1981.22,22.92,68.8,8.31,36.5
2023-10-18 21:00:00,24604.74,0.0,1481.77,19.96,72.0,7.75,3.9
2023-10-18 22:00:00,22071.72,0.0,857.41,19.99,68.2,6.97,0.0
2023-10-18 23:00:00,20501.33,0.0,23.16,18.28,71.1,4.2,0.0
2023-10-19 00:00:00,18687.41,0.0,68.65,16.12,77.9,4.71,8.0
2023-10-19 01:00:00,17139.39,0.0,2388.49,13.82,77.2,8.71,14.2
2023-10-19 02:00:00,17807.4,0.0,3910.87,12.67,90.0,9.72,5.5
2023-10-19 03:00:00,17948.84,0.0,4.62,10.94,91.0,3.71,19.8
2023-10-19 04:00:00,17923.34,0.0,35.19,13.47,84.7,4.37,38.9
2023-10-19 05:00:00,19146.03,0.0,2037.54,13.85,84.5,8.28,49.2
2023-10-19 06:00:00,20930.44,119.01,263.6,14.49,90.1,5.7,58.8
2023-10-19 07:00:00,23687.69,634.95,776.73,16.07,86.4,6.82,48.7
2023-10-19 08:00:00,25481.6,886.42,845.71,18.19,89.7,6.96,59.5
2023-10-19 09:00:00,26474.67,1444.81,1926.99,20.32,77.3,8.24,57.8
2023-10-19 10:00:00,25987.68,1621.91,1992.41,22.54,80.8,8.29,60.7
2023-10-19 11:00:00,25747.08,1883.06,0.88,22.74,73.4,3.4,61.5
2023-10-19 12:00:00,25229.64,2222.63,133.85,23.2,79.3,5.19,56.3
2023-10-19 13:00:00,25721.42,2646.13,0.0,24.64,71.8,1.55,42.9
2023-10-19 14:00:00,25455.76,2565.91,1565.43,24.32,79.8,7.94,40.5
2023-10-19 15:00:00,26063.66,1964.94,1679.52,24.32,68.6,7.95,51.2
2023-10-19 16:00:00,26523.22,1733.41,0.0,24.44,78.1,3.0,43.4
2023-10-19 17:00:00,28010.76,1039.91,0.0,24.65,67.8,1.93,52.6
2023-10-19 18:00:00,28038.13,484.52,0.0,21.71,75.0,1.1,58.8
2023-10-19 19:00:00,28569.1,190.5,266.1,21.42,72.3,5.71,51.9
2023-10-19 20:00:00,27062.72,0.0,0.0,19.88,85.7,1.92,66.0
2023-10-19 21:00:00,24781.99,0.0,1049.04,19.31,78.6,7.24,57.5
2023-10-19 22:00:00,23050.5,0.0,1242.79,18.78,82.4,7.53,72.4
2023-10-19 23:00:00,19679.8,0.0,1009.48,19.21,88.1,7.24,72.6
2023-10-20 00:00:00,17815.39,0.0,5354.67,19.2,87.8,10.51,67.5
2023-10-20 01:00:00,17039.56,0.0,280.41,19.57,81.9,5.81,52.4
2023-10-20 02:00:00,17497.77,0.0,7764.07,20.26,79.2,11.32,48.8
2023-10-20 03:00:00,16719.56,0.0,0.0,19.92,86.5,2.63,44.2
2023-10-20 04:00:00,16917.09,0.0,3.41,19.64,76.0,3.63,27.5
2023-10-20 05:00:00,18873.85,0.0,389.85,20.62,76.7,6.07,25.3
2023-10-20 06:00:00,21443.93,256.4,1068.07,21.71,70.3,7.32,16.3
2023-10-20 07:00:00,24515.13,777.98,0.0,21.86,67.3,1.94,25.1
2023-10-20 08:00:00,24569.2,1189.59,630.85,23.01,76.3,6.56,41.4
2023-10-20 09:00:00,26298.59,2037.38,23.53,23.76,66.5,4.22,25.4
2023-10-20 10:00:00,24982.66,2021.13,3761.1,23.64,74.2,9.55,46.6
2023-10-20 11:00:00,26936.86,2399.59,183.39,25.87,71.8,5.37,43.2
2023-10-20 12:00:00,27081.55,2975.06,214.61,26.52,58.6,5.57,30.0
2023-10-20 13:00:00,28193.93,2701.93,4956.39,29.15,58.6,10.27,39.2
2023-10-20 14:00:00,26853.63,2717.33,815.59,27.34,69.6,6.94,32.8
2023-10-20 15:00:00,26086.39,2346.68,14.62,26.54,64.1,4.03,31.6
2023-10-20 16:00:00,27345.65,1991.87,32.76,26.11,63.7,4.37,26.7
2023-10-20 17:00:00,27904.48,1503.98,321.42,26.59,63.8,5.9,17.4
2023-10-20 18:00:00,28422.97,728.01,0.0,25.92,65.1,2.48,27.7
2023-10-20 19:00:00,27952.79,147.45,0.0,24.92,68.9,1.59,24.6
2023-10-20 20:00:00,26636.45,0.0,11.28,22.17,66.8,3.94,8.1
2023-10-20 21:00:00,25208.32,0.0,2001.98,19.41,74.0,8.27,17.4
2023-10-20 22:00:00,22287.07,0.0,19.12,18.36,68.6,4.13,4.6
2023-10-20 23:00:00,20520.57,0.0,0.26,15.52,75.0,3.27,0.0
2023-10-21 00:00:00,14709.85,0.0,32.69,13.66,84.5,4.34,12.7
2023-10-21 01:00:00,14607.37,0.0,1958.6,13.41,75.1,8.27,0.5
2023-10-21 02:00:00,14460.67,0.0,1527.72,11.78,83.2,7.8,0.0
2023-10-21 03:00:00,14451.28,0.0,2233.66,13.39,77.0,8.52,0.0
2023-10-21 04:00:00,14588.23,0.0,206.99,14.8,78.2,5.49,0.0
2023-10-21 05:00:00,15923.75,0.0,6978.54,13.37,77.8,11.17,0.0
2023-10-21 06:00:00,17604.3,275.61,442.7,13.05,77.6,6.18,0.0
2023-10-21 07:00:00,20908.68,831.69,527.99,11.53,81.7,6.42,1.6
2023-10-21 08:00:00,23320.42,1623.81,9052.86,11.98,84.1,11.73,0.0
2023-10-21 09:00:00,22527.14,2094.64,9629.48,14.26,81.5,12.96,18.0
2023-10-21 10:00:00,23409.79,2895.68,665.58,15.18,77.1,6.75,1.8
2023-10-21 11:00:00,22931.51,3302.47,5965.49,17.0,73.4,10.68,10.6
2023-10-21 12:00:00,22483.84,3170.04,134.68,16.43,84.5,5.19,20.8
2023-10-21 13:00:00,22157.85,3461.15,0.08,18.28,76.2,3.18,12.9
2023-10-21 14:00:00,21483.0,3522.32,0.02,18.29,71.4,3.12,2.7
2023-10-21 15:00:00,22015.91,2624.16,100.12,18.64,74.0,4.98,18.3
2023-10-21 16:00:00,23087.32,2330.55,179.03,18.53,75.9,5.41,7.9
2023-10-21 17:00:00,23984.36,1576.7,23.53,16.81,70.9,4.2,3.4
2023-10-21 18:00:00,25261.05,799.34,2876.46,15.01,72.2,8.95,17.4
2023-10-21 19:00:00,25056.83,166.5,47.42,15.37,79.6,4.54,19.4
2023-10-21 20:00:00,23595.22,0.0,3.49,14.86,80.0,3.64,0.0
2023-10-21 21:00:00,21767.99,0.0,0.0,14.94,87.4,0.68,24.0
2023-10-21 22:00:00,19211.69,0.0,9555.25,14.15,80.4,12.7,18.5
2023-10-21 23:00:00,17815.45,0.0,3488.6,13.22,81.4,9.45,15.1
2023-10-22 00:00:00,16860.11,0.0,1173.25,10.16,88.9,7.5,20.2
2023-10-22 01:00:00,17123.04,0.0,4698.86,9.26,89.2,9.98,29.0
2023-10-22 02:00:00,15883.0,0.0,4365.86,8.93,98.7,9.82,52.7
2023-10-22 03:00:00,14701.21,0.0,9617.18,11.07,87.7,12.09,30.2
2023-10-22 04:00:00,15011.59,0.0,363.79,12.02,93.3,5.99,40.2
2023-10-22 05:00:00,15683.3,0.0,978.61,14.16,91.1,7.19,48.0
2023-10-22 06:00:00,17582.25,176.5,0.05,15.46,88.7,3.16,44.3
2023-10-22 07:00:00,20612.16,579.51,10000.0,15.52,86.5,12.71,52.2
2023-10-22 08:00:00,22053.34,888.45,9419.27,16.7,95.5,13.79,60.9
2023-10-22 09:00:00,22435.84,1682.49,2128.01,18.1,82.8,8.39,40.7
2023-10-22 10:00:00,22599.83,1690.2,113.28,18.2,86.6,5.04,60.5
2023-10-22 11:00:00,22978.75,2484.45,122.09,18.9,76.1,5.08,38.3
2023-10-22 12:00:00,22534.23,3165.42,33.37,19.65,74.1,4.36,23.8
2023-10-22 13:00:00,22223.13,3109.06,0.0,22.18,70.8,3.07,21.5
2023-10-22 14:00:00,21430.49,2357.71,70.23,20.27,75.9,4.77,45.7
2023-10-22 15:00:00,22410.65,2156.21,0.0,21.79,74.4,0.51,40.3
2023-10-22 16:00:00,22823.12,1608.29,10000.0,20.56,76.3,13.21,38.8
2023-10-22 17:00:00,23595.27,1035.79,17.19,18.59,83.9,4.08,55.0
2023-10-22 18:00:00,25025.39,612.73,4538.8,19.23,74.2,9.91,48.5
2023-10-22 19:00:00,24633.19,169.86,893.06,19.07,76.8,7.07,32.3
2023-10-22 20:00:00,23591.43,0.0,6.05,19.27,74.3,3.77,27.1
2023-10-22 21:00:00,21950.02,0.0,1.88,18.8,80.6,3.52,44.0
2023-10-22 22:00:00,19255.76,0.0,9443.66,19.67,83.4,15.55,43.3
2023-10-22 23:00:00,16688.97,0.0,2644.91,18.85,94.1,8.79,65.0
2023-10-23 00:00:00,19015.81,0.0,56.35,17.17,92.2,4.6,69.9
2023-10-23 01:00:00,17528.04,0.0,0.0,16.52,82.3,2.95,57.5
2023-10-23 02:00:00,15777.03,0.0,2291.03,17.13,84.4,8.56,54.9
2023-10-23 03:00:00,15848.02,0.0,180.05,15.76,86.8,5.39,41.8
2023-10-23 04:00:00,18004.41,0.0,64.09,14.94,85.1,4.67,32.5
2023-10-23 05:00:00,18249.02,0.0,2691.42,14.87,99.0,8.82,86.1
2023-10-23 06:00:00,21616.4,83.73,1810.4,13.14,99.0,8.08,91.7
2023-10-23 07:00:00,23646.64,275.74,430.66,14.25,98.3,6.17,94.8
2023-10-23 08:00:00,25682.36,717.82,8554.5,13.3,99.0,11.52,79.7
2023-10-23 09:00:00,26080.52,700.72,964.42,14.69,98.8,7.23,92.7
2023-10-23 10:00:00,25530.61,850.78,4021.5,16.97,92.8,9.67,98.5
2023-10-23 11:00:00,25537.02,810.18,0.0,17.62,99.0,2.64,100.0
2023-10-23 12:00:00,26028.18,839.17,0.33,20.51,86.3,3.29,100.0
2023-10-23 13:00:00,26684.35,1052.53,0.0,19.6,78.6,1.34,96.1
2023-10-23 14:00:00,25643.19,1559.85,0.0,21.43,87.8,3.04,75.0
2023-10-23 15:00:00,25292.22,1684.24,7575.41,22.29,82.9,11.26,57.7
2023-10-23 16:00:00,26692.01,1495.46,6178.16,20.15,80.2,10.84,43.1
2023-10-23 17:00:00,28304.86,1005.88,832.55,22.69,70.4,7.02,45.6
2023-10-23 18:00:00,28678.5,653.54,107.3,21.71,74.6,5.03,37.0
2023-10-23 19:00:00,27105.33,115.86,1370.37,19.61,82.7,7.69,61.2
2023-10-23 20:00:00,27075.48,0.0,289.63,16.84,90.4,5.83,80.4
2023-10-23 21:00:00,25085.64,0.0,0.0,15.38,98.7,0.5,74.4
2023-10-23 22:00:00,23062.72,0.0,360.84,14.04,95.3,6.03,92.7
2023-10-23 23:00:00,20720.48,0.0,876.25,13.04,99.0,7.11,100.0
2023-10-24 00:00:00,19702.72,0.0,68.48,11.54,99.0,4.74,89.2
2023-10-24 01:00:00,18413.28,0.0,36.96,11.53,95.9,4.4,58.1
2023-10-24 02:00:00,19058.9,0.0,126.3,10.63,99.0,5.11,52.3
2023-10-24 03:00:00,19395.3,0.0,1671.53,8.37,97.0,7.93,42.0
2023-10-24 04:00:00,19610.5,0.0,12.03,8.53,96.6,3.98,43.2
2023-10-24 05:00:00,22715.36,0.0,2516.87,6.57,99.0,8.67,42.8
2023-10-24 06:00:00,24143.97,203.14,341.21,8.03,97.8,5.96,42.2
2023-10-24 07:00:00,26753.82,564.52,136.25,8.21,94.7,5.18,47.1
2023-10-24 08:00:00,26995.31,1208.14,2731.4,9.86,84.7,8.93,30.7
2023-10-24 09:00:00,26948.93,1723.35,268.93,12.83,90.8,5.76,35.7
2023-10-24 10:00:00,26888.05,2334.73,41.32,13.21,89.6,4.46,29.9
2023-10-24 11:00:00,26033.72,2633.3,3094.4,15.77,83.0,9.09,32.4
2023-10-24 12:00:00,26139.22,2434.78,8.49,16.43,81.8,3.85,43.8
2023-10-24 13:00:00,25381.65,2884.26,2110.91,19.29,69.7,8.33,27.6
2023-10-24 14:00:00,25656.62,2806.36,54.03,19.41,75.3,4.58,24.6
2023-10-24 15:00:00,26071.39,2385.91,0.0,18.72,70.4,2.2,24.0
2023-10-24 16:00:00,26412.37,2040.25,200.46,19.42,67.5,5.47,18.7
2023-10-24 17:00:00,27130.94,1227.39,0.0,18.53,77.7,3.01,31.0
2023-10-24 18:00:00,27695.01,718.59,0.0,16.93,74.8,1.99,22.4
2023-10-24 19:00:00,28100.14,185.98,0.0,15.55,79.8,1.57,16.8
2023-10-24 20:00:00,26817.26,0.0,0.74,14.5,77.6,3.38,10.0
2023-10-24 21:00:00,25845.26,0.0,1461.06,14.89,79.1,7.8,25.6
2023-10-24 22:00:00,23075.12,0.0,3440.59,11.58,78.1,9.35,20.4
2023-10-24 23:00:00,22313.63,0.0,4771.74,10.63,84.5,10.01,27.2
2023-10-25 00:00:00,19896.02,0.0,74.94,10.27,91.2,4.77,51.5
2023-10-25 01:00:00,18879.97,0.0,1844.87,9.84,89.4,8.1,48.2
2023-10-25 02:00:00,18108.38,0.0,74.0,10.9,94.3,4.75,59.5
2023-10-25 03:00:00,18216.91,0.0,1524.05,10.66,95.5,7.92,76.2
2023-10-25 04:00:00,18938.23,0.0,6518.28,10.63,99.0,11.02,83.1
2023-10-25 05:00:00,19331.91,0.0,0.0,11.78,99.0,2.54,76.7
2023-10-25 06:00:00,21575.84,91.7,10000.0,12.63,94.7,14.34,78.9
2023-10-25 07:00:00,24304.59,572.34,3536.1,13.18,93.7,9.49,57.8
2023-10-25 08:00:00,25455.25,1033.31,2112.89,14.9,81.0,8.38,45.2
2023-10-25 09:00:00,26111.7,1661.57,1085.02,15.4,79.1,7.34,36.3
2023-10-25 10:00:00,26035.41,1613.35,1566.15,15.98,88.8,7.86,62.6
2023-10-25 11:00:00,25778.83,2143.4,9364.98,16.61,87.8,14.34,49.1
2023-10-25 12:00:00,25806.4,2630.91,1043.89,19.18,81.9,7.32,37.0
2023-10-25 13:00:00,25647.05,2905.77,1.93,16.39,85.5,3.53,23.8
2023-10-25 14:00:00,25293.44,2580.66,203.97,17.51,77.8,5.48,31.4
2023-10-25 15:00:00,25752.79,2230.42,0.2,17.87,78.7,3.25,33.1
2023-10-25 16:00:00,25442.69,1483.77,7572.21,16.01,80.9,11.2,45.9
2023-10-25 17:00:00,28017.98,998.95,2943.34,16.13,81.5,9.08,52.2
2023-10-25 18:00:00,28546.6,635.38,186.99,16.11,82.7,5.4,33.2
2023-10-25 19:00:00,28592.91,144.69,1445.33,15.94,76.4,7.7,23.2
2023-10-25 20:00:00,27446.44,0.0,4653.9,11.99,94.3,10.02,40.6
2023-10-25 21:00:00,26191.9,0.0,4.44,12.54,81.8,3.7,37.0
2023-10-25 22:00:00,23247.17,0.0,674.58,10.67,95.7,6.66,50.6
2023-10-25 23:00:00,20984.67,0.0,402.56,10.49,88.9,6.17,46.5
2023-10-26 00:00:00,19770.79,0.0,2858.35,10.26,86.7,9.04,33.2
2023-10-26 01:00:00,19592.67,0.0,294.93,8.64,93.4,5.82,29.3
2023-10-26 02:00:00,19619.19,0.0,2361.89,9.04,85.1,8.68,17.9
2023-10-26 03:00:00,19825.44,0.0,424.36,8.56,85.2,6.16,12.8
2023-10-26 04:00:00,21435.69,0.0,3.04,6.57,87.9,3.61,17.4
2023-10-26 05:00:00,21553.67,0.0,1.2,8.58,97.4,3.45,25.2
2023-10-26 06:00:00,23936.28,242.86,0.77,8.65,83.1,3.39,6.9
2023-10-26 07:00:00,25536.82,839.0,0.0,8.91,86.1,1.94,9.6
2023-10-26 08:00:00,27680.58,1522.01,459.43,9.87,82.7,6.28,5.2
2023-10-26 09:00:00,27285.28,2293.75,930.38,11.67,80.7,7.16,0.6
2023-10-26 10:00:00,25859.56,2820.61,0.0,13.07,76.7,2.31,5.8
2023-10-26 11:00:00,26354.29,3249.24,370.36,15.05,74.7,6.02,2.3
2023-10-26 12:00:00,25751.55,2972.88,254.26,14.74,82.5,5.66,22.4
2023-10-26 13:00:00,26596.22,2531.95,0.0,14.93,81.1,1.79,37.7
2023-10-26 14:00:00,25127.95,2004.48,7.4,15.56,91.3,3.81,51.1
2023-10-26 15:00:00,25741.67,1942.22,712.2,18.08,86.1,6.8,42.8
2023-10-26 16:00:00,26383.87,1720.99,0.0,17.92,80.8,0.5,29.9
2023-10-26 17:00:00,27475.99,1228.89,0.0,18.76,77.8,1.79,31.1
2023-10-26 18:00:00,29166.76,627.62,9864.84,18.09,66.0,14.44,29.3
2023-10-26 19:00:00,28615.85,110.37,960.85,16.6,80.0,7.17,22.3
2023-10-26 20:00:00,26274.83,0.0,127.68,15.25,75.4,5.12,9.2
2023-10-26 21:00:00,25789.89,0.0,695.25,13.9,78.4,6.78,11.4
2023-10-26 22:00:00,23184.8,0.0,3595.71,13.41,71.9,9.48,9.0
2023-10-26 23:00:00,21067.0,0.0,4130.22,13.81,83.6,9.71,19.9
2023-10-27 00:00:00,19009.87,0.0,147.58,12.95,79.4,5.21,29.4
2023-10-27 01:00:00,17619.1,0.0,645.17,13.43,88.4,6.68,42.8
2023-10-27 02:00:00,17530.38,0.0,1647.81,11.74,89.8,8.01,26.4
2023-10-27 03:00:00,17971.61,0.0,0.07,11.05,86.6,3.18,31.8
2023-10-27 04:00:00,18771.56,0.0,9289.96,10.38,92.1,12.48,23.0
2023-10-27 05:00:00,20178.17,0.0,431.13,11.21,79.7,6.23,9.4
2023-10-27 06:00:00,22100.91,228.53,218.49,11.57,83.9,5.56,6.9
2023-10-27 07:00:00,25165.33,727.19,6659.06,13.38,77.7,10.87,22.7
2023-10-27 08:00:00,26012.92,1319.78,0.0,13.48,86.1,2.85,19.3
2023-10-27 09:00:00,26280.0,1621.29,0.0,14.8,88.7,1.47,39.5
2023-10-27 10:00:00,25776.56,1850.92,854.44,16.82,85.6,6.97,45.2
2023-10-27 11:00:00,25583.82,2314.51,24.38,15.68,82.2,4.22,38.8
2023-10-27 12:00:00,26097.5,2168.07,1028.65,19.13,76.6,7.26,51.8
2023-10-27 13:00:00,25052.94,2119.8,0.0,19.54,80.8,0.89,54.7
2023-10-27 14:00:00,24491.09,2264.73,3.68,17.78,85.7,3.65,40.8
2023-10-27 15:00:00,25954.53,1500.64,0.0,18.25,86.5,2.43,62.0
2023-10-27 16:00:00,25959.97,1262.85,682.75,18.22,79.6,6.67,61.4
2023-10-27 17:00:00,27351.33,908.1,0.0,17.75,81.2,2.53,58.1
2023-10-27 18:00:00,28512.3,565.48,49.38,18.17,86.7,4.54,44.6
2023-10-27 19:00:00,27381.33,170.64,1775.63,18.03,87.0,8.18,57.2
2023-10-27 20:00:00,26098.3,0.0,5024.01,17.17,82.1,10.15,60.3
2023-10-27 21:00:00,25722.22,0.0,1378.2,16.38,82.1,7.65,64.4
2023-10-27 22:00:00,22834.23,0.0,200.58,14.95,86.2,5.47,54.4
2023-10-27 23:00:00,20915.22,0.0,796.24,15.69,82.0,6.89,61.6
2023-10-28 00:00:00,15874.23,0.0,1901.39,12.68,94.9,8.18,69.1
2023-10-28 01:00:00,15303.04,0.0,5993.52,12.0,99.0,10.67,56.6
2023-10-28 02:00:00,14749.28,0.0,7231.65,11.52,82.6,11.05,36.6
2023-10-28 03:00:00,14421.6,0.0,9637.03,12.18,88.9,12.06,42.9
2023-10-28 04:00:00,15567.45,0.0,4410.75,11.3,91.1,9.83,22.7
2023-10-28 05:00:00,17649.23,0.0,8.84,9.8,91.7,3.87,25.6
2023-10-28 06:00:00,18986.46,259.08,2536.63,10.8,85.5,8.77,21.0
2023-10-28 07:00:00,21580.08,617.12,3187.17,12.15,87.6,9.32,36.9
2023-10-28 08:00:00,21778.36,1152.32,4467.73,14.97,78.3,10.0,31.5
2023-10-28 09:00:00,22356.9,1505.89,6280.46,14.74,85.5,10.69,44.8
2023-10-28 10:00:00,22670.69,2001.29,199.04,17.27,82.1,5.47,37.1
2023-10-28 11:00:00,22214.5,2127.59,523.33,20.97,83.2,6.41,48.4
2023-10-28 12:00:00,22366.43,1591.41,0.0,21.33,81.4,0.5,71.1
2023-10-28 13:00:00,22271.05,2070.68,150.21,20.5,79.9,5.26,53.6
2023-10-28 14:00:00,21847.3,1887.65,31.99,20.45,77.2,4.34,54.4
2023-10-28 15:00:00,22623.86,1038.23,6161.82,20.58,89.3,10.77,84.7
2023-10-28 16:00:00,22702.24,918.55,2980.44,20.98,89.5,8.99,79.1
2023-10-28 17:00:00,24524.18,717.97,1188.24,19.77,89.4,7.46,74.2
2023-10-28 18:00:00,24858.81,346.93,0.0,20.68,82.0,0.91,78.5
2023-10-28 19:00:00,24477.78,93.56,33.37,18.32,89.3,4.35,73.4
2023-10-28 20:00:00,23215.08,0.0,876.93,15.2,84.0,7.08,47.9
2023-10-28 21:00:00,21809.26,0.0,0.0,15.23,93.6,1.28,59.5
2023-10-28 22:00:00,20481.63,0.0,10.92,11.47,87.3,3.95,32.1
2023-10-28 23:00:00,18951.43,0.0,5516.97,10.23,82.4,10.47,27.1
2023-10-29 00:00:00,15474.75,0.0,1.72,12.59,88.0,3.51,42.2
2023-10-29 01:00:00,15556.57,0.0,0.0,11.74,90.6,2.71,36.7
2023-10-29 02:00:00,14969.94,0.0,1203.41,9.96,90.0,7.52,27.8
2023-10-29 03:00:00,15460.75,0.0,9922.83,9.74,90.0,12.54,38.8
2023-10-29 04:00:00,15427.22,0.0,5082.72,9.86,86.8,10.15,27.7
2023-10-29 05:00:00,17653.12,0.0,9909.09,10.54,80.7,13.69,13.6
2023-10-29 06:00:00,19411.6,146.79,2597.3,12.03,82.3,8.83,19.0
2023-10-29 07:00:00,21591.04,695.22,304.69,11.84,80.6,5.83,18.4
2023-10-29 08:00:00,21830.04,1406.8,8987.81,14.89,80.3,11.66,5.0
2023-10-29 09:00:00,21596.39,2009.09,127.31,16.32,73.5,5.14,15.9
2023-10-29 10:00:00,22570.23,2298.78,24.37,18.27,76.8,4.24,23.4
2023-10-29 11:00:00,22593.39,2805.79,64.0,18.6,75.2,4.71,20.1
2023-10-29 12:00:00,22686.17,2969.64,1526.59,20.92,75.0,7.86,18.0
2023-10-29 13:00:00,21440.14,2701.18,3707.15,21.24,76.9,9.48,25.3
2023-10-29 14:00:00,22063.68,2224.33,1.23,21.88,78.2,3.45,40.3
2023-10-29 15:00:00,22493.04,2041.04,24.05,20.87,77.2,4.22,35.9
2023-10-29 16:00:00,22494.11,1495.18,2825.9,19.53,75.3,8.92,43.3
2023-10-29 17:00:00,24152.44,999.55,0.0,19.8,76.2,0.57,48.7
2023-10-29 18:00:00,24472.87,476.88,1212.22,18.5,81.0,7.48,57.2
2023-10-29 19:00:00,24088.28,103.7,70.32,16.54,89.5,4.76,54.6
2023-10-29 20:00:00,23462.46,0.0,39.78,14.72,85.9,4.45,40.9
2023-10-29 21:00:00,21959.44,0.0,159.3,14.32,88.0,5.3,34.3
2023-10-29 22:00:00,20632.38,0.0,187.42,12.41,92.2,5.39,38.1
2023-10-29 23:00:00,17953.73,0.0,2428.84,11.19,92.2,8.62,59.1
2023-10-30 00:00:00,19580.14,0.0,8334.11,10.07,94.6,11.63,50.2
2023-10-30 01:00:00,20995.53,0.0,632.7,7.26,99.0,6.68,57.6
2023-10-30 02:00:00,21843.09,0.0,4956.1,5.35,99.0,10.13,50.6
2023-10-30 03:00:00,21315.8,0.0,2776.78,5.83,98.1,8.95,49.7
2023-10-30 04:00:00,22247.35,0.0,216.79,5.42,99.0,5.56,65.7
2023-10-30 05:00:00,22074.29,0.0,1133.85,7.33,99.0,7.46,70.8
2023-10-30 06:00:00,23369.9,81.33,1542.09,9.34,95.8,7.96,51.3
2023-10-30 07:00:00,24762.79,537.71,0.0,11.24,87.6,1.75,42.1
2023-10-30 08:00:00,26182.43,904.24,143.18,14.45,92.4,5.22,55.9
2023-10-30 09:00:00,25729.35,1327.79,9896.47,15.53,83.9,14.51,54.7
2023-10-30 10:00:00,25672.49,1941.04,614.05,17.43,83.0,6.53,38.2
2023-10-30 11:00:00,25723.78,2568.65,7.38,17.85,79.8,3.83,27.6
2023-10-30 12:00:00,25986.46,2493.83,0.0,21.49,73.4,2.91,36.6
2023-10-30 13:00:00,25744.59,2139.98,0.0,24.22,75.3,2.37,47.9
2023-10-30 14:00:00,25723.18,2090.55,6.54,24.38,74.2,3.79,46.2
2023-10-30 15:00:00,25851.13,1242.01,0.0,24.66,79.9,2.07,74.2
2023-10-30 16:00:00,26776.46,842.87,0.0,25.67,79.9,1.55,79.0
2023-10-30 17:00:00,27726.09,651.66,3.04,24.64,79.4,3.62,70.4
2023-10-30 18:00:00,28866.59,492.6,277.16,22.8,78.6,5.73,56.0
2023-10-30 19:00:00,26998.72,116.85,0.0,22.47,75.1,2.23,41.4
2023-10-30 20:00:00,27001.69,0.0,0.0,21.07,73.2,1.25,44.3
2023-10-30 21:00:00,25589.67,0.0,0.0,19.71,77.0,1.38,36.9
2023-10-30 22:00:00,21788.84,0.0,23.64,17.24,87.0,4.21,56.4
2023-10-30 23:00:00,20624.84,0.0,7.65,13.96,94.6,3.84,71.1
2023-10-31 00:00:00,19370.23,0.0,761.21,12.9,99.0,6.87,74.1
2023-10-31 01:00:00,17755.58,0.0,542.69,13.02,94.0,6.41,54.9
2023-10-31 02:00:00,17988.93,0.0,206.78,12.12,86.6,5.52,44.1
2023-10-31 03:00:00,16975.67,0.0,5080.63,13.39,91.0,10.18,57.7
2023-10-31 04:00:00,18046.56,0.0,809.65,12.55,89.1,6.91,47.8
2023-10-31 05:00:00,20486.24,0.0,0.25,11.7,94.5,3.27,59.4
2023-10-31 06:00:00,22872.75,173.72,103.57,12.3,94.2,4.98,61.8
2023-10-31 07:00:00,24581.66,526.15,9814.07,13.12,94.8,13.16,58.9
2023-10-31 08:00:00,24868.14,986.26,9400.28,15.05,87.4,13.11,47.2
2023-10-31 09:00:00,25661.4,1488.33,6.56,15.32,90.5,3.8,44.2
2023-10-31 10:00:00,24984.07,1764.59,0.0,18.01,83.0,2.72,45.0
2023-10-31 11:00:00,25767.71,1768.04,122.13,21.19,77.0,5.08,55.9
2023-10-31 12:00:00,26134.11,2288.78,67.46,21.87,74.1,4.72,42.4
2023-10-31 13:00:00,25016.8,2348.31,11.97,23.76,74.7,3.98,38.0
2023-10-31 14:00:00,25331.08,2269.11,78.33,22.76,67.1,4.78,37.8
2023-10-31 15:00:00,25481.16,1775.4,0.0,23.88,68.4,2.41,45.0
2023-10-31 16:00:00,27388.9,1642.19,0.0,24.59,69.8,1.34,32.6
2023-10-31 17:00:00,27990.14,1298.95,151.77,24.72,69.4,5.24,16.7
2023-10-31 18:00:00,28686.19,672.1,4633.35,23.57,74.9,10.06,26.6
2023-10-31 19:00:00,27931.67,198.21,0.0,18.97,70.8,2.14,9.1
2023-10-31 20:00:00,27172.15,0.0,928.3,16.97,83.3,7.17,27.2
2023-10-31 21:00:00,25845.05,0.0,151.19,14.96,81.8,5.23,25.9
2023-10-31 22:00:00,23433.72,0.0,37.79,12.6,74.3,4.42,8.1
2023-10-31 23:00:00,21104.26,0.0,4483.84,11.61,81.0,9.87,5.2
2023-11-01 00:00:00,19589.11,0.0,454.18,9.96,82.9,6.22,13.1
2023-11-01 01:00:00,20804.27,0.0,1156.35,8.34,90.2,7.42,9.0
2023-11-01 02:00:00,20787.9,0.0,561.17,6.79,89.4,6.43,12.0
2023-11-01 03:00:00,19831.56,0.0,0.37,6.0,88.3,3.3,23.3
2023-11-01 04:00:00,20118.4,0.0,1267.88,7.6,84.8,7.64,21.9
2023-11-01 05:00:00,22097.8,0.0,391.31,7.46,88.4,6.12,11.9
2023-11-01 06:00:00,24859.93,161.03,0.0,7.81,78.1,3.02,10.7
2023-11-01 07:00:00,25841.45,552.85,949.95,8.48,89.6,7.09,30.3
2023-11-01 08:00:00,27095.38,923.15,0.0,10.2,95.3,1.07,50.7
2023-11-01 09:00:00,26391.5,1670.77,0.81,12.11,80.9,3.4,24.3
2023-11-01 10:00:00,27000.02,1983.09,1677.7,10.12,95.4,7.99,38.3
2023-11-01 11:00:00,27286.04,2189.38,0.0,12.72,93.1,0.84,40.6
2023-11-01 12:00:00,25438.33,2103.61,390.87,15.52,82.9,6.08,50.6
2023-11-01 13:00:00,26148.6,2241.78,5371.08,15.25,83.9,10.42,41.8
2023-11-01 14:00:00,24962.03,2676.68,0.0,14.84,84.1,1.91,19.4
2023-11-01 15:00:00,25777.07,2105.87,9.15,14.74,82.4,3.87,28.0
2023-11-01 16:00:00,27005.42,1869.79,133.9,14.0,75.1,5.16,17.2
2023-11-01 17:00:00,28259.42,1407.33,27.19,14.05,76.3,4.29,2.3
2023-11-01 18:00:00,29616.28,791.36,310.59,11.4,76.6,5.85,0.0
2023-11-01 19:00:00,30242.71,129.45,33.6,9.55,87.6,4.37,2.3
2023-11-01 20:00:00,28245.13,0.0,0.0,10.5,85.6,2.54,7.6
2023-11-01 21:00:00,28237.64,0.0,0.0,8.53,87.8,2.2,19.9
2023-11-01 22:00:00,25033.52,0.0,1906.43,8.99,91.3,8.19,29.4
2023-11-01 23:00:00,23078.99,0.0,27.74,8.46,85.1,4.26,24.7
2023-11-02 00:00:00,22766.66,0.0,4557.22,5.46,91.6,10.03,24.9
2023-11-02 01:00:00,21857.27,0.0,2885.24,5.7,99.0,8.91,19.6
2023-11-02 02:00:00,20944.29,0.0,0.0,5.33,93.4,2.8,18.6
2023-11-02 03:00:00,21181.34,0.0,49.32,4.9,95.0,4.54,8.6
2023-11-02 04:00:00,21268.69,0.0,146.23,5.59,93.2,5.26,16.2
2023-11-02 05:00:00,22537.49,0.0,1192.39,6.81,99.0,7.52,31.0
2023-11-02 06:00:00,23446.19,154.76,3704.53,8.53,81.4,9.5,21.3
2023-11-02 07:00:00,25062.39,488.41,0.0,10.94,89.4,2.41,38.0
2023-11-02 08:00:00,25989.85,1116.21,15.2,12.58,94.6,4.06,38.7
2023-11-02 09:00:00,27144.57,1475.77,70.98,12.31,92.8,4.76,40.8
2023-11-02 10:00:00,26735.33,2285.73,0.0,13.13,87.8,2.87,19.4
2023-11-02 11:00:00,25245.84,3110.73,190.5,17.65,71.3,5.47,0.0
2023-11-02 12:00:00,25771.86,3113.86,64.11,19.36,68.0,4.69,4.9
2023-11-02 13:00:00,25378.58,2821.03,0.21,22.6,64.7,3.25,17.7
2023-11-02 14:00:00,25529.2,2840.84,62.46,24.35,60.4,4.68,11.4
2023-11-02 15:00:00,25948.3,2001.87,0.81,24.43,73.5,3.4,33.9
2023-11-02 16:00:00,27019.25,1409.19,0.53,24.25,74.7,3.34,42.5
2023-11-02 17:00:00,27215.07,1157.75,0.0,23.39,70.6,2.84,30.4
2023-11-02 18:00:00,28291.75,617.33,137.94,20.4,77.2,5.18,31.0
2023-11-02 19:00:00,27930.79,127.46,64.35,19.24,84.9,4.68,60.9
2023-11-02 20:00:00,26700.38,0.0,0.0,19.24,83.5,2.99,42.5
2023-11-02 21:00:00,24835.94,0.0,0.0,17.09,87.8,0.86,47.6
2023-11-02 22:00:00,22360.12,0.0,0.07,16.11,79.7,3.18,41.9
2023-11-02 23:00:00,20161.42,0.0,0.0,15.68,87.4,2.13,49.2
2023-11-03 00:00:00,19169.01,0.0,353.64,13.23,86.4,6.03,62.5
2023-11-03 01:00:00,18318.54,0.0,55.25,11.79,93.6,4.59,54.3
2023-11-03 02:00:00,18620.61,0.0,458.57,10.06,99.0,6.25,65.1
2023-11-03 03:00:00,18582.78,0.0,242.4,8.93,99.0,5.59,87.8
2023-11-03 04:00:00,19974.39,0.0,1008.83,7.67,99.0,7.17,82.0
2023-11-03 05:00:00,22138.96,0.0,2604.47,7.25,99.0,8.71,85.4
2023-11-03 06:00:00,22374.02,105.26,501.48,9.71,99.0,6.4,72.0
2023-11-03 07:00:00,26185.2,353.57,0.0,9.73,98.1,2.44,67.5
2023-11-03 08:00:00,26258.58,780.12,0.0,11.12,91.0,1.31,61.1
2023-11-03 09:00:00,27438.64,954.8,1.22,11.89,95.9,3.45,67.2
2023-11-03 10:00:00,26324.2,1085.06,78.63,14.54,88.4,4.82,77.5
2023-11-03 11:00:00,25094.08,1418.2,0.0,17.16,88.7,0.97,70.8
2023-11-03 12:00:00,25824.89,1219.08,2.02,19.04,88.7,3.53,84.6
2023-11-03 13:00:00,25356.89,918.24,2749.06,20.03,91.6,8.82,96.7
2023-11-03 14:00:00,25530.49,748.58,0.0,20.12,90.4,1.05,99.1
2023-11-03 15:00:00,26427.53,926.35,4899.5,18.87,84.8,10.21,84.9
2023-11-03 16:00:00,26617.24,1032.81,1921.8,20.82,83.2,8.17,71.3
2023-11-03 17:00:00,27398.42,815.86,1562.56,19.36,86.8,7.92,56.9
2023-11-03 18:00:00,27571.41,402.21,2423.56,19.23,90.4,8.59,65.3
2023-11-03 19:00:00,28192.75,159.1,0.0,19.28,90.5,1.48,46.8
2023-11-03 20:00:00,27042.33,0.0,0.0,17.32,91.8,2.56,53.2
2023-11-03 21:00:00,25645.27,0.0,0.0,17.07,76.7,2.7,37.7
2023-11-03 22:00:00,22601.26,0.0,0.0,16.47,83.1,2.77,47.0
2023-11-03 23:00:00,20362.5,0.0,104.79,16.97,83.5,4.98,45.4
2023-11-04 00:00:00,14956.53,0.0,4001.95,14.91,89.8,9.78,60.0
2023-11-04 01:00:00,14904.66,0.0,80.47,12.44,96.5,4.81,70.4
2023-11-04 02:00:00,14105.58,0.0,82.55,11.22,99.0,4.87,83.1
2023-11-04 03:00:00,14857.05,0.0,2140.57,11.15,99.0,8.4,94.6
2023-11-04 04:00:00,15255.4,0.0,1.22,11.23,99.0,3.45,88.8
2023-11-04 05:00:00,16494.78,0.0,246.99,11.13,99.0,5.67,68.2
2023-11-04 06:00:00,20006.57,112.5,104.91,9.69,92.8,4.97,51.3
2023-11-04 07:00:00,22079.77,624.51,4106.5,11.22,87.9,9.78,24.0
2023-11-04 08:00:00,22765.28,1287.97,411.34,14.54,82.8,6.14,12.0
2023-11-04 09:00:00,21835.77,1810.67,768.32,16.16,79.1,6.93,15.3
2023-11-04 10:00:00,22701.45,2416.29,0.0,17.91,74.3,2.34,10.6
2023-11-04 11:00:00,23102.05,2682.05,4796.09,19.51,75.2,10.2,11.1
2023-11-04 12:00:00,22142.14,2733.48,1.53,20.72,68.3,3.49,19.6
2023-11-04 13:00:00,22731.01,2824.82,537.07,22.28,67.2,6.46,17.5
2023-11-04 14:00:00,21708.12,2902.98,5308.01,22.91,67.5,10.48,5.8
2023-11-04 15:00:00,22339.87,2516.55,52.27,22.45,58.4,4.58,8.4
2023-11-04 16:00:00,22122.84,2101.17,55.66,21.16,72.2,4.61,0.5
2023-11-04 17:00:00,23259.73,1437.51,0.0,20.22,69.2,1.48,1.1
2023-11-04 18:00:00,24100.98,649.95,14.07,19.65,74.4,4.02,21.0
2023-11-04 19:00:00,25038.43,141.1,2504.56,18.14,68.9,8.66,19.1
2023-11-04 20:00:00,23069.36,0.0,0.0,17.19,77.3,2.4,42.0
2023-11-04 21:00:00,21434.0,0.0,5702.03,16.29,86.1,10.51,58.0
2023-11-04 22:00:00,19520.47,0.0,1200.46,15.79,89.1,7.43,48.0
2023-11-04 23:00:00,16597.25,0.0,249.51,15.83,73.7,5.7,32.8
2023-11-05 00:00:00,15699.1,0.0,807.34,14.43,87.0,6.93,32.3
2023-11-05 01:00:00,15860.12,0.0,10.12,11.96,89.4,3.91,46.2
2023-11-05 02:00:00,13899.83,0.0,56.82,10.93,89.5,4.64,38.7
2023-11-05 03:00:00,15134.42,0.0,147.7,10.68,94.3,5.25,48.9
2023-11-05 04:00:00,15299.71,0.0,362.49,8.69,99.0,5.98,61.4
2023-11-05 05:00:00,16284.15,0.0,8228.26,10.69,90.4,11.5,48.7
2023-11-05 06:00:00,19190.67,155.14,213.9,11.52,92.0,5.54,38.7
2023-11-05 07:00:00,20723.75,510.68,586.06,12.83,80.4,6.5,46.5
2023-11-05 08:00:00,22109.62,903.1,0.33,15.38,84.3,3.29,46.7
2023-11-05 09:00:00,22359.53,1446.28,1439.04,15.72,83.8,7.79,36.7
2023-11-05 10:00:00,21666.84,1966.28,317.48,17.45,78.2,5.88,32.0
2023-11-05 11:00:00,22795.84,2334.95,59.69,18.31,70.9,4.64,31.3
2023-11-05 12:00:00,22434.55,2890.73,5567.01,18.95,75.7,10.52,12.7
2023-11-05 13:00:00,22117.47,2611.95,2755.04,18.72,70.8,8.89,24.2
2023-11-05 14:00:00,21708.38,2565.99,312.93,20.96,71.3,5.89,19.5
2023-11-05 15:00:00,22475.35,2612.02,3445.37,20.53,67.9,9.42,0.0
2023-11-05 16:00:00,22317.75,2060.6,115.72,20.98,66.7,5.07,0.0
2023-11-05 17:00:00,23646.39,1413.95,1586.23,18.26,75.1,7.85,0.0
2023-11-05 18:00:00,24944.42,657.8,21.48,18.74,73.1,4.16,14.2
2023-11-05 19:00:00,24863.57,218.74,0.0,18.78,73.8,1.57,9.4
2023-11-05 20:00:00,23190.96,0.0,9763.87,17.55,71.2,14.52,0.0
2023-11-05 21:00:00,22032.69,0.0,0.0,15.87,78.5,3.01,9.2
2023-11-05 22:00:00,19559.58,0.0,17.02,14.91,81.7,4.08,4.1
2023-11-05 23:00:00,17087.52,0.0,2.68,16.1,74.0,3.59,0.0
2023-11-06 00:00:00,18690.13,0.0,163.77,12.65,83.6,5.3,8.6
2023-11-06 01:00:00,18161.46,0.0,131.23,12.56,84.2,5.12,0.0
2023-11-06 02:00:00,18310.22,0.0,1308.34,10.86,86.2,7.69,0.0
2023-11-06 03:00:00,19036.7,0.0,9807.06,10.53,82.7,16.7,11.9
2023-11-06 04:00:00,18367.41,0.0,0.0,10.29,91.1,2.85,21.4
2023-11-06 05:00:00,19880.56,0.0,3241.91,10.18,87.6,9.31,19.6
2023-11-06 06:00:00,23977.15,136.28,1.59,10.86,90.5,3.49,21.1
2023-11-06 07:00:00,25501.46,662.87,0.0,10.53,90.7,1.66,28.6
2023-11-06 08:00:00,26195.24,979.24,991.42,12.83,89.3,7.17,40.8
2023-11-06 09:00:00,26883.58,1561.83,3688.55,12.04,88.6,9.61,30.8
2023-11-06 10:00:00,26608.89,1916.87,0.0,13.94,86.4,2.8,35.4
2023-11-06 11:00:00,26598.48,2280.52,9.86,14.76,83.8,3.89,29.0
2023-11-06 12:00:00,26390.45,2538.12,0.0,14.51,81.9,2.19,27.2
2023-11-06 13:00:00,26167.1,2455.93,3262.79,15.61,80.6,9.22,29.8
2023-11-06 14:00:00,25824.23,2304.05,0.0,14.47,90.3,2.77,30.1
2023-11-06 15:00:00,26455.06,1776.94,16.06,14.88,86.9,4.08,39.3
2023-11-06 16:00:00,27762.04,1322.95,2787.3,13.33,86.1,8.85,44.3
2023-11-06 17:00:00,28125.33,1057.95,116.53,13.62,82.0,5.09,24.8
2023-11-06 18:00:00,29407.62,679.53,4941.06,12.05,85.7,10.07,9.5
2023-11-06 19:00:00,28978.53,150.84,4656.42,10.83,79.9,10.14,7.9
2023-11-06 20:00:00,28398.91,0.0,119.05,10.27,83.9,5.1,32.8
2023-11-06 21:00:00,27828.52,0.0,499.19,8.42,84.2,6.37,22.6
2023-11-06 22:00:00,25570.92,0.0,9.71,7.4,84.0,3.9,21.3
2023-11-06 23:00:00,25090.81,0.0,9990.4,4.84,88.1,14.75,16.3
2023-11-07 00:00:00,23321.42,0.0,86.91,4.68,87.7,4.84,11.8
2023-11-07 01:00:00,22016.11,0.0,3373.25,6.15,97.0,9.36,16.4
2023-11-07 02:00:00,18835.07,0.0,179.25,8.89,92.2,5.42,35.2
2023-11-07 03:00:00,19364.15,0.0,202.92,8.79,92.3,5.47,40.4
2023-11-07 04:00:00,18824.65,0.0,2.02,9.77,84.0,3.53,29.9
2023-11-07 05:00:00,21833.84,0.0,996.44,8.2,99.0,7.23,63.3
2023-11-07 06:00:00,23093.1,69.69,48.87,10.65,89.3,4.56,60.6
2023-11-07 07:00:00,25426.68,458.8,1.19,12.42,89.7,3.45,50.4
2023-11-07 08:00:00,25728.18,711.35,8.9,12.93,99.0,3.87,65.2
2023-11-07 09:00:00,25846.15,1190.95,6.07,15.46,90.9,3.77,55.7
2023-11-07 10:00:00,26246.6,1173.24,195.72,16.26,90.6,5.43,73.0
2023-11-07 11:00:00,26237.38,1686.35,24.04,16.79,89.7,4.23,57.7
2023-11-07 12:00:00,24580.49,1470.21,0.0,18.21,86.4,1.18,71.9
2023-11-07 13:00:00,25193.34,1505.33,96.63,17.69,85.4,4.96,69.6
2023-11-07 14:00:00,25656.55,1155.65,982.42,19.25,96.0,7.22,80.7
2023-11-07 15:00:00,25605.59,717.79,126.17,18.15,90.5,5.11,97.8
2023-11-07 16:00:00,26705.47,886.6,8282.7,16.8,90.2,11.47,76.5
2023-11-07 17:00:00,28164.08,420.29,0.0,15.36,97.3,1.28,86.5
2023-11-07 18:00:00,28274.75,384.6,1698.65,15.53,86.3,7.96,63.2
2023-11-07 19:00:00,28541.05,37.21,136.94,13.9,90.9,5.16,47.0
2023-11-07 20:00:00,28693.49,0.0,219.29,11.35,87.8,5.57,35.7
2023-11-07 21:00:00,27534.01,0.0,318.52,9.6,95.6,5.86,41.4
2023-11-07 22:00:00,24769.58,0.0,63.23,8.52,96.6,4.67,40.8
2023-11-07 23:00:00,23982.44,0.0,102.8,6.25,95.8,4.96,37.9
2023-11-08 00:00:00,23676.87,0.0,1395.2,4.03,99.0,7.65,39.2
2023-11-08 01:00:00,21071.86,0.0,0.0,5.91,96.4,2.61,45.5
2023-11-08 02:00:00,22379.21,0.0,1267.07,4.64,99.0,7.59,52.1
2023-11-08 03:00:00,21749.76,0.0,2786.07,4.32,99.0,8.88,62.9
2023-11-08 04:00:00,22417.35,0.0,285.4,4.29,99.0,5.76,81.2
2023-11-08 05:00:00,24362.67,0.0,47.09,4.53,99.0,4.52,75.2
2023-11-08 06:00:00,24889.17,12.18,28.79,6.21,99.0,4.3,63.9
2023-11-08 07:00:00,26212.9,341.07,0.0,8.43,99.0,2.71,67.6
2023-11-08 08:00:00,27442.31,854.89,0.0,9.36,94.0,2.52,49.7
2023-11-08 09:00:00,27501.34,1377.13,0.0,9.37,89.5,3.02,39.6
2023-11-08 10:00:00,27428.35,1473.98,0.0,12.21,90.8,0.73,50.8
2023-11-08 11:00:00,26090.88,1902.53,0.33,13.36,85.2,3.29,47.2
2023-11-08 12:00:00,24742.64,2340.57,0.61,16.36,83.0,3.36,31.0
2023-11-08 13:00:00,26195.46,2802.43,10000.0,14.64,76.4,14.06,13.4
2023-11-08 14:00:00,25419.74,2507.08,9307.94,15.46,77.3,13.18,16.3
2023-11-08 15:00:00,25337.2,1885.47,0.0,17.85,82.9,2.01,32.0
2023-11-08 16:00:00,26487.68,1324.87,0.0,17.27,85.7,2.28,45.7
2023-11-08 17:00:00,27748.41,888.16,56.67,16.54,84.3,4.61,45.5
2023-11-08 18:00:00,27956.12,368.32,0.0,16.12,91.2,2.0,68.2
2023-11-08 19:00:00,28675.14,108.32,125.49,14.51,91.4,5.14,62.7
2023-11-08 20:00:00,27876.69,0.0,56.44,13.04,90.4,4.62,57.5
2023-11-08 21:00:00,27178.85,0.0,35.07,11.48,85.9,4.36,23.8
2023-11-08 22:00:00,24359.9,0.0,3160.91,9.62,89.4,9.14,19.5
2023-11-08 23:00:00,22098.34,0.0,3578.86,9.92,89.5,9.5,31.4
2023-11-09 00:00:00,20453.65,0.0,10000.0,9.24,97.4,14.64,50.5
2023-11-09 01:00:00,19653.81,0.0,52.97,8.74,90.0,4.57,38.5
2023-11-09 02:00:00,19284.4,0.0,6818.68,9.13,91.7,11.04,43.4
2023-11-09 03:00:00,19494.64,0.0,1003.47,8.59,94.7,7.21,54.8
2023-11-09 04:00:00,20300.13,0.0,1293.75,7.85,95.8,7.61,52.3
2023-11-09 05:00:00,21646.71,0.0,6727.21,7.66,96.1,11.08,22.6
2023-11-09 06:00:00,23648.79,78.72,10000.0,8.47,93.8,12.06,26.9
2023-11-09 07:00:00,26163.06,550.54,1917.85,8.33,89.2,8.3,36.8
2023-11-09 08:00:00,27110.01,1061.24,83.88,9.04,91.3,4.85,25.0
2023-11-09 09:00:00,27435.62,1578.15,247.11,9.84,86.4,5.63,22.9
2023-11-09 10:00:00,27029.46,2260.02,517.86,13.58,76.8,6.34,10.3
2023-11-09 11:00:00,27932.42,2898.16,1902.37,11.69,73.7,8.31,0.0
2023-11-09 12:00:00,27083.7,2971.35,423.17,12.68,82.3,6.18,0.7
2023-11-09 13:00:00,25462.08,2983.17,3.37,15.53,70.0,3.63,4.6
2023-11-09 14:00:00,25673.17,2293.04,10.66,16.21,79.9,3.92,27.2
2023-11-09 15:00:00,24794.64,1776.15,0.0,17.25,77.6,0.5,38.2
2023-11-09 16:00:00,26248.17,1484.44,3498.05,17.2,83.4,9.52,33.4
2023-11-09 17:00:00,27439.4,1015.0,0.0,15.98,80.4,1.15,32.4
2023-11-09 18:00:00,29803.49,546.04,199.71,12.79,87.4,5.51,39.3
2023-11-09 19:00:00,28859.1,92.58,2929.69,12.2,91.0,8.98,50.1
2023-11-09 20:00:00,28461.45,0.0,73.56,10.35,95.7,4.79,52.0
2023-11-09 21:00:00,27633.58,0.0,2341.74,8.43,99.0,8.53,63.0
2023-11-09 22:00:00,25931.44,0.0,2622.21,6.88,99.0,8.89,55.9
2023-11-09 23:00:00,23295.48,0.0,0.0,7.9,93.2,2.41,41.2
2023-11-10 00:00:00,19939.22,0.0,310.95,9.47,86.4,5.88,39.7
2023-11-10 01:00:00,19961.03,0.0,2084.24,8.91,89.4,8.38,41.4
2023-11-10 02:00:00,20417.56,0.0,470.45,7.87,94.4,6.27,26.0
2023-11-10 03:00:00,20618.37,0.0,1004.61,6.4,88.5,7.27,10.9
2023-11-10 04:00:00,20360.86,0.0,1301.64,7.14,88.1,7.64,18.9
2023-11-10 05:00:00,20737.08,0.0,9.62,9.61,80.9,3.91,15.8
2023-11-10 06:00:00,23527.83,82.99,301.64,10.01,79.1,5.88,15.9
2023-11-10 07:00:00,26491.74,645.51,0.0,8.31,85.0,1.86,13.7
2023-11-10 08:00:00,26585.92,1034.54,0.07,10.3,93.7,3.17,34.3
2023-11-10 09:00:00,26759.34,1247.05,301.73,12.67,88.4,5.81,49.4
2023-11-10 10:00:00,26441.7,1939.78,366.44,12.14,88.8,5.99,32.6
2023-11-10 11:00:00,26344.45,2262.4,0.0,13.57,81.2,2.23,26.3
2023-11-10 12:00:00,26033.76,2171.71,935.43,15.13,86.7,7.16,37.4
2023-11-10 13:00:00,25267.47,2016.27,4.49,15.84,83.4,3.69,44.1
2023-11-10 14:00:00,24773.93,1896.84,3530.37,15.48,80.0,9.43,42.4
2023-11-10 15:00:00,25939.28,1929.07,3.37,16.85,78.2,3.64,27.6
2023-11-10 16:00:00,25399.42,1605.76,0.0,16.25,85.6,1.7,20.1
2023-11-10 17:00:00,27491.63,1084.8,825.17,14.18,87.2,6.99,15.5
2023-11-10 18:00:00,29810.86,583.28,177.62,11.29,87.4,5.41,21.0
2023-11-10 19:00:00,29013.51,121.14,26.06,11.95,89.5,4.24,43.0
2023-11-10 20:00:00,27865.08,0.0,27.95,11.63,89.3,4.29,33.6
2023-11-10 21:00:00,26234.45,0.0,0.0,10.59,87.7,2.87,21.2
2023-11-10 22:00:00,24689.19,0.0,79.37,8.97,88.6,4.79,21.4
2023-11-10 23:00:00,23635.25,0.0,0.0,7.35,96.3,1.88,35.2
2023-11-11 00:00:00,19385.48,0.0,599.6,5.12,94.1,6.58,17.8
2023-11-11 01:00:00,18861.85,0.0,6885.3,4.09,98.3,11.09,37.2
2023-11-11 02:00:00,20727.03,0.0,3867.91,1.5,97.8,9.63,34.7
2023-11-11 03:00:00,21401.48,0.0,0.0,0.89,99.0,2.46,25.7
2023-11-11 04:00:00,21971.69,0.0,6857.62,1.09,99.0,10.91,7.5
2023-11-11 05:00:00,22070.3,0.0,493.86,2.62,97.0,6.38,19.1
2023-11-11 06:00:00,23004.93,179.11,18.12,3.65,96.8,4.1,18.8
2023-11-11 07:00:00,25160.04,568.78,2325.66,5.82,92.4,8.57,22.6
2023-11-11 08:00:00,23892.63,1174.68,61.66,8.69,82.9,4.65,13.1
2023-11-11 09:00:00,23685.59,1802.22,6.34,11.22,82.3,3.78,11.8
2023-11-11 10:00:00,22665.31,2219.68,0.0,13.03,75.8,2.66,8.5
2023-11-11 11:00:00,24016.94,2580.13,113.21,14.22,74.3,5.01,10.3
2023-11-11 12:00:00,23311.29,2926.44,0.0,14.15,82.3,1.4,5.1
2023-11-11 13:00:00,21887.03,2966.16,1021.91,15.8,72.2,7.31,0.0
2023-11-11 14:00:00,22039.81,2144.12,30.27,18.15,74.6,4.32,28.1
2023-11-11 15:00:00,21836.85,2285.17,17.66,18.6,79.5,4.1,12.4
2023-11-11 16:00:00,22739.81,1715.24,0.0,20.44,74.9,0.5,17.1
2023-11-11 17:00:00,24290.33,1368.18,1338.97,18.06,69.2,7.72,0.0
2023-11-11 18:00:00,25302.58,712.03,75.01,15.91,75.4,4.81,0.0
2023-11-11 19:00:00,23974.58,204.3,60.29,15.83,72.9,4.64,0.0
2023-11-11 20:00:00,23335.71,0.0,1432.83,14.88,72.4,7.76,0.0
2023-11-11 21:00:00,22377.48,0.0,0.0,14.99,80.3,1.85,13.7
2023-11-11 22:00:00,20350.23,0.0,103.35,13.55,81.0,4.99,20.9
2023-11-11 23:00:00,17720.29,0.0,818.31,11.27,85.7,6.92,20.6
2023-11-12 00:00:00,17140.96,0.0,456.23,9.74,89.2,6.25,11.0
2023-11-12 01:00:00,16703.86,0.0,23.26,7.21,97.5,4.2,31.7
2023-11-12 02:00:00,17727.14,0.0,163.93,5.52,96.8,5.32,43.1
2023-11-12 03:00:00,16568.72,0.0,167.34,6.53,95.6,5.36,27.0
2023-11-12 04:00:00,16599.49,0.0,10000.0,7.68,87.8,15.55,28.3
2023-11-12 05:00:00,18770.24,0.0,192.7,8.53,93.5,5.41,30.7
2023-11-12 06:00:00,20951.12,26.61,23.69,7.35,93.0,4.22,26.9
2023-11-12 07:00:00,23067.53,492.54,3704.62,8.01,95.6,9.43,37.0
2023-11-12 08:00:00,24396.48,899.75,182.42,7.91,95.4,5.41,46.6
2023-11-12 09:00:00,23594.22,1232.19,156.78,10.61,99.0,5.28,42.8
2023-11-12 10:00:00,23300.61,1703.19,296.57,11.28,86.2,5.79,38.3
2023-11-12 11:00:00,23799.79,1628.79,314.85,11.35,97.9,5.89,55.8
2023-11-12 12:00:00,23117.0,1501.55,226.99,12.55,90.4,5.59,64.3
2023-11-12 13:00:00,22660.05,1599.51,0.0,12.77,95.5,0.5,61.5
2023-11-12 14:00:00,21993.37,1989.9,1307.83,15.08,86.8,7.62,38.6
2023-11-12 15:00:00,22723.32,1661.27,0.0,14.51,86.5,2.08,42.2
2023-11-12 16:00:00,23288.7,1179.7,0.0,12.94,88.3,2.94,49.6
2023-11-12 17:00:00,25652.06,1136.03,0.0,10.3,85.8,2.05,14.6
2023-11-12 18:00:00,26456.78,620.97,1034.65,9.85,88.3,7.29,19.9
2023-11-12 19:00:00,25902.44,167.36,277.11,8.56,95.3,5.79,16.6
2023-11-12 20:00:00,27705.61,0.0,1409.33,6.17,87.9,7.69,16.0
2023-11-12 21:00:00,24482.34,0.0,827.35,6.65,86.3,6.99,7.3
2023-11-12 22:00:00,22139.54,0.0,0.0,6.45,90.3,2.69,8.7
2023-11-12 23:00:00,21570.9,0.0,77.3,5.51,94.4,4.77,28.4
2023-11-13 00:00:00,21699.66,0.0,658.57,6.05,93.1,6.62,23.9
2023-11-13 01:00:00,20397.41,0.0,143.47,6.15,99.0,5.24,36.7
2023-11-13 02:00:00,22351.02,0.0,51.59,4.84,84.6,4.55,26.7
2023-11-13 03:00:00,22270.69,0.0,6443.27,3.66,97.6,10.75,36.6
2023-11-13 04:00:00,22537.05,0.0,3032.01,4.92,91.2,9.08,36.3
2023-11-13 05:00:00,22447.05,0.0,223.92,5.96,92.9,5.56,40.3
2023-11-13 06:00:00,23848.43,133.99,2734.92,7.0,99.0,8.96,39.6
2023-11-13 07:00:00,26957.57,461.8,1059.77,7.14,99.0,7.36,46.6
2023-11-13 08:00:00,26879.26,1180.08,0.0,9.09,90.7,0.79,14.3
2023-11-13 09:00:00,27767.01,1927.99,78.85,9.58,82.3,4.79,0.0
2023-11-13 10:00:00,27543.72,2245.22,6.44,10.83,86.0,3.78,8.7
2023-11-13 11:00:00,26836.09,2753.47,0.0,13.7,69.8,2.89,0.0
2023-11-13 12:00:00,26010.01,2915.51,0.0,13.99,80.6,2.92,0.0
2023-11-13 13:00:00,26798.93,3001.58,4907.46,13.08,74.4,10.16,0.0
2023-11-13 14:00:00,25808.12,2698.54,40.24,12.57,76.3,4.44,0.0
2023-11-13 15:00:00,26197.22,2377.9,1580.37,14.05,78.4,7.99,0.0
2023-11-13 16:00:00,26618.99,1865.62,0.0,14.31,77.2,2.29,0.0
2023-11-13 17:00:00,28881.6,1121.7,0.0,13.8,79.6,2.06,10.3
2023-11-13 18:00:00,29559.99,709.5,2835.63,12.6,73.3,9.04,1.6
2023-11-13 19:00:00,28730.59,162.88,116.61,12.28,79.2,5.08,0.0
2023-11-13 20:00:00,28549.42,0.0,3919.95,10.3,85.4,9.71,0.0
2023-11-13 21:00:00,27790.28,0.0,0.0,9.55,80.5,1.85,0.0
2023-11-13 22:00:00,25278.63,0.0,6229.79,7.62,90.6,10.79,0.0
2023-11-13 23:00:00,23562.67,0.0,251.22,5.64,84.6,5.66,0.0
2023-11-14 00:00:00,23283.96,0.0,5.98,3.96,93.9,3.76,13.8
2023-11-14 01:00:00,23488.3,0.0,1965.78,3.03,99.0,8.31,5.8
2023-11-14 02:00:00,24024.09,0.0,3753.87,2.75,89.4,9.65,0.0
2023-11-14 03:00:00,23490.73,0.0,0.0,3.09,95.9,2.81,0.0
2023-11-14 04:00:00,26856.73,0.0,9867.27,-0.59,99.0,14.87,13.4
2023-11-14 05:00:00,28655.22,0.0,2089.23,-0.56,99.0,8.44,17.7
2023-11-14 06:00:00,29702.74,142.15,131.25,0.25,99.0,5.18,23.2
2023-11-14 07:00:00,30741.07,487.99,1.5,3.36,97.8,3.48,38.2
2023-11-14 08:00:00,31495.66,1046.89,142.69,3.67,99.0,5.19,28.8
2023-11-14 09:00:00,30013.11,1534.0,1.68,5.48,99.0,3.51,26.8
2023-11-14 10:00:00,28173.0,1475.77,176.12,8.73,99.0,5.35,47.3
2023-11-14 11:00:00,28647.83,1915.76,1453.21,8.68,94.6,7.71,43.4
2023-11-14 12:00:00,27287.3,2308.36,421.57,10.41,92.4,6.2,27.1
2023-11-14 13:00:00,26230.28,2502.79,21.91,10.56,86.0,4.18,19.9
2023-11-14 14:00:00,27549.56,2520.29,0.0,10.78,80.0,1.38,10.3
2023-11-14 15:00:00,27851.69,2058.43,5545.0,10.38,90.3,10.54,17.5
2023-11-14 16:00:00,28368.53,1773.28,0.0,9.76,91.0,2.77,8.7
2023-11-14 17:00:00,28109.61,1206.05,0.0,12.66,77.9,2.95,15.0
2023-11-14 18:00:00,28904.42,685.86,397.48,13.0,75.8,6.07,8.5
2023-11-14 19:00:00,27220.9,159.41,1238.4,13.33,77.5,7.57,0.0
2023-11-14 20:00:00,27076.37,0.0,10000.0,12.74,82.0,13.07,0.0
2023-11-14 21:00:00,27810.2,0.0,9613.34,9.73,78.3,12.31,2.0
2023-11-14 22:00:00,25090.7,0.0,5997.89,9.02,87.3,10.73,12.0
2023-11-14 23:00:00,21535.98,0.0,285.13,9.11,82.5,5.81,6.6
2023-11-15 00:00:00,21227.86,0.0,9.13,6.98,89.2,3.87,0.7
2023-11-15 01:00:00,19721.39,0.0,1148.07,7.33,84.9,7.43,9.6
2023-11-15 02:00:00,19571.45,0.0,0.0,7.61,96.1,2.15,30.8
2023-11-15 03:00:00,18786.94,0.0,43.33,9.42,90.0,4.5,31.3
2023-11-15 04:00:00,20219.06,0.0,0.0,8.94,88.9,1.55,36.8
2023-11-15 05:00:00,21914.24,0.0,21.52,8.07,93.1,4.19,32.6
2023-11-15 06:00:00,23655.28,146.85,479.63,8.38,80.1,6.36,14.3
2023-11-15 07:00:00,25089.68,517.07,215.9,10.92,85.6,5.49,28.3
2023-11-15 08:00:00,26658.74,928.97,103.3,9.94,93.4,5.01,39.9
2023-11-15 09:00:00,28404.23,1214.87,2777.65,8.91,88.4,8.94,47.8
2023-11-15 10:00:00,27965.83,1553.34,807.53,10.39,82.2,6.88,44.0
2023-11-15 11:00:00,26596.31,1745.01,5614.68,11.19,83.5,10.42,50.0
2023-11-15 12:00:00,25822.7,1659.93,39.61,12.34,98.7,4.44,58.8
2023-11-15 13:00:00,25744.14,1336.89,0.0,14.28,94.5,2.9,75.3
2023-11-15 14:00:00,25714.03,996.55,0.0,14.21,94.6,1.42,82.3
2023-11-15 15:00:00,26688.22,979.46,331.2,12.42,99.0,5.96,77.3
2023-11-15 16:00:00,25847.62,1060.0,1568.51,14.72,87.9,7.94,56.4
2023-11-15 17:00:00,27820.41,862.31,0.0,13.21,92.5,2.14,55.7
2023-11-15 18:00:00,29378.91,398.79,2630.39,11.41,94.2,8.85,56.2
2023-11-15 19:00:00,28515.47,147.08,162.28,11.83,93.1,5.32,62.1
2023-11-15 20:00:00,28824.67,0.0,0.0,10.35,99.0,2.49,75.0
2023-11-15 21:00:00,28123.97,0.0,777.48,9.17,99.0,6.9,69.0
2023-11-15 22:00:00,24842.23,0.0,422.56,8.58,99.0,6.18,90.0
2023-11-15 23:00:00,23021.86,0.0,0.0,8.7,97.5,1.85,62.2
2023-11-16 00:00:00,21335.5,0.0,276.26,7.15,99.0,5.78,64.1
2023-11-16 01:00:00,19731.25,0.0,3558.18,8.09,88.2,9.38,51.0
2023-11-16 02:00:00,21181.36,0.0,1104.92,5.18,96.4,7.31,26.1
2023-11-16 03:00:00,21225.06,0.0,141.8,5.93,89.0,5.22,24.7
2023-11-16 04:00:00,21505.96,0.0,9199.54,5.19,93.4,11.96,8.4
2023-11-16 05:00:00,21835.02,0.0,65.7,7.25,87.9,4.69,9.6
2023-11-16 06:00:00,23401.91,197.42,60.14,8.15,88.3,4.63,13.0
2023-11-16 07:00:00,26681.9,529.97,133.06,8.37,94.3,5.19,29.0
2023-11-16 08:00:00,27079.25,1159.94,4937.34,10.27,80.8,10.31,11.6
2023-11-16 09:00:00,27111.03,1511.72,273.57,12.47,86.3,5.77,25.2
2023-11-16 10:00:00,26445.46,1897.62,835.66,14.33,83.9,6.95,27.5
2023-11-16 11:00:00,26483.77,1848.06,10000.0,14.23,85.5,12.15,40.7
2023-11-16 12:00:00,26278.59,2087.65,1227.29,14.64,80.5,7.48,34.8
2023-11-16 13:00:00,25575.57,2495.2,0.0,15.39,81.5,2.04,18.8
2023-11-16 14:00:00,25583.84,2499.36,1027.9,15.81,78.2,7.23,6.0
2023-11-16 15:00:00,26160.03,2330.76,671.34,16.79,72.9,6.73,0.0
2023-11-16 16:00:00,26303.93,1820.79,0.0,14.35,72.8,2.45,4.5
2023-11-16 17:00:00,28644.94,1040.84,0.43,14.32,80.3,3.32,25.9
2023-11-16 18:00:00,29108.25,553.77,644.14,13.29,82.2,6.68,20.1
2023-11-16 19:00:00,29914.46,85.24,0.0,11.44,90.1,3.06,29.4
2023-11-16 20:00:00,28251.43,0.0,0.01,9.59,79.2,3.09,11.7
2023-11-16 21:00:00,27221.83,0.0,1212.97,8.27,86.3,7.46,16.6
2023-11-16 22:00:00,28875.69,0.0,4701.74,3.23,96.6,10.05,26.8
2023-11-16 23:00:00,27694.92,0.0,0.0,1.7,95.9,2.62,10.3
2023-11-17 00:00:00,27106.69,0.0,392.32,-0.04,93.6,6.14,11.0
2023-11-17 01:00:00,25670.43,0.0,1273.85,0.23,99.0,7.62,22.4
2023-11-17 02:00:00,26623.26,0.0,2003.88,-0.75,95.8,8.36,0.0
2023-11-17 03:00:00,26720.47,0.0,9604.82,-0.73,95.4,16.61,10.2
2023-11-17 04:00:00,24206.48,0.0,2025.97,1.53,97.7,8.42,17.4
2023-11-17 05:00:00,24591.99,0.0,1440.77,3.39,96.1,7.73,28.1
2023-11-17 06:00:00,25859.81,189.34,9911.5,5.34,96.5,14.88,23.9
2023-11-17 07:00:00,28247.17,645.09,0.0,5.91,85.3,2.42,4.5
2023-11-17 08:00:00,27972.9,1077.91,0.0,7.82,89.1,2.32,14.6
2023-11-17 09:00:00,27553.11,1651.13,418.07,8.91,84.3,6.2,16.0
2023-11-17 10:00:00,27621.52,2013.42,29.65,10.05,84.2,4.31,18.6
2023-11-17 11:00:00,26890.23,1932.23,0.0,11.78,89.1,1.69,33.6
2023-11-17 12:00:00,25979.4,2032.27,0.63,12.21,90.6,3.36,42.9
2023-11-17 13:00:00,25596.67,1425.8,395.12,14.73,90.0,6.14,65.0
2023-11-17 14:00:00,25378.27,1427.33,2394.62,15.05,89.7,8.58,63.2
2023-11-17 15:00:00,25831.39,1499.76,0.0,15.92,80.8,1.06,51.5
2023-11-17 16:00:00,25982.02,1214.43,86.59,17.34,89.1,4.87,47.2
2023-11-17 17:00:00,27253.6,790.08,0.01,17.88,86.4,3.09,50.7
2023-11-17 18:00:00,28307.3,302.68,449.56,15.4,92.3,6.27,60.9
2023-11-17 19:00:00,28370.42,207.52,208.99,14.82,78.9,5.5,40.2
2023-11-17 20:00:00,27184.76,0.0,5524.06,14.5,83.2,10.43,39.6
2023-11-17 21:00:00,26725.08,0.0,0.0,14.1,89.5,1.44,58.4
2023-11-17 22:00:00,23235.74,0.0,276.07,11.44,85.4,5.79,52.6
2023-11-17 23:00:00,22661.92,0.0,8.35,9.44,99.0,3.86,61.7
2023-11-18 00:00:00,16889.06,0.0,793.52,9.29,99.0,6.85,64.5
2023-11-18 01:00:00,16424.42,0.0,5066.74,7.56,99.0,10.32,72.4
2023-11-18 02:00:00,16911.37,0.0,8495.02,6.69,97.0,11.52,58.2
2023-11-18 03:00:00,15397.09,0.0,383.35,8.22,96.4,6.12,45.8
2023-11-18 04:00:00,16531.8,0.0,4049.94,8.19,99.0,9.84,44.7
2023-11-18 05:00:00,18210.25,0.0,112.59,7.74,90.4,5.05,25.1
2023-11-18 06:00:00,20602.25,174.6,0.0,7.46,89.1,1.46,23.1
2023-11-18 07:00:00,22287.71,467.87,4210.98,8.81,83.1,9.91,27.5
2023-11-18 08:00:00,24805.84,849.25,0.0,8.46,99.0,2.86,49.8
2023-11-18 09:00:00,24155.9,1089.52,0.0,9.49,95.9,1.0,52.9
2023-11-18 10:00:00,23800.44,1270.62,26.48,11.17,92.0,4.27,58.2
2023-11-18 11:00:00,23073.51,1231.71,21.87,13.8,95.2,4.18,69.4
2023-11-18 12:00:00,22526.44,1682.27,0.0,15.48,88.4,1.2,53.7
2023-11-18 13:00:00,22146.73,1801.35,1314.93,15.37,87.5,7.67,49.4
2023-11-18 14:00:00,22705.1,1089.64,7.26,17.11,90.4,3.82,76.8
2023-11-18 15:00:00,23344.02,1073.68,39.72,16.84,96.6,4.43,70.8
2023-11-18 16:00:00,23766.4,874.09,0.0,15.23,94.1,2.72,79.9
2023-11-18 17:00:00,24440.99,462.3,72.39,14.56,99.0,4.76,86.1
2023-11-18 18:00:00,24967.91,400.73,1018.99,15.4,92.2,7.28,62.2
2023-11-18 19:00:00,25234.74,43.93,3864.03,14.5,92.8,9.65,62.6
2023-11-18 20:00:00,23685.51,0.0,10000.0,13.27,92.2,12.08,61.1
2023-11-18 21:00:00,22975.39,0.0,136.18,13.75,96.1,5.14,61.9
2023-11-18 22:00:00,21031.95,0.0,9442.98,10.74,93.8,14.39,49.6
2023-11-18 23:00:00,19423.95,0.0,68.61,8.09,89.5,4.72,34.4
2023-11-19 00:00:00,19564.69,0.0,0.0,5.13,92.2,1.49,29.0
2023-11-19 01:00:00,19087.18,0.0,3251.47,4.9,98.0,9.18,28.5
2023-11-19 02:00:00,18275.44,0.0,29.74,4.68,96.7,4.29,43.5
2023-11-19 03:00:00,17711.5,0.0,0.0,6.28,99.0,2.89,64.3
2023-11-19 04:00:00,17960.76,0.0,9616.39,6.68,99.0,11.83,77.6
2023-11-19 05:00:00,18882.49,0.0,3778.69,6.66,99.0,9.47,82.8
2023-11-19 06:00:00,20732.04,22.27,0.12,7.4,99.0,3.21,65.0
2023-11-19 07:00:00,22879.57,448.35,2675.41,8.5,99.0,8.85,56.5
2023-11-19 08:00:00,24192.55,763.85,3615.33,7.8,99.0,9.44,56.5
2023-11-19 09:00:00,22424.27,1242.57,4963.32,12.1,94.7,10.23,46.3
2023-11-19 10:00:00,22694.26,1374.72,281.34,13.82,80.6,5.75,51.9
2023-11-19 11:00:00,22306.76,1515.14,766.38,15.08,90.8,6.86,58.5
2023-11-19 12:00:00,23150.15,1369.62,958.85,16.62,91.6,7.23,62.1
2023-11-19 13:00:00,21894.71,1319.27,486.61,17.99,95.4,6.28,71.2
2023-11-19 14:00:00,22205.07,1553.91,295.64,18.11,78.8,5.77,56.0
2023-11-19 15:00:00,22027.39,1130.68,85.44,17.4,92.6,4.89,64.7
2023-11-19 16:00:00,23703.49,1125.92,36.8,17.77,90.9,4.39,52.8
2023-11-19 17:00:00,24018.41,860.9,9585.81,17.55,73.2,14.34,39.4
2023-11-19 18:00:00,24385.91,435.11,3.05,15.72,87.2,3.61,45.2
2023-11-19 19:00:00,24795.38,79.52,0.0,16.17,90.5,1.59,58.6
2023-11-19 20:00:00,23745.78,0.0,1479.31,15.14,88.9,7.8,61.6
2023-11-19 21:00:00,22586.34,0.0,1.21,14.49,88.4,3.45,58.7
2023-11-19 22:00:00,19465.85,0.0,486.64,14.54,93.2,6.28,59.6
2023-11-19 23:00:00,17523.57,0.0,0.0,13.09,89.8,2.88,58.3
2023-11-20 00:00:00,18546.54,0.0,1233.91,11.95,89.0,7.54,42.2
2023-11-20 01:00:00,18862.73,0.0,9888.57,11.77,89.4,12.3,26.4
2023-11-20 02:00:00,18653.65,0.0,2734.7,10.15,95.5,8.81,26.6
2023-11-20 03:00:00,18636.03,0.0,58.23,9.78,91.6,4.66,28.6
2023-11-20 04:00:00,18970.37,0.0,9588.09,9.82,90.2,13.58,29.5
2023-11-20 05:00:00,20946.02,0.0,159.46,8.99,90.9,5.26,38.3
2023-11-20 06:00:00,22546.85,189.57,394.49,12.13,83.8,6.07,35.4
2023-11-20 07:00:00,24655.46,429.7,499.61,11.26,95.2,6.3,42.1
2023-11-20 08:00:00,26990.13,834.52,9239.81,10.79,90.2,14.49,39.5
2023-11-20 09:00:00,25477.83,922.88,0.0,13.37,97.1,1.93,60.9
2023-11-20 10:00:00,25155.5,1233.89,937.75,15.21,88.1,7.09,58.8
2023-11-20 11:00:00,26785.15,960.06,15.9,15.01,93.4,4.05,84.1
2023-11-20 12:00:00,25299.39,1080.94,0.0,16.54,95.1,1.21,82.4
2023-11-20 13:00:00,25547.61,1187.71,4242.12,18.74,88.0,9.94,74.2
2023-11-20 14:00:00,25279.4,1458.85,158.34,18.93,79.4,5.28,58.7
2023-11-20 15:00:00,25854.88,1616.91,711.82,21.71,82.5,6.78,38.6
2023-11-20 16:00:00,26323.13,1378.75,0.0,19.25,73.1,2.52,26.3
2023-11-20 17:00:00,27969.35,1071.47,892.46,19.27,76.9,7.03,16.8
2023-11-20 18:00:00,27556.86,536.63,1740.89,19.5,78.0,8.06,23.8
2023-11-20 19:00:00,28101.92,141.68,51.36,19.13,68.9,4.58,18.9
2023-11-20 20:00:00,26788.38,0.0,355.73,17.36,73.5,5.98,23.1
2023-11-20 21:00:00,24592.55,0.0,9283.14,15.45,83.1,12.47,39.9
2023-11-20 22:00:00,22728.47,0.0,3435.88,14.38,82.0,9.48,38.3
2023-11-20 23:00:00,19972.17,0.0,314.62,13.8,99.0,5.88,62.9
2023-11-21 00:00:00,18169.63,0.0,1646.61,12.92,88.5,7.94,45.7
2023-11-21 01:00:00,17923.25,0.0,3553.63,12.93,92.1,9.37,42.6
2023-11-21 02:00:00,18841.36,0.0,0.0,10.91,91.6,2.32,35.3
2023-11-21 03:00:00,18661.72,0.0,1361.89,10.16,94.5,7.62,46.6
2023-11-21 04:00:00,20052.72,0.0,9325.91,9.0,88.2,14.58,18.4
2023-11-21 05:00:00,21183.53,0.0,10000.0,8.84,89.3,12.4,3.1
2023-11-21 06:00:00,23455.64,129.15,4385.0,10.54,79.4,9.81,5.7
2023-11-21 07:00:00,25663.27,509.66,0.0,11.42,93.9,3.0,27.9
2023-11-21 08:00:00,24988.9,927.23,9258.72,15.22,77.4,15.11,31.5
2023-11-21 09:00:00,25713.83,1630.61,617.87,16.29,80.3,6.6,15.8
2023-11-21 10:00:00,25491.51,2156.62,0.14,17.23,67.2,3.22,3.8
2023-11-21 11:00:00,25834.83,2085.7,618.59,18.15,76.2,6.58,27.6
2023-11-21 12:00:00,26446.2,2362.33,2119.72,18.1,76.3,8.48,21.1
2023-11-21 13:00:00,25211.27,2435.97,0.0,18.52,71.0,1.43,11.5
2023-11-21 14:00:00,24866.23,1926.17,3256.95,19.98,75.3,9.32,32.1
2023-11-21 15:00:00,25196.0,1538.02,3342.13,19.95,73.7,9.38,44.7
2023-11-21 16:00:00,26122.04,989.0,0.0,18.61,80.7,0.5,58.8
2023-11-21 17:00:00,29220.54,801.49,2845.42,16.88,85.5,9.08,44.6
2023-11-21 18:00:00,29043.41,562.72,5738.49,15.46,80.8,10.5,25.2
2023-11-21 19:00:00,26864.03,174.19,0.0,14.43,80.1,0.84,28.1
2023-11-21 20:00:00,27132.79,0.0,7.22,14.47,89.3,3.81,33.0
2023-11-21 21:00:00,25978.23,0.0,69.98,11.56,84.3,4.73,37.6
2023-11-21 22:00:00,24890.01,0.0,81.79,9.88,94.5,4.86,55.1
2023-11-21 23:00:00,22034.22,0.0,2340.9,8.81,89.6,8.64,32.0
2023-11-22 00:00:00,22080.65,0.0,199.45,5.54,99.0,5.46,42.9
2023-11-22 01:00:00,22693.73,0.0,10000.0,3.92,97.9,12.76,28.9
2023-11-22 02:00:00,23057.85,0.0,9601.32,2.8,99.0,16.2,40.0
2023-11-22 03:00:00,24342.06,0.0,205.52,1.91,94.4,5.49,33.7
2023-11-22 04:00:00,23802.52,0.0,834.82,2.47,99.0,6.94,24.2
2023-11-22 05:00:00,25601.96,0.0,1023.91,2.94,95.6,7.21,18.3
2023-11-22 06:00:00,26918.84,153.6,1028.83,3.26,92.6,7.2,3.0
2023-11-22 07:00:00,28980.01,598.35,170.44,4.92,88.0,5.34,7.4
2023-11-22 08:00:00,27407.0,1082.17,0.46,8.13,81.4,3.33,1.5
2023-11-22 09:00:00,27171.36,1545.01,0.0,11.2,90.1,1.73,15.1
2023-11-22 10:00:00,27256.8,1766.42,0.0,10.25,80.9,2.09,25.2
2023-11-22 11:00:00,27279.22,1600.38,3690.68,12.09,86.5,9.54,46.7
2023-11-22 12:00:00,25329.87,1687.3,0.06,12.9,96.3,3.16,49.8
2023-11-22 13:00:00,25627.44,1586.37,0.0,13.86,92.7,1.0,54.3
2023-11-22 14:00:00,26394.13,1231.58,231.29,13.91,92.4,5.57,68.9
2023-11-22 15:00:00,26005.02,1239.9,0.0,14.24,95.4,0.82,57.4
2023-11-22 16:00:00,25924.0,1278.53,0.0,14.27,87.0,0.79,36.9
2023-11-22 17:00:00,27835.06,856.48,244.87,13.17,88.3,5.67,39.2
2023-11-22 18:00:00,29566.56,598.82,224.13,11.47,86.3,5.6,21.7
2023-11-22 19:00:00,29187.0,71.69,0.0,10.09,96.9,0.91,52.8
2023-11-22 20:00:00,29432.06,0.0,126.61,9.32,99.0,5.09,68.2
2023-11-22 21:00:00,27932.53,0.0,144.5,8.85,99.0,5.21,90.3
2023-11-22 22:00:00,25374.55,0.0,523.48,8.6,99.0,6.39,84.5
2023-11-22 23:00:00,24113.76,0.0,2115.22,6.9,99.0,8.41,85.2
2023-11-23 00:00:00,21953.27,0.0,82.91,6.07,99.0,4.87,74.0
2023-11-23 01:00:00,21849.89,0.0,456.77,6.38,99.0,6.23,80.0
2023-11-23 02:00:00,20692.43,0.0,3769.47,7.13,99.0,9.6,60.1
2023-11-23 03:00:00,20266.88,0.0,9604.66,6.78,97.1,11.84,26.7
2023-11-23 04:00:00,20119.76,0.0,6842.97,6.58,89.2,11.1,18.3
2023-11-23 05:00:00,21012.99,0.0,598.06,7.18,86.8,6.58,2.9
2023-11-23 06:00:00,25297.01,208.29,685.32,6.58,87.8,6.72,24.6
2023-11-23 07:00:00,26250.85,459.53,588.9,7.35,93.8,6.54,47.8
2023-11-23 08:00:00,26895.0,995.34,4214.3,9.32,90.9,9.84,29.5
2023-11-23 09:00:00,27105.6,1144.3,2918.91,11.21,89.8,9.07,45.8
2023-11-23 10:00:00,26199.72,1252.45,10.65,12.07,88.9,3.94,56.0
2023-11-23 11:00:00,27587.93,1834.09,0.0,13.4,87.9,2.39,34.7
2023-11-23 12:00:00,26396.76,2156.33,10.65,13.41,84.4,3.93,30.2
2023-11-23 13:00:00,26430.76,2253.73,0.0,14.92,74.8,3.03,23.9
2023-11-23 14:00:00,26080.91,1820.47,5287.03,15.25,74.9,10.34,34.3
2023-11-23 15:00:00,24799.94,1901.31,0.0,15.06,77.6,2.69,19.8
2023-11-23 16:00:00,26985.89,1423.24,0.0,14.46,74.5,2.0,20.5
2023-11-23 17:00:00,27963.42,1080.73,3015.54,13.9,72.6,9.07,14.1
2023-11-23 18:00:00,28976.32,570.88,0.0,12.64,88.4,1.32,22.4
2023-11-23 19:00:00,28666.65,197.57,0.18,12.4,83.6,3.24,21.4
2023-11-23 20:00:00,28730.18,0.0,93.14,10.79,84.0,4.93,16.7
2023-11-23 21:00:00,27093.59,0.0,565.9,11.31,83.5,6.48,16.5
2023-11-23 22:00:00,23217.6,0.0,63.77,11.58,86.0,4.69,43.2
2023-11-23 23:00:00,22378.54,0.0,447.24,9.25,94.0,6.28,37.3
2023-11-24 00:00:00,21614.09,0.0,21.82,8.03,90.5,4.17,24.9
2023-11-24 01:00:00,21048.41,0.0,1069.8,6.44,92.3,7.35,33.2
2023-11-24 02:00:00,21338.39,0.0,438.05,5.54,93.8,6.16,31.9
2023-11-24 03:00:00,19967.16,0.0,5291.28,7.53,84.4,10.41,15.4
2023-11-24 04:00:00,21423.62,0.0,466.98,7.19,95.5,6.22,44.6
2023-11-24 05:00:00,21976.1,0.0,480.69,7.93,93.8,6.31,39.4
2023-11-24 06:00:00,24334.73,126.28,1013.3,9.13,90.1,7.31,34.5
2023-11-24 07:00:00,26933.98,455.65,0.09,8.84,93.0,3.19,36.6
2023-11-24 08:00:00,27391.1,676.42,0.18,8.95,97.5,3.24,57.3
2023-11-24 09:00:00,28089.84,1315.7,2010.47,8.83,93.2,8.41,34.6
2023-11-24 10:00:00,28921.46,1580.99,3.4,9.14,96.5,3.64,38.1
2023-11-24 11:00:00,28615.95,1315.67,651.12,7.26,99.0,6.68,62.9
2023-11-24 12:00:00,28245.45,1357.58,0.0,9.13,99.0,1.45,61.2
2023-11-24 13:00:00,26731.39,1687.57,1443.94,12.38,86.1,7.78,43.4
2023-11-24 14:00:00,25947.9,1846.13,9565.35,13.1,84.4,12.67,35.1
2023-11-24 15:00:00,26619.06,1498.85,2.12,11.76,91.6,3.54,37.7
2023-11-24 16:00:00,27543.03,1002.51,52.79,11.05,96.6,4.6,53.4
2023-11-24 17:00:00,29497.85,752.93,25.82,10.25,90.8,4.23,47.3
2023-11-24 18:00:00,31352.73,463.01,3100.17,8.57,99.0,9.15,55.9
2023-11-24 19:00:00,30512.79,118.99,0.0,8.78,89.0,0.5,36.3
2023-11-24 20:00:00,28655.72,0.0,631.63,8.7,90.5,6.68,18.9
2023-11-24 21:00:00,29604.01,0.0,843.98,6.31,90.9,6.98,15.2
2023-11-24 22:00:00,27128.6,0.0,123.3,6.06,90.7,5.11,34.9
2023-11-24 23:00:00,23658.47,0.0,18.48,6.71,93.8,4.1,35.9
2023-11-25 00:00:00,17504.92,0.0,48.59,7.65,99.0,4.52,39.6
2023-11-25 01:00:00,15410.3,0.0,3827.01,9.94,93.5,9.57,42.6
2023-11-25 02:00:00,16683.56,0.0,0.0,8.18,99.0,3.05,55.1
2023-11-25 03:00:00,13961.79,0.0,1166.1,10.91,86.3,7.42,45.5
2023-11-25 04:00:00,15954.61,0.0,170.45,10.3,97.8,5.38,52.7
2023-11-25 05:00:00,17084.22,0.0,96.15,9.79,82.3,4.92,40.7
2023-11-25 06:00:00,19444.96,112.86,600.13,10.64,97.1,6.6,64.0
2023-11-25 07:00:00,20348.41,412.13,6116.86,10.71,96.3,10.67,51.1
2023-11-25 08:00:00,21983.3,723.92,802.55,12.08,92.1,6.99,38.7
2023-11-25 09:00:00,23030.44,1107.37,2042.96,11.63,87.8,8.39,45.0
2023-11-25 10:00:00,22845.69,1369.11,445.01,12.47,93.9,6.22,44.9
2023-11-25 11:00:00,23105.19,1663.94,723.24,14.93,84.9,6.81,47.8
2023-11-25 12:00:00,22588.45,1586.3,32.66,15.67,85.7,4.34,49.2
2023-11-25 13:00:00,23041.12,1940.7,3993.36,16.41,79.9,9.69,34.5
2023-11-25 14:00:00,22247.6,1457.65,53.93,17.23,80.9,4.57,54.1
2023-11-25 15:00:00,22007.46,1093.02,92.8,18.49,92.1,4.92,62.7
2023-11-25 16:00:00,23537.24,737.53,72.94,16.24,92.4,4.75,75.8
2023-11-25 17:00:00,23975.42,602.17,0.22,16.27,93.7,3.25,64.7
2023-11-25 18:00:00,24811.11,324.78,0.0,15.04,95.7,2.75,66.3
2023-11-25 19:00:00,24829.02,101.8,0.0,14.09,88.7,1.4,65.1
2023-11-25 20:00:00,24585.64,0.0,1046.28,13.96,99.0,7.3,75.2
2023-11-25 21:00:00,23467.69,0.0,16.12,11.2,99.0,4.08,84.4
2023-11-25 22:00:00,22065.07,0.0,129.01,8.73,99.0,5.17,81.0
2023-11-25 23:00:00,22127.51,0.0,7438.57,5.4,99.0,11.17,57.4
2023-11-26 00:00:00,20958.0,0.0,880.92,3.72,99.0,7.09,76.4
2023-11-26 01:00:00,18520.0,0.0,0.46,4.54,99.0,3.33,78.3
2023-11-26 02:00:00,19269.52,0.0,3965.05,3.95,99.0,9.68,66.0
2023-11-26 03:00:00,20988.25,0.0,106.34,2.35,99.0,5.01,67.3
2023-11-26 04:00:00,20195.48,0.0,1071.32,2.1,99.0,7.29,45.5
2023-11-26 05:00:00,23409.1,0.0,717.29,1.08,99.0,6.83,57.1
2023-11-26 06:00:00,25564.5,121.61,44.08,0.84,99.0,4.51,37.0
2023-11-26 07:00:00,27132.83,482.57,0.02,2.56,99.0,3.11,34.3
2023-11-26 08:00:00,28882.52,887.16,5.4,2.68,99.0,3.74,37.5
2023-11-26 09:00:00,27207.28,981.94,0.0,5.46,96.5,2.3,49.8
2023-11-26 10:00:00,25804.39,1371.25,3.86,6.84,92.0,3.66,49.5
2023-11-26 11:00:00,25426.72,1385.47,10000.0,8.31,92.5,15.25,55.5
2023-11-26 12:00:00,23796.42,1553.87,17.67,9.19,99.0,4.11,52.9
2023-11-26 13:00:00,22685.2,1633.48,2127.76,11.0,90.9,8.41,50.6
2023-11-26 14:00:00,23356.99,1554.11,98.71,12.48,90.4,4.94,49.9
2023-11-26 15:00:00,21613.12,1419.5,335.52,13.09,92.2,5.91,46.0
2023-11-26 16:00:00,23132.78,1332.26,0.0,13.6,82.5,1.77,24.6
2023-11-26 17:00:00,25132.89,1091.32,0.0,12.9,83.0,2.92,16.8
2023-11-26 18:00:00,25671.03,503.98,95.84,12.75,85.8,4.94,22.1
2023-11-26 19:00:00,24354.49,97.12,3207.45,11.37,83.6,9.15,20.9
2023-11-26 20:00:00,25326.99,0.0,0.0,10.23,86.2,1.22,20.9
2023-11-26 21:00:00,23739.35,0.0,269.3,8.69,89.5,5.77,18.9
2023-11-26 22:00:00,22654.7,0.0,0.0,6.98,92.4,1.98,10.6
2023-11-26 23:00:00,21164.24,0.0,342.95,5.12,87.6,5.98,7.8
2023-11-27 00:00:00,22953.79,0.0,1298.11,4.55,79.5,7.62,7.8
2023-11-27 01:00:00,21113.4,0.0,2913.69,5.29,94.1,8.93,11.3
2023-11-27 02:00:00,20723.53,0.0,9.87,6.07,96.0,3.91,19.1
2023-11-27 03:00:00,22519.94,0.0,24.68,4.42,95.4,4.22,19.0
2023-11-27 04:00:00,21048.54,0.0,625.21,5.99,90.9,6.64,8.8
2023-11-27 05:00:00,22648.84,0.0,9503.42,6.02,85.3,17.29,0.0
2023-11-27 06:00:00,24046.88,59.19,190.5,7.37,95.6,5.45,31.5
2023-11-27 07:00:00,26450.98,473.62,278.78,7.26,93.9,5.75,18.6
2023-11-27 08:00:00,27262.06,967.43,202.03,8.53,87.9,5.5,14.5
2023-11-27 09:00:00,27460.49,1393.94,0.0,10.07,97.7,2.09,23.4
2023-11-27 10:00:00,28877.64,1677.6,1604.3,9.61,83.6,7.91,29.3
2023-11-27 11:00:00,27532.94,1730.3,0.08,11.47,89.7,3.18,36.5
2023-11-27 12:00:00,26440.56,1943.7,600.33,13.94,79.6,6.62,31.2
2023-11-27 13:00:00,26755.03,1917.19,41.01,14.42,88.0,4.48,34.7
2023-11-27 14:00:00,25690.54,1788.18,198.75,16.31,75.8,5.46,35.7
2023-11-27 15:00:00,26283.6,1617.83,0.0,16.11,76.1,0.52,32.1
2023-11-27 16:00:00,26440.72,1183.28,2555.36,16.74,78.9,8.75,35.6
2023-11-27 17:00:00,28238.12,728.94,0.0,13.63,90.1,2.67,48.4
2023-11-27 18:00:00,27741.17,474.71,492.51,15.5,83.6,6.29,46.7
2023-11-27 19:00:00,27777.04,46.88,1516.53,15.96,82.6,7.9,45.3
2023-11-27 20:00:00,26949.33,0.0,263.88,14.21,89.7,5.72,57.1
2023-11-27 21:00:00,26373.17,0.0,41.69,10.56,96.8,4.46,66.2
2023-11-27 22:00:00,24300.86,0.0,9491.67,9.54,99.0,13.17,81.7
2023-11-27 23:00:00,24431.94,0.0,56.23,6.68,99.0,4.59,55.2
2023-11-28 00:00:00,22072.88,0.0,9652.32,5.99,99.0,12.27,64.1
2023-11-28 01:00:00,21605.62,0.0,11.23,5.65,99.0,3.96,68.0
2023-11-28 02:00:00,23352.39,0.0,350.75,4.07,99.0,6.01,53.7
2023-11-28 03:00:00,21772.39,0.0,11.45,5.15,98.6,3.95,54.7
2023-11-28 04:00:00,21148.7,0.0,0.0,6.13,99.0,1.53,65.2
2023-11-28 05:00:00,22328.1,0.0,92.83,7.56,99.0,4.88,51.8
2023-11-28 06:00:00,23610.02,87.27,0.0,8.16,95.7,3.02,55.3
2023-11-28 07:00:00,26737.2,345.54,9866.63,7.43,97.3,14.21,63.6
2023-11-28 08:00:00,27012.93,695.45,2010.85,9.6,94.8,8.38,47.5
2023-11-28 09:00:00,27321.08,1133.34,0.0,10.42,91.1,0.5,44.6
2023-11-28 10:00:00,27788.61,1294.93,0.14,10.03,99.0,3.22,47.3
2023-11-28 11:00:00,26265.32,1785.22,612.48,12.68,90.3,6.54,36.5
2023-11-28 12:00:00,26007.8,2083.78,16.91,15.89,77.7,4.08,26.0
2023-11-28 13:00:00,25844.58,2023.77,1575.33,16.39,81.2,7.92,25.7
2023-11-28 14:00:00,25189.54,1785.8,53.92,19.04,83.6,4.59,36.6
2023-11-28 15:00:00,25625.51,1360.56,288.04,18.96,75.0,5.79,44.4
2023-11-28 16:00:00,25788.37,1241.0,164.19,18.06,74.9,5.34,33.2
2023-11-28 17:00:00,26875.09,819.88,302.57,16.61,83.1,5.81,41.4
2023-11-28 18:00:00,27693.21,431.12,0.0,17.42,79.5,2.74,30.9
2023-11-28 19:00:00,28334.5,113.62,19.0,15.26,77.5,4.13,12.3
2023-11-28 20:00:00,27347.72,0.0,0.0,14.66,76.9,1.35,10.8
2023-11-28 21:00:00,26805.18,0.0,518.06,12.53,84.0,6.42,27.4
2023-11-28 22:00:00,24167.13,0.0,259.95,10.56,91.9,5.7,36.4
2023-11-28 23:00:00,21861.9,0.0,2443.1,10.35,95.2,8.66,36.5
2023-11-29 00:00:00,20862.78,0.0,24.06,8.53,90.1,4.23,31.8
2023-11-29 01:00:00,20234.35,0.0,472.83,7.12,99.0,6.26,27.7
2023-11-29 02:00:00,20259.77,0.0,29.98,7.73,99.0,4.31,30.2
2023-11-29 03:00:00,19194.8,0.0,1564.88,9.09,93.1,7.84,18.2
2023-11-29 04:00:00,18725.92,0.0,5472.44,9.65,89.1,10.35,16.3
2023-11-29 05:00:00,21200.11,0.0,3108.43,9.07,95.4,9.16,16.2
2023-11-29 06:00:00,23814.35,198.18,9395.47,8.99,82.9,12.11,2.5
2023-11-29 07:00:00,25060.67,520.3,9936.64,9.85,78.9,13.06,0.0
2023-11-29 08:00:00,26993.46,1149.23,2195.21,11.14,79.9,8.5,6.4
2023-11-29 09:00:00,26742.09,1458.16,16.0,11.07,79.0,4.06,10.2
2023-11-29 10:00:00,25129.6,1902.69,0.09,12.96,80.8,3.19,9.7
2023-11-29 11:00:00,26780.91,2377.16,66.26,14.02,78.1,4.7,2.1
2023-11-29 12:00:00,27018.3,2110.15,9573.55,12.95,85.0,13.92,25.2
2023-11-29 13:00:00,25801.84,2262.08,13.08,12.63,82.4,4.0,16.6
2023-11-29 14:00:00,25473.62,2006.23,0.0,12.57,84.5,2.16,22.1
2023-11-29 15:00:00,27087.03,1784.69,4669.46,12.69,89.7,10.07,18.0
2023-11-29 16:00:00,26336.42,1463.11,4.08,14.65,83.2,3.67,20.8
2023-11-29 17:00:00,28478.23,933.77,484.47,14.35,86.7,6.3,28.2
2023-11-29 18:00:00,28222.24,607.46,1186.45,12.56,82.4,7.53,12.8
2023-11-29 19:00:00,29515.6,113.66,2295.21,11.78,77.0,8.52,15.7
2023-11-29 20:00:00,28990.9,0.0,2173.41,10.19,82.6,8.5,32.5
2023-11-29 21:00:00,27472.33,0.0,2992.37,9.28,99.0,9.02,54.2
2023-11-29 22:00:00,24151.15,0.0,1169.63,8.64,94.4,7.43,50.6
2023-11-29 23:00:00,22437.85,0.0,221.6,8.74,93.7,5.57,49.5
2023-11-30 00:00:00,21805.4,0.0,1609.28,7.39,99.0,7.97,74.8
2023-11-30 01:00:00,19280.81,0.0,4814.44,8.29,99.0,10.07,83.9
2023-11-30 02:00:00,19154.84,0.0,269.15,8.57,99.0,5.72,70.9
2023-11-30 03:00:00,20160.2,0.0,171.23,7.34,99.0,5.33,59.5
2023-11-30 04:00:00,18602.74,0.0,241.61,9.71,99.0,5.66,68.3
2023-11-30 05:00:00,21088.75,0.0,986.25,10.2,91.6,7.16,52.4
2023-11-30 06:00:00,23629.74,0.0,0.0,9.69,99.0,2.54,63.7
2023-11-30 07:00:00,24844.42,360.51,2724.53,12.22,93.5,8.87,64.5
2023-11-30 08:00:00,25600.95,575.27,0.0,15.29,90.9,3.06,67.5
2023-11-30 09:00:00,25467.67,900.08,0.0,16.01,84.4,2.69,60.8
2023-11-30 10:00:00,26151.12,1263.36,0.0,16.25,79.1,3.0,50.4
2023-11-30 11:00:00,25670.01,1182.34,264.43,16.82,88.9,5.73,66.4
2023-11-30 12:00:00,25611.45,1376.39,0.11,18.24,81.6,3.2,60.0
2023-11-30 13:00:00,25278.42,1552.73,3.71,20.03,84.7,3.65,52.3
2023-11-30 14:00:00,26045.99,1447.6,4192.0,20.69,78.3,9.72,49.6
2023-11-30 15:00:00,26243.18,1323.21,1625.64,20.51,81.1,7.98,50.4
2023-11-30 16:00:00,25848.45,1282.29,1680.24,21.55,80.4,8.1,36.5
2023-11-30 17:00:00,28101.93,852.58,163.16,20.22,69.2,5.3,29.8
2023-11-30 18:00:00,27840.89,431.24,2347.59,20.13,70.7,8.64,23.3
2023-11-30 19:00:00,28633.79,105.43,1347.93,18.33,79.8,7.67,35.1
2023-11-30 20:00:00,27525.3,0.0,7694.3,17.19,79.4,11.28,24.8
2023-11-30 21:00:00,26280.42,0.0,0.0,15.37,80.2,1.87,5.2
2023-11-30 22:00:00,23261.66,0.0,0.0,13.65,80.4,1.57,0.0
2023-11-30 23:00:00,21188.63,0.0,4.69,11.69,80.0,3.7,0.0
2023-12-01 00:00:00,19185.69,0.0,8635.9,11.67,80.9,11.66,0.0
2023-12-01 01:00:00,19502.4,0.0,1311.23,9.69,84.5,7.61,3.1
2023-12-01 02:00:00,19210.19,0.0,468.22,8.06,82.2,6.3,13.3
2023-12-01 03:00:00,17521.13,0.0,850.98,9.97,87.1,7.01,22.6
2023-12-01 04:00:00,18463.62,0.0,4824.61,10.82,88.1,10.08,25.1
2023-12-01 05:00:00,21485.63,0.0,9486.15,8.24,92.7,11.85,25.7
2023-12-01 06:00:00,24177.66,118.39,2284.88,8.13,90.8,8.58,39.7
2023-12-01 07:00:00,27403.81,438.83,2447.16,6.94,91.5,8.65,41.2
2023-12-01 08:00:00,28657.54,712.21,56.19,6.99,99.0,4.63,57.5
2023-12-01 09:00:00,31019.78,900.93,202.38,4.78,99.0,5.45,62.6
2023-12-01 10:00:00,29385.74,1171.43,3712.58,6.08,97.3,9.51,52.2
2023-12-01 11:00:00,29502.92,1524.31,1475.76,6.19,99.0,7.76,44.5
2023-12-01 12:00:00,29724.38,1890.01,535.68,7.52,99.0,6.43,34.9
2023-12-01 13:00:00,27617.36,1567.99,0.0,6.74,99.0,0.84,49.8
2023-12-01 14:00:00,28902.99,1665.9,0.0,7.65,93.4,0.5,43.5
2023-12-01 15:00:00,28941.38,1504.19,0.0,7.67,95.6,1.46,33.2
2023-12-01 16:00:00,28327.14,1212.9,141.15,9.49,92.9,5.21,37.6
2023-12-01 17:00:00,29370.97,788.98,97.21,10.76,86.6,4.96,36.4
2023-12-01 18:00:00,29911.05,435.23,5468.87,10.96,88.0,10.37,40.1
2023-12-01 19:00:00,29095.55,41.58,688.01,9.65,99.0,6.78,62.5
2023-12-01 20:00:00,27837.55,0.0,7.08,10.74,99.0,3.8,70.4
2023-12-01 21:00:00,27842.69,0.0,0.0,7.72,99.0,2.97,66.8
2023-12-01 22:00:00,26406.6,0.0,3888.25,4.96,99.0,9.53,46.4
2023-12-01 23:00:00,25810.27,0.0,377.35,3.84,99.0,6.0,39.4
2023-12-02 00:00:00,19617.24,0.0,1492.82,5.28,99.0,7.84,47.9
2023-12-02 01:00:00,19810.63,0.0,1088.02,4.26,97.0,7.27,32.6
2023-12-02 02:00:00,19373.47,0.0,2.56,3.56,99.0,3.57,59.0
2023-12-02 03:00:00,20411.01,0.0,0.0,1.8,99.0,2.96,56.6
2023-12-02 04:00:00,20125.43,0.0,346.56,3.09,99.0,5.92,54.9
2023-12-02 05:00:00,20362.28,0.0,244.04,4.64,99.0,5.68,44.9
2023-12-02 06:00:00,22032.21,117.33,1637.83,6.23,99.0,8.03,50.0
2023-12-02 07:00:00,24121.32,493.97,1143.33,6.44,99.0,7.4,34.6
2023-12-02 08:00:00,25725.13,618.24,9280.74,6.78,99.0,12.61,61.0
2023-12-02 09:00:00,25721.24,806.45,3288.14,6.6,99.0,9.35,74.0
2023-12-02 10:00:00,25763.83,763.2,185.41,8.03,99.0,5.37,81.5
2023-12-02 11:00:00,25335.27,1307.84,131.37,8.08,93.1,5.11,59.6
2023-12-02 12:00:00,24875.93,1435.43,506.44,7.92,93.6,6.33,59.4
2023-12-02 13:00:00,24514.47,1129.71,0.0,8.43,99.0,1.45,71.3
2023-12-02 14:00:00,24801.25,1044.6,10000.0,,99.0,18.32,74.4
2023-12-02 15:00:00,24297.91,1186.21,58.43,8.42,99.0,4.66,58.0
2023-12-02 16:00:00,25089.59,1080.53,3268.06,9.04,94.3,9.17,47.8
2023-12-02 17:00:00,26915.14,824.36,7171.44,8.87,99.0,11.18,41.2
2023-12-02 18:00:00,27838.2,411.55,220.87,7.99,91.3,5.52,33.5
2023-12-02 19:00:00,27022.28,102.5,0.0,7.41,99.0,1.77,52.4
2023-12-02 20:00:00,28020.69,0.0,372.56,5.35,97.4,5.99,27.6
2023-12-02 21:00:00,26229.38,0.0,591.94,4.46,99.0,6.5,36.7
2023-12-02 22:00:00,25090.02,0.0,2576.21,3.6,94.2,8.71,21.3
2023-12-02 23:00:00,25522.45,0.0,0.0,0.99,99.0,2.22,11.8
2023-12-03 00:00:00,22735.75,0.0,494.6,1.2,99.0,6.3,0.0
2023-12-03 01:00:00,22898.33,0.0,8932.35,-0.33,95.9,11.68,0.0
2023-12-03 02:00:00,22955.66,0.0,9361.62,-0.46,98.8,15.43,13.9
2023-12-03 03:00:00,21694.15,0.0,41.19,0.88,98.8,4.45,20.0
2023-12-03 04:00:00,21281.37,0.0,5899.99,2.2,99.0,10.72,7.8
2023-12-03 05:00:00,22373.56,0.0,8.79,2.78,99.0,3.86,23.6
2023-12-03 06:00:00,23442.96,43.37,4248.55,3.2,99.0,9.94,40.1
2023-12-03 07:00:00,24756.07,381.35,55.12,5.32,99.0,4.58,41.1
2023-12-03 08:00:00,25224.95,560.48,9600.63,7.23,99.0,12.16,65.2
2023-12-03 09:00:00,24863.87,794.42,1080.1,7.76,99.0,7.38,71.8
2023-12-03 10:00:00,25346.42,900.23,59.11,8.14,99.0,4.62,75.9
2023-12-03 11:00:00,25232.29,1260.79,0.87,7.08,99.0,3.41,61.7
2023-12-03 12:00:00,24976.65,1277.93,0.0,8.44,99.0,2.79,66.4
2023-12-03 13:00:00,24686.49,1296.23,448.15,9.29,99.0,6.2,65.6
2023-12-03 14:00:00,23326.62,1154.32,2640.43,11.18,87.9,8.87,68.6
2023-12-03 15:00:00,23448.47,1143.6,732.29,11.82,97.2,6.8,56.7
2023-12-03 16:00:00,23930.45,890.65,1539.79,13.18,86.5,7.84,56.0
2023-12-03 17:00:00,24942.03,735.1,1076.59,11.9,93.8,7.26,44.0
2023-12-03 18:00:00,25958.0,484.14,9302.7,12.4,86.6,12.1,17.5
2023-12-03 19:00:00,25853.94,139.4,1115.91,10.76,90.3,7.43,32.0
2023-12-03 20:00:00,24595.9,0.0,0.02,10.43,87.2,3.11,14.7
2023-12-03 21:00:00,25187.16,0.0,2100.76,7.51,94.6,8.42,18.8
2023-12-03 22:00:00,23501.29,0.0,59.22,6.55,91.1,4.65,25.1
2023-12-03 23:00:00,23437.89,0.0,9496.96,3.22,99.0,15.88,30.6
2023-12-04 00:00:00,25854.88,0.0,238.05,1.91,99.0,5.61,28.3
2023-12-04 01:00:00,24996.27,0.0,135.56,1.78,99.0,5.14,32.7
2023-12-04 02:00:00,25317.98,0.0,78.69,0.83,99.0,4.83,39.1
2023-12-04 03:00:00,26186.01,0.0,1858.23,-0.35,99.0,8.24,47.8
2023-12-04 04:00:00,25041.49,0.0,2.78,0.95,99.0,3.59,67.4
2023-12-04 05:00:00,25548.89,0.0,9256.2,1.44,99.0,12.64,66.8
2023-12-04 06:00:00,27843.01,144.53,103.55,1.8,99.0,4.97,64.1
2023-12-04 07:00:00,30114.96,396.86,67.58,2.99,99.0,4.73,50.1
2023-12-04 08:00:00,27897.59,577.47,0.0,7.19,99.0,1.9,53.9
2023-12-04 09:00:00,27733.9,850.84,4.92,9.66,96.1,3.72,60.1
2023-12-04 10:00:00,27570.94,1188.14,72.64,12.07,92.3,4.77,55.1
2023-12-04 11:00:00,25008.08,1222.44,18.33,13.53,92.8,4.1,59.7
2023-12-04 12:00:00,25605.38,1491.42,0.01,14.5,85.7,3.1,53.6
2023-12-04 13:00:00,27352.34,1395.28,0.0,12.43,90.7,0.5,59.8
2023-12-04 14:00:00,26740.19,1201.84,0.0,12.13,99.0,3.01,68.2
2023-12-04 15:00:00,26733.03,961.08,857.35,11.78,96.2,7.07,75.4
2023-12-04 16:00:00,28036.33,679.22,17.13,9.6,99.0,4.08,72.3
2023-12-04 17:00:00,30552.43,637.92,0.0,8.02,99.0,3.05,55.8
2023-12-04 18:00:00,33149.65,383.78,0.54,5.31,94.0,3.35,46.3
2023-12-04 19:00:00,32233.97,56.33,213.77,4.63,99.0,5.55,52.5
2023-12-04 20:00:00,32424.23,0.0,8.49,4.7,99.0,3.87,80.2
2023-12-04 21:00:00,30055.09,0.0,699.8,4.94,99.0,6.79,71.1
2023-12-04 22:00:00,28262.15,0.0,9858.65,4.32,99.0,14.3,72.6
2023-12-04 23:00:00,27624.2,0.0,0.0,2.23,99.0,2.1,61.8
2023-12-05 00:00:00,28300.11,0.0,9.63,-0.86,99.0,3.89,47.5
2023-12-05 01:00:00,30244.19,0.0,21.81,-3.25,99.0,4.18,38.3
2023-12-05 02:00:00,31586.54,0.0,545.7,-4.72,99.0,6.46,13.4
2023-12-05 03:00:00,31970.98,0.0,0.0,-5.4,99.0,2.71,32.6
2023-12-05 04:00:00,32200.95,0.0,675.51,-4.92,99.0,6.69,6.6
2023-12-05 05:00:00,33598.42,0.0,9058.41,-5.08,99.0,11.84,7.2
2023-12-05 06:00:00,34071.16,149.51,0.0,-3.44,99.0,1.66,0.0
2023-12-05 07:00:00,35974.17,588.4,157.29,-2.24,96.5,5.27,0.0
2023-12-05 08:00:00,34891.51,1017.31,2048.66,-0.62,96.6,8.38,13.4
2023-12-05 09:00:00,32696.59,1429.1,0.0,2.29,99.0,2.91,18.8
2023-12-05 10:00:00,32396.37,1874.02,0.0,2.56,94.4,1.74,9.6
2023-12-05 11:00:00,30800.65,2191.95,421.88,4.55,96.1,6.19,6.0
2023-12-05 12:00:00,30694.55,2419.51,0.0,5.86,84.6,0.5,0.7
2023-12-05 13:00:00,28505.47,2483.21,1202.26,6.56,81.1,7.51,4.7
2023-12-05 14:00:00,28041.7,2169.61,0.0,8.33,87.7,0.75,10.9
2023-12-05 15:00:00,27092.75,1473.89,63.51,9.69,99.0,4.7,36.9
2023-12-05 16:00:00,29312.31,1416.73,635.52,8.65,89.5,6.68,14.1
2023-12-05 17:00:00,30166.9,1035.82,0.0,8.19,99.0,2.65,16.6
2023-12-05 18:00:00,30817.1,516.0,0.0,7.95,90.1,1.52,15.5
2023-12-05 19:00:00,30461.52,35.82,0.0,6.84,94.8,2.51,29.6
2023-12-05 20:00:00,31205.89,0.0,2907.06,6.51,87.0,8.99,34.9
2023-12-05 21:00:00,28724.84,0.0,1171.21,5.72,99.0,7.49,42.4
2023-12-05 22:00:00,26451.54,0.0,3.19,6.61,98.9,3.62,46.1
2023-12-05 23:00:00,26305.05,0.0,1793.17,3.75,97.6,8.19,34.0
2023-12-06 00:00:00,25861.92,0.0,2151.22,2.55,99.0,8.36,49.3
2023-12-06 01:00:00,25358.58,0.0,10000.0,0.88,99.0,17.11,57.6
2023-12-06 02:00:00,24408.35,0.0,376.1,1.21,99.0,6.03,66.4
2023-12-06 03:00:00,26325.88,0.0,6108.15,-0.63,99.0,10.66,78.2
2023-12-06 04:00:00,25896.71,0.0,542.21,0.11,99.0,6.45,78.5
2023-12-06 05:00:00,26963.99,0.0,7435.7,0.06,99.0,11.11,91.5
2023-12-06 06:00:00,30797.51,59.17,0.01,0.21,99.0,3.08,89.7
2023-12-06 07:00:00,32845.87,176.41,4.44,-0.16,99.0,3.7,80.9
2023-12-06 08:00:00,33411.67,484.52,3558.05,0.8,99.0,9.53,75.8
2023-12-06 09:00:00,31720.74,800.18,2492.06,3.56,99.0,8.78,71.1
2023-12-06 10:00:00,31148.47,1011.41,9.45,5.01,96.5,3.89,61.0
2023-12-06 11:00:00,28716.64,918.61,315.99,7.08,99.0,5.9,77.9
2023-12-06 12:00:00,27621.71,1086.54,11.96,10.07,99.0,3.96,76.7
2023-12-06 13:00:00,26259.07,1088.05,0.0,11.17,98.4,0.5,73.3
2023-12-06 14:00:00,26898.72,1048.72,0.0,11.06,94.2,0.5,73.8
2023-12-06 15:00:00,26907.82,519.55,0.0,11.8,99.0,0.52,100.0
2023-12-06 16:00:00,27435.73,628.77,166.09,11.06,99.0,5.31,83.8
2023-12-06 17:00:00,29356.96,505.74,0.0,10.09,99.0,2.96,68.2
2023-12-06 18:00:00,31255.05,261.74,0.0,7.75,99.0,1.95,48.1
2023-12-06 19:00:00,30585.69,114.36,5490.47,7.96,98.3,10.56,44.2
2023-12-06 20:00:00,30417.37,0.0,0.0,6.49,94.0,2.26,46.5
2023-12-06 21:00:00,28805.21,0.0,992.0,5.58,99.0,7.18,40.0
2023-12-06 22:00:00,28151.47,0.0,5341.1,3.31,96.0,10.31,33.4
2023-12-06 23:00:00,26392.72,0.0,2.85,2.8,99.0,3.6,35.7
2023-12-07 00:00:00,25885.76,0.0,29.46,0.95,99.0,4.31,30.3
2023-12-07 01:00:00,26003.58,0.0,1062.81,0.21,99.0,7.34,35.1
2023-12-07 02:00:00,25081.96,0.0,791.54,0.87,99.0,6.94,48.9
2023-12-07 03:00:00,24288.16,0.0,942.08,1.69,99.0,7.08,55.8
2023-12-07 04:00:00,24737.71,0.0,1042.81,1.87,99.0,7.31,64.4
2023-12-07 05:00:00,27494.67,0.0,9848.08,0.45,99.0,12.5,74.4
2023-12-07 06:00:00,26228.84,0.0,0.0,4.67,99.0,2.56,73.5
2023-12-07 07:00:00,27104.91,331.6,2293.75,7.54,99.0,8.66,67.5
2023-12-07 08:00:00,26892.13,639.98,9.86,9.33,93.8,3.92,54.8
2023-12-07 09:00:00,27224.31,993.87,68.89,9.55,95.7,4.74,48.2
2023-12-07 10:00:00,27194.48,1414.79,0.0,10.53,92.3,1.89,40.8
2023-12-07 11:00:00,26970.04,1367.1,62.64,10.97,92.9,4.69,49.4
2023-12-07 12:00:00,25534.91,1483.05,1335.71,13.28,92.0,7.73,52.3
2023-12-07 13:00:00,26167.78,1388.85,0.0,14.18,98.0,1.27,59.0
2023-12-07 14:00:00,25485.47,1572.24,0.0,13.63,85.2,2.81,42.7
2023-12-07 15:00:00,27168.43,1083.58,1.92,13.17,92.6,3.53,59.4
2023-12-07 16:00:00,26783.0,941.88,0.0,14.18,86.5,1.21,51.9
2023-12-07 17:00:00,27025.33,856.0,843.74,15.32,85.0,7.04,37.1
2023-12-07 18:00:00,28611.0,486.27,1254.88,16.01,79.3,7.52,32.1
2023-12-07 19:00:00,27985.8,46.23,2053.85,15.53,87.8,8.41,62.7
2023-12-07 20:00:00,27439.07,0.0,395.23,13.74,84.7,6.08,55.2
2023-12-07 21:00:00,27339.66,0.0,285.69,8.62,96.7,5.77,49.4
2023-12-07 22:00:00,25191.97,0.0,22.19,7.63,98.5,4.17,45.8
2023-12-07 23:00:00,23329.62,0.0,1248.23,6.37,99.0,7.61,43.2
2023-12-08 00:00:00,22146.33,0.0,396.01,5.29,98.9,6.13,33.6
2023-12-08 01:00:00,21887.36,0.0,10000.0,4.5,96.9,13.44,36.0
2023-12-08 02:00:00,23492.23,0.0,10000.0,2.47,99.0,13.42,49.3
2023-12-08 03:00:00,23144.16,0.0,7718.24,2.92,99.0,11.43,51.8
2023-12-08 04:00:00,22197.55,0.0,277.29,3.74,94.8,5.79,37.0
2023-12-08 05:00:00,24011.29,0.0,280.67,4.9,99.0,5.73,33.1
2023-12-08 06:00:00,24909.01,174.56,4623.79,6.59,94.7,10.11,27.2
2023-12-08 07:00:00,27647.58,489.51,2080.1,8.08,89.7,8.32,29.3
2023-12-08 08:00:00,27502.32,728.63,1522.29,8.58,91.8,7.78,46.5
2023-12-08 09:00:00,28585.22,1078.37,12.92,9.59,90.1,4.0,43.8
2023-12-08 10:00:00,27595.29,1305.31,2510.57,10.78,89.0,8.67,42.2
2023-12-08 11:00:00,26056.76,1270.34,274.55,11.91,99.0,5.75,63.2
2023-12-08 12:00:00,25644.11,1189.26,41.77,13.86,94.2,4.45,70.8
2023-12-08 13:00:00,25872.11,1100.64,2109.98,15.14,87.5,8.43,73.9
2023-12-08 14:00:00,24616.63,699.14,4.95,17.67,99.0,3.73,93.2
2023-12-08 15:00:00,25296.68,602.36,295.31,19.91,86.7,5.79,92.6
2023-12-08 16:00:00,25583.45,809.98,27.54,19.35,82.1,4.29,62.4
2023-12-08 17:00:00,28866.74,542.72,196.88,14.2,98.8,5.42,69.6
2023-12-08 18:00:00,29014.27,343.11,0.0,14.62,88.9,0.64,46.8
2023-12-08 19:00:00,28407.49,94.7,75.5,12.79,89.1,4.81,51.4
2023-12-08 20:00:00,29034.65,0.0,299.4,10.55,83.6,5.85,29.3
2023-12-08 21:00:00,28066.99,0.0,256.87,8.74,86.1,5.65,24.9
2023-12-08 22:00:00,26633.32,0.0,3586.73,6.91,88.3,9.5,22.3
2023-12-08 23:00:00,23735.49,0.0,87.34,6.37,90.9,4.85,15.1
2023-12-09 00:00:00,20621.31,0.0,5755.76,3.41,95.5,10.65,14.0
2023-12-09 01:00:00,21157.28,0.0,358.08,1.47,99.0,6.0,29.5
2023-12-09 02:00:00,21118.1,0.0,2337.94,1.45,99.0,8.53,22.1
2023-12-09 03:00:00,20175.49,0.0,0.64,2.03,96.6,3.37,30.7
2023-12-09 04:00:00,19692.47,0.0,43.13,2.91,98.1,4.49,20.2
2023-12-09 05:00:00,22644.9,0.0,3163.3,2.49,99.0,9.11,20.2
2023-12-09 06:00:00,25092.15,118.66,0.0,2.2,98.9,1.69,26.4
2023-12-09 07:00:00,26540.31,529.04,9916.23,2.72,95.5,12.88,16.0
2023-12-09 08:00:00,27519.2,1097.95,2.42,4.25,91.2,3.56,3.1
2023-12-09 09:00:00,25592.8,1425.26,4855.05,7.22,93.7,10.14,13.4
2023-12-09 10:00:00,26163.42,1563.58,223.15,6.19,91.3,5.53,30.0
2023-12-09 11:00:00,26463.64,1674.07,245.52,7.23,99.0,5.63,30.2
2023-12-09 12:00:00,25893.52,1984.26,0.0,6.89,94.5,1.29,25.8
2023-12-09 13:00:00,26905.05,1903.01,3.21,6.04,95.0,3.63,29.3
2023-12-09 14:00:00,25116.6,1761.02,0.0,7.89,97.6,1.76,31.2
2023-12-09 15:00:00,24922.23,1432.93,69.77,8.88,87.6,4.72,35.1
2023-12-09 16:00:00,24491.57,1553.93,97.65,9.39,86.3,4.96,5.3
2023-12-09 17:00:00,25618.97,1091.99,565.39,10.05,83.7,6.48,0.0
2023-12-09 18:00:00,27810.35,547.97,2629.94,8.83,79.9,8.85,0.0
2023-12-09 19:00:00,28039.34,116.92,87.04,7.45,87.4,4.86,0.0
2023-12-09 20:00:00,25598.38,0.0,0.42,8.82,86.3,3.31,6.2
2023-12-09 21:00:00,24314.9,0.0,37.09,7.27,89.6,4.43,17.8
2023-12-09 22:00:00,23446.69,0.0,3806.98,6.82,95.8,9.49,23.5
2023-12-09 23:00:00,21585.27,0.0,0.94,5.6,88.3,3.42,9.8
2023-12-10 00:00:00,21125.32,0.0,1298.33,2.37,99.0,7.61,31.0
2023-12-10 01:00:00,23151.01,0.0,0.0,-0.58,99.0,1.9,47.3
2023-12-10 02:00:00,24972.1,0.0,86.31,-1.5,99.0,4.88,31.3
2023-12-10 03:00:00,22528.01,0.0,1347.04,-0.28,99.0,7.65,36.3
2023-12-10 04:00:00,21776.63,0.0,605.44,0.89,99.0,6.53,29.5
2023-12-10 05:00:00,21864.23,0.0,659.67,2.45,94.8,6.7,32.4
2023-12-10 06:00:00,24994.19,133.72,1496.1,2.15,97.3,7.9,45.9
2023-12-10 07:00:00,24501.88,268.31,25.1,5.0,99.0,4.23,70.7
2023-12-10 08:00:00,26595.34,462.78,31.4,5.06,99.0,4.32,76.0
2023-12-10 09:00:00,25225.03,670.63,1092.1,6.57,99.0,7.28,75.2
2023-12-10 10:00:00,24677.54,1027.02,252.71,7.81,99.0,5.7,66.9
2023-12-10 11:00:00,24255.38,1170.81,0.0,8.8,98.7,0.5,65.8
2023-12-10 12:00:00,22963.45,935.03,477.29,11.29,99.0,6.3,79.0
2023-12-10 13:00:00,23715.98,1040.96,243.61,11.21,99.0,5.66,73.7
2023-12-10 14:00:00,24028.73,1265.02,0.0,10.2,99.0,0.91,59.0
2023-12-10 15:00:00,23818.63,1389.91,666.5,10.46,91.8,6.72,37.3
2023-12-10 16:00:00,24439.29,950.51,70.55,9.93,92.1,4.73,43.7
2023-12-10 17:00:00,25350.9,670.12,0.0,13.26,88.9,2.33,46.2
2023-12-10 18:00:00,25784.96,403.0,169.27,13.1,92.9,5.34,37.7
2023-12-10 19:00:00,25056.23,70.52,324.08,11.49,96.8,5.88,50.2
2023-12-10 20:00:00,25810.66,0.0,5129.64,9.03,99.0,10.26,43.9
2023-12-10 21:00:00,26098.26,0.0,1478.91,5.66,99.0,7.86,41.8
2023-12-10 22:00:00,25516.34,0.0,45.19,3.37,98.1,4.49,41.3
2023-12-10 23:00:00,24790.12,0.0,0.03,2.47,99.0,3.13,36.9
2023-12-11 00:00:00,24114.92,0.0,4797.06,3.02,97.1,10.12,40.3
2023-12-11 01:00:00,23528.37,0.0,5219.49,3.51,99.0,10.2,54.1
2023-12-11 02:00:00,23689.76,0.0,26.42,3.22,98.8,4.26,38.7
2023-12-11 03:00:00,24187.84,0.0,0.0,2.63,91.3,3.04,44.7
2023-12-11 04:00:00,23539.32,0.0,2521.56,3.05,99.0,8.71,46.2
2023-12-11 05:00:00,24595.84,0.0,2371.81,2.9,99.0,8.69,47.3
2023-12-11 06:00:00,24746.32,113.54,12.65,5.53,99.0,3.97,56.9
2023-12-11 07:00:00,28083.86,236.93,1451.81,6.18,99.0,7.73,55.4
2023-12-11 08:00:00,28662.53,561.08,30.36,7.13,96.0,4.3,59.3
2023-12-11 09:00:00,29797.89,824.87,7.98,5.84,99.0,3.84,65.6
2023-12-11 10:00:00,29370.86,1101.3,15.56,6.91,98.1,4.04,56.5
2023-12-11 11:00:00,28583.2,1221.29,158.53,9.05,92.6,5.27,58.1
2023-12-11 12:00:00,28274.74,1427.7,1418.72,8.88,99.0,7.74,52.9
2023-12-11 13:00:00,27997.77,1536.43,63.57,8.89,99.0,4.66,49.7
2023-12-11 14:00:00,26767.24,1491.64,0.0,10.36,96.4,2.99,44.7
2023-12-11 15:00:00,28461.04,1197.38,2336.87,8.95,97.4,8.6,49.8
2023-12-11 16:00:00,27783.27,997.14,0.0,10.11,96.6,0.57,49.6
2023-12-11 17:00:00,30143.41,661.8,1226.64,9.12,91.6,7.45,53.2
2023-12-11 18:00:00,30806.53,297.94,1169.8,8.03,98.1,7.49,51.4
2023-12-11 19:00:00,32151.18,113.18,0.09,5.92,91.7,3.19,30.7
2023-12-11 20:00:00,32060.1,0.0,0.0,5.37,91.0,3.0,32.2
2023-12-11 21:00:00,28791.42,0.0,3859.15,6.99,96.3,9.63,33.9
2023-12-11 22:00:00,26882.62,0.0,552.41,6.59,99.0,6.49,37.5
2023-12-11 23:00:00,25204.12,0.0,0.0,4.41,96.0,2.19,30.7
2023-12-12 00:00:00,23331.16,0.0,6141.56,4.52,93.2,10.78,17.7
2023-12-12 01:00:00,23266.27,0.0,236.44,,93.8,5.59,27.9
2023-12-12 02:00:00,21408.45,0.0,239.86,4.3,96.5,5.65,26.1
2023-12-12 03:00:00,22100.68,0.0,1715.9,4.88,99.0,8.1,29.8
2023-12-12 04:00:00,24968.52,0.0,1952.32,1.62,99.0,8.22,27.7
2023-12-12 05:00:00,27097.04,0.0,236.12,1.02,99.0,5.62,29.1
2023-12-12 06:00:00,28138.57,56.03,3.35,2.9,95.7,3.64,25.1
2023-12-12 07:00:00,28714.52,562.22,723.36,4.08,91.5,6.73,15.3
2023-12-12 08:00:00,29983.18,933.46,854.51,4.11,99.0,7.05,23.9
2023-12-12 09:00:00,31089.22,1319.57,3346.54,4.73,97.3,9.39,18.6
2023-12-12 10:00:00,31264.19,1664.65,155.4,3.99,95.5,5.28,23.2
2023-12-12 11:00:00,30534.16,1709.57,466.62,5.27,94.5,6.32,30.2
2023-12-12 12:00:00,27348.3,1964.55,0.0,8.92,94.3,0.87,24.3
2023-12-12 13:00:00,27683.33,2170.47,2917.59,10.63,82.6,8.96,11.8
2023-12-12 14:00:00,26261.53,1504.11,0.14,13.53,91.1,3.22,44.3
2023-12-12 15:00:00,25780.07,1409.79,224.5,14.52,84.5,5.6,37.5
2023-12-12 16:00:00,27442.69,1022.3,3490.46,15.3,81.7,9.32,45.3
2023-12-12 17:00:00,26930.89,520.96,1313.0,16.74,96.0,7.63,67.9
2023-12-12 18:00:00,28160.43,261.45,346.56,16.03,92.6,6.0,74.1
2023-12-12 19:00:00,28593.04,127.3,771.69,14.47,89.5,6.86,66.4
2023-12-12 20:00:00,27740.5,0.0,4891.13,14.12,86.3,10.28,62.5
2023-12-12 21:00:00,24856.16,0.0,2432.86,14.09,83.6,8.69,49.8
2023-12-12 22:00:00,23524.64,0.0,808.96,11.87,92.7,6.92,59.2
2023-12-12 23:00:00,22544.35,0.0,1391.86,9.53,99.0,7.64,63.7
2023-12-13 00:00:00,21541.03,0.0,4.11,8.22,95.9,3.68,55.0
2023-12-13 01:00:00,20791.52,0.0,596.18,8.06,99.0,6.52,40.7
2023-12-13 02:00:00,19953.93,0.0,161.94,8.11,90.3,5.33,24.8
2023-12-13 03:00:00,20872.36,0.0,510.28,6.0,92.5,6.38,38.5
2023-12-13 04:00:00,19913.68,0.0,1849.15,8.01,92.9,8.23,40.2
2023-12-13 05:00:00,22164.3,0.0,9.37,7.41,91.2,3.89,42.8
2023-12-13 06:00:00,24891.29,15.68,0.0,7.57,90.2,1.84,32.7
2023-12-13 07:00:00,26909.41,591.61,220.82,7.3,86.2,5.51,16.0
2023-12-13 08:00:00,26360.39,807.07,62.34,11.23,80.3,4.65,30.5
2023-12-13 09:00:00,27002.88,1167.86,124.27,12.37,92.8,5.1,32.2
2023-12-13 10:00:00,27181.07,1366.17,5557.49,12.32,90.6,10.56,44.1
2023-12-13 11:00:00,26090.08,1617.78,793.93,14.15,83.2,6.9,39.0
2023-12-13 12:00:00,25258.57,1773.23,2.04,15.67,84.0,3.53,36.3
2023-12-13 13:00:00,24855.98,1641.17,0.0,15.87,81.8,2.1,45.4
2023-12-13 14:00:00,25488.86,1336.91,211.49,16.96,75.0,5.52,53.6
2023-12-13 15:00:00,25331.16,1091.51,287.36,15.86,99.0,5.83,61.6
2023-12-13 16:00:00,26975.88,844.78,37.09,14.88,89.8,4.42,55.5
2023-12-13 17:00:00,27748.95,596.79,0.0,11.96,92.2,2.4,61.1
2023-12-13 18:00:00,30878.36,289.78,0.0,9.65,92.7,0.5,71.9
2023-12-13 19:00:00,29156.96,121.66,0.31,10.66,91.8,3.29,66.9
2023-12-13 20:00:00,27735.29,0.0,113.76,11.2,99.0,5.07,57.5
2023-12-13 21:00:00,26734.61,0.0,2172.84,9.81,99.0,8.38,71.6
2023-12-13 22:00:00,23914.37,0.0,3814.3,10.2,99.0,9.59,60.0
2023-12-13 23:00:00,23376.8,0.0,251.34,8.56,95.9,5.64,65.2
2023-12-14 00:00:00,21958.33,0.0,3314.78,6.89,99.0,9.33,61.8
2023-12-14 01:00:00,21509.25,0.0,9732.86,5.95,98.7,15.69,37.1
2023-12-14 02:00:00,21018.18,0.0,2400.97,5.1,99.0,8.75,51.1
2023-12-14 03:00:00,21878.23,0.0,2734.69,4.5,95.7,8.92,16.8
2023-12-14 04:00:00,21061.83,0.0,8160.02,5.74,81.9,11.48,0.0
2023-12-14 05:00:00,21561.19,0.0,208.21,6.13,84.5,5.5,7.5
2023-12-14 06:00:00,24010.26,153.45,0.0,7.44,88.0,1.65,17.8
2023-12-14 07:00:00,26191.68,526.48,9987.91,9.3,88.8,14.28,12.9
2023-12-14 08:00:00,26558.14,906.38,341.65,10.56,80.2,5.95,18.0
2023-12-14 09:00:00,27152.03,1525.84,2066.13,10.4,80.7,8.35,0.0
2023-12-14 10:00:00,28100.99,1861.32,2004.64,9.91,82.6,8.38,4.9
2023-12-14 11:00:00,27628.7,1979.05,31.74,11.08,86.7,4.32,12.2
2023-12-14 12:00:00,27676.16,2204.67,137.78,11.75,86.0,5.19,15.1
2023-12-14 13:00:00,25366.07,2111.82,104.66,12.48,79.1,4.99,18.4
2023-12-14 14:00:00,25772.28,1799.97,0.0,12.82,90.6,2.35,27.0
2023-12-14 15:00:00,26255.5,1570.66,0.0,15.71,76.4,1.33,28.3
2023-12-14 16:00:00,26985.7,1490.17,95.04,13.81,82.9,4.9,7.3
2023-12-14 17:00:00,28932.48,719.52,0.0,10.96,87.9,1.52,37.6
2023-12-14 18:00:00,29486.09,376.27,4.11,10.54,95.0,3.67,52.4
2023-12-14 19:00:00,30129.76,160.01,0.0,9.08,93.1,2.6,35.6
2023-12-14 20:00:00,29543.21,0.0,931.34,8.24,93.3,7.19,32.0
2023-12-14 21:00:00,27295.08,0.0,3922.26,7.6,95.6,9.58,30.3
2023-12-14 22:00:00,25672.43,0.0,622.43,7.69,97.9,6.65,44.4
2023-12-14 23:00:00,24905.37,0.0,230.79,4.72,97.1,5.62,18.1
2023-12-15 00:00:00,24945.86,0.0,9806.59,2.92,97.5,16.42,15.1
2023-12-15 01:00:00,24178.34,0.0,0.0,2.62,87.3,2.13,0.0
2023-12-15 02:00:00,24122.23,0.0,169.3,2.95,92.9,5.36,0.0
2023-12-15 03:00:00,21445.01,0.0,134.2,5.12,86.6,5.19,0.0
2023-12-15 04:00:00,20673.99,0.0,267.56,6.1,84.1,5.76,4.3
2023-12-15 05:00:00,21545.85,0.0,54.8,6.25,86.5,4.63,1.5
2023-12-15 06:00:00,24965.82,109.54,65.03,5.77,88.7,4.72,0.0
2023-12-15 07:00:00,28021.99,460.05,39.84,5.97,91.1,4.42,9.9
2023-12-15 08:00:00,29291.55,857.72,368.94,6.34,96.1,6.07,19.1
2023-12-15 09:00:00,28005.81,1206.8,87.89,8.22,96.8,4.87,28.3
2023-12-15 10:00:00,27572.72,1484.69,621.13,9.62,90.8,6.55,27.7
2023-12-15 11:00:00,28109.66,1854.31,147.5,9.18,90.8,5.22,22.4
2023-12-15 12:00:00,27818.58,1947.02,0.0,9.66,88.7,2.33,23.2
2023-12-15 13:00:00,27186.12,1831.08,1325.15,11.38,91.0,7.62,31.3
2023-12-15 14:00:00,26084.02,2107.68,33.35,12.18,82.5,4.34,6.4
2023-12-15 15:00:00,26096.95,1720.14,0.0,12.89,81.5,1.69,15.2
2023-12-15 16:00:00,27902.78,1310.9,0.0,13.03,91.9,1.87,22.0
2023-12-15 17:00:00,28706.77,819.1,1142.17,14.2,80.2,7.45,25.1
2023-12-15 18:00:00,28536.34,476.15,626.35,13.47,89.3,6.61,25.2
2023-12-15 19:00:00,29386.99,101.7,130.47,11.81,74.0,5.16,0.0
2023-12-15 20:00:00,29838.99,0.0,9.92,9.45,86.0,3.9,0.0
2023-12-15 21:00:00,28294.66,0.0,186.69,8.36,95.8,5.4,23.2
2023-12-15 22:00:00,27512.01,0.0,941.29,4.3,88.7,7.15,25.4
2023-12-15 23:00:00,26563.98,0.0,5316.77,2.98,98.3,10.31,23.6
2023-12-16 00:00:00,21478.41,0.0,822.47,1.67,99.0,7.01,26.1
2023-12-16 01:00:00,23190.26,0.0,112.49,-0.54,99.0,5.02,32.2
2023-12-16 02:00:00,24570.25,0.0,0.0,-1.89,99.0,2.69,41.2
2023-12-16 03:00:00,23575.0,0.0,30.31,-0.97,99.0,4.31,38.4
2023-12-16 04:00:00,22988.45,0.0,1705.74,-0.42,99.0,8.12,43.9
2023-12-16 05:00:00,22953.7,0.0,13.47,0.28,99.0,4.0,63.7
2023-12-16 06:00:00,25537.85,63.0,531.94,1.47,99.0,6.42,73.0
2023-12-16 07:00:00,27333.71,150.5,1680.82,2.64,99.0,8.02,97.3
2023-12-16 08:00:00,26717.95,418.67,47.7,5.22,99.0,4.54,82.7
2023-12-16 09:00:00,25765.42,417.34,889.75,6.57,99.0,7.13,97.8
2023-12-16 10:00:00,26251.12,809.91,374.51,6.18,99.0,6.05,81.5
2023-12-16 11:00:00,24784.18,877.43,58.09,9.19,97.6,4.64,80.9
2023-12-16 12:00:00,24038.07,839.47,3161.18,10.55,99.0,9.21,84.9
2023-12-16 13:00:00,23595.37,1111.99,488.11,10.59,97.1,6.31,73.6
2023-12-16 14:00:00,22897.55,1064.41,1.44,9.67,98.1,3.48,70.7
2023-12-16 15:00:00,24575.88,843.41,1091.48,10.33,96.8,7.38,78.1
2023-12-16 16:00:00,24456.27,778.9,652.21,10.06,98.6,6.66,65.2
2023-12-16 17:00:00,24787.48,346.96,1136.45,11.35,97.8,7.39,82.3
2023-12-16 18:00:00,26353.17,411.34,372.71,10.14,99.0,6.03,60.8
2023-12-16 19:00:00,27150.37,27.02,22.72,8.18,99.0,4.18,81.7
2023-12-16 20:00:00,25914.72,0.0,25.45,8.02,99.0,4.23,88.8
2023-12-16 21:00:00,24398.73,0.0,812.26,7.75,99.0,7.0,82.0
2023-12-16 22:00:00,22699.18,0.0,0.0,6.59,99.0,2.98,72.3
2023-12-16 23:00:00,20947.91,0.0,3442.32,6.07,99.0,9.39,62.5
2023-12-17 00:00:00,19348.79,0.0,220.04,4.76,98.1,5.56,58.5
2023-12-17 01:00:00,19553.95,0.0,1560.33,4.11,99.0,7.82,55.9
2023-12-17 02:00:00,17779.8,0.0,761.85,4.77,99.0,6.86,69.2
2023-12-17 03:00:00,18969.36,0.0,910.62,5.09,99.0,7.06,89.5
2023-12-17 04:00:00,19146.49,0.0,2967.51,4.82,99.0,8.97,86.1
2023-12-17 05:00:00,18928.06,0.0,1409.73,6.58,99.0,7.79,70.6
2023-12-17 06:00:00,23091.51,23.92,52.98,4.45,99.0,4.61,60.6
2023-12-17 07:00:00,22914.46,362.29,0.0,7.58,93.3,2.61,56.1
2023-12-17 08:00:00,25678.94,682.8,3308.69,6.62,93.9,9.39,42.0
2023-12-17 09:00:00,25937.7,1196.63,4054.07,7.05,98.7,9.82,27.7
2023-12-17 10:00:00,25219.95,1149.57,0.0,8.18,99.0,2.69,54.6
2023-12-17 11:00:00,25118.93,1277.56,3.65,9.11,97.5,3.64,56.6
2023-12-17 12:00:00,23606.83,1567.58,0.07,11.16,92.2,3.17,44.8
2023-12-17 13:00:00,23567.01,1487.29,4703.05,10.65,90.0,10.01,54.2
2023-12-17 14:00:00,22930.14,1581.87,0.0,11.38,95.0,2.21,38.5
2023-12-17 15:00:00,23977.59,1523.4,0.0,10.86,83.3,1.82,25.7
2023-12-17 16:00:00,23891.63,1369.76,0.0,11.01,88.5,2.01,18.0
2023-12-17 17:00:00,25891.0,703.94,660.15,10.43,97.0,6.69,40.6
2023-12-17 18:00:00,26846.82,403.74,2870.89,9.74,92.0,9.03,37.7
2023-12-17 19:00:00,27738.0,89.69,28.9,8.12,90.7,4.29,8.8
2023-12-17 20:00:00,27423.76,0.0,0.0,6.41,99.0,2.41,27.3
2023-12-17 21:00:00,25263.46,0.0,501.6,5.53,95.7,6.4,25.3
2023-12-17 22:00:00,23389.13,0.0,5.23,5.34,89.1,3.73,5.0
2023-12-17 23:00:00,22384.85,0.0,0.0,3.49,92.2,2.47,5.6
2023-12-18 00:00:00,25577.04,0.0,5951.06,1.41,95.2,10.69,16.4
2023-12-18 01:00:00,25569.25,0.0,5628.33,1.38,97.1,10.6,24.3
2023-12-18 02:00:00,24115.13,0.0,10000.0,0.88,99.0,13.88,47.9
2023-12-18 03:00:00,24935.19,0.0,648.15,1.64,99.0,6.71,37.0
2023-12-18 04:00:00,25961.78,0.0,159.13,0.77,99.0,5.27,38.1
2023-12-18 05:00:00,28664.44,0.0,3068.29,-0.69,98.5,9.21,30.1
2023-12-18 06:00:00,30805.93,135.39,13.49,-0.37,99.0,4.0,13.0
2023-12-18 07:00:00,32966.34,455.26,29.73,-0.06,99.0,4.3,27.1
2023-12-18 08:00:00,33155.28,783.57,18.77,1.22,98.4,4.11,34.4
2023-12-18 09:00:00,33310.74,1093.47,8168.94,1.96,99.0,11.53,38.7
2023-12-18 10:00:00,31000.79,1331.99,1092.33,4.24,93.7,7.42,44.1
2023-12-18 11:00:00,30721.9,1665.36,0.0,5.25,92.3,2.1,35.6
2023-12-18 12:00:00,28953.2,1901.9,0.0,6.59,96.1,1.4,24.3
2023-12-18 13:00:00,28721.71,1873.64,1806.77,7.68,90.7,8.08,26.8
2023-12-18 14:00:00,27804.27,1559.98,1165.7,8.5,99.0,7.4,42.5
2023-12-18 15:00:00,28288.34,1004.5,341.53,8.75,99.0,5.95,61.7
2023-12-18 16:00:00,28049.8,762.05,0.0,9.26,99.0,2.14,68.9
2023-12-18 17:00:00,30518.99,571.96,46.55,7.97,97.0,4.52,66.0
2023-12-18 18:00:00,30512.95,212.27,267.21,8.87,98.6,5.7,66.3
2023-12-18 19:00:00,31515.22,54.76,5245.22,7.63,98.3,10.29,63.5
2023-12-18 20:00:00,31604.95,0.0,0.0,5.06,96.8,2.74,48.5
2023-12-18 21:00:00,30700.74,0.0,304.23,4.14,99.0,5.83,48.0
2023-12-18 22:00:00,29515.66,0.0,0.21,2.06,99.0,3.25,31.2
2023-12-18 23:00:00,27706.92,0.0,320.2,1.78,99.0,5.88,31.0
2023-12-19 00:00:00,24554.71,0.0,21.75,3.19,99.0,4.18,52.2
2023-12-19 01:00:00,24854.35,0.0,4760.53,1.51,99.0,10.06,60.8
2023-12-19 02:00:00,24430.47,0.0,95.39,1.39,98.3,4.96,47.5
2023-12-19 03:00:00,26259.78,0.0,446.51,-0.73,99.0,6.27,45.9
2023-12-19 04:00:00,26207.56,0.0,403.65,0.03,99.0,6.16,35.4
2023-12-19 05:00:00,27985.76,0.0,5637.58,-0.4,99.0,10.53,35.5
2023-12-19 06:00:00,30626.63,125.14,2808.73,-0.22,99.0,8.88,48.7
2023-12-19 07:00:00,32810.99,324.12,0.0,-0.29,99.0,2.37,55.8
2023-12-19 08:00:00,32411.78,373.72,0.0,1.89,99.0,2.22,83.9
2023-12-19 09:00:00,30360.91,497.95,384.95,4.39,99.0,6.12,93.2
2023-12-19 10:00:00,30530.46,685.46,84.79,5.73,99.0,4.84,89.5
2023-12-19 11:00:00,29936.47,661.6,0.66,6.01,99.0,3.37,91.9
2023-12-19 12:00:00,28041.16,969.54,1223.48,8.87,98.5,7.59,83.5
2023-12-19 13:00:00,28127.59,1140.14,0.0,8.82,99.0,1.61,65.0
2023-12-19 14:00:00,29599.19,858.17,7721.48,6.98,99.0,11.44,77.9
2023-12-19 15:00:00,28621.12,670.46,0.0,7.85,99.0,0.5,85.7
2023-12-19 16:00:00,29255.22,625.66,0.0,6.62,99.0,1.38,77.5
2023-12-19 17:00:00,31148.34,437.58,0.13,7.45,99.0,3.21,76.5
2023-12-19 18:00:00,31350.4,172.31,96.89,6.41,99.0,4.93,87.3
2023-12-19 19:00:00,31448.93,10.55,0.0,6.24,99.0,2.87,92.0
2023-12-19 20:00:00,30893.0,0.0,1163.27,6.73,99.0,7.49,68.4
2023-12-19 21:00:00,30304.68,0.0,53.29,4.17,99.0,4.61,68.2
2023-12-19 22:00:00,29165.3,0.0,0.0,2.39,99.0,1.77,63.0
2023-12-19 23:00:00,28163.59,0.0,5328.64,1.27,99.0,10.28,73.8
2023-12-20 00:00:00,25399.26,0.0,10000.0,1.97,99.0,12.1,82.6
2023-12-20 01:00:00,25672.78,0.0,1466.67,0.49,99.0,7.72,93.6
2023-12-20 02:00:00,26971.39,0.0,4271.14,-0.59,99.0,9.77,74.0
2023-12-20 03:00:00,26566.26,0.0,6.32,-0.14,99.0,3.77,60.8
2023-12-20 04:00:00,27469.83,0.0,121.87,-0.56,99.0,5.07,71.9
2023-12-20 05:00:00,27949.74,0.0,192.63,0.17,99.0,5.4,61.2
2023-12-20 06:00:00,30675.84,86.88,10000.0,-0.7,99.0,12.75,40.7
2023-12-20 07:00:00,29619.4,340.32,525.54,2.9,99.0,6.41,47.3
2023-12-20 08:00:00,30806.51,769.58,0.0,2.59,96.0,0.97,40.1
2023-12-20 09:00:00,31887.12,821.98,76.98,3.58,99.0,4.79,61.8
2023-12-20 10:00:00,30692.64,1009.85,0.0,4.9,99.0,0.5,63.0
2023-12-20 11:00:00,28362.33,1181.26,0.0,8.27,95.3,3.06,62.4
2023-12-20 12:00:00,27748.85,1437.97,46.79,7.79,98.5,4.51,55.6
2023-12-20 13:00:00,26419.12,1053.64,0.4,10.8,99.0,3.31,73.1
2023-12-20 14:00:00,25596.8,938.5,0.0,12.05,99.0,0.5,73.7
2023-12-20 15:00:00,27177.48,946.82,0.0,12.56,95.0,1.31,65.0
2023-12-20 16:00:00,27888.41,914.5,104.21,11.18,90.0,4.96,52.7
2023-12-20 17:00:00,28184.3,677.35,504.88,11.26,99.0,6.35,50.6
2023-12-20 18:00:00,30906.76,446.96,18.36,9.61,95.3,4.12,37.8
2023-12-20 19:00:00,29280.5,160.54,985.38,9.97,96.9,7.15,50.7
2023-12-20 20:00:00,29974.02,0.0,0.0,7.62,96.4,2.68,28.0
2023-12-20 21:00:00,29156.95,0.0,0.0,6.2,95.3,2.58,28.0
2023-12-20 22:00:00,27805.39,0.0,3375.76,4.31,99.0,9.38,37.0
2023-12-20 23:00:00,27177.95,0.0,122.54,2.06,99.0,5.07,41.7
2023-12-21 00:00:00,25536.43,0.0,378.86,1.83,99.0,6.03,33.4
2023-12-21 01:00:00,24740.74,0.0,9660.23,1.67,99.0,12.42,42.4
2023-12-21 02:00:00,23747.78,0.0,490.46,2.49,99.0,6.28,31.8
2023-12-21 03:00:00,25731.83,0.0,0.0,0.27,99.0,1.66,32.8
2023-12-21 04:00:00,24476.62,0.0,9911.53,1.62,99.0,12.22,41.8
2023-12-21 05:00:00,24166.89,0.0,0.0,4.81,99.0,1.94,47.4
2023-12-21 06:00:00,25657.8,132.15,1620.51,4.86,99.0,7.92,38.7
2023-12-21 07:00:00,26905.87,300.69,98.44,7.77,99.0,4.94,53.5
2023-12-21 08:00:00,27654.71,625.93,286.61,8.35,99.0,5.79,53.2
2023-12-21 09:00:00,28104.96,733.56,383.4,7.83,99.0,6.09,60.9
2023-12-21 10:00:00,28154.51,802.79,61.31,8.59,99.0,4.69,77.0
2023-12-21 11:00:00,27058.18,758.17,1352.81,10.79,99.0,7.62,86.3
2023-12-21 12:00:00,27496.74,591.02,4386.15,10.68,99.0,10.0,94.4
2023-12-21 13:00:00,26961.86,859.58,0.0,10.67,99.0,1.13,90.5
2023-12-21 14:00:00,27116.91,634.8,1080.04,11.73,99.0,7.37,94.3
2023-12-21 15:00:00,26348.18,524.79,0.0,11.8,99.0,1.45,90.6
2023-12-21 16:00:00,26259.84,710.75,0.0,12.18,95.0,0.93,70.3
2023-12-21 17:00:00,28740.12,571.46,6159.49,11.84,99.0,10.65,70.6
2023-12-21 18:00:00,30169.13,354.61,78.74,11.47,99.0,4.78,70.3
2023-12-21 19:00:00,29884.35,64.63,0.0,9.84,99.0,2.29,74.0
2023-12-21 20:00:00,28740.69,0.0,349.43,8.81,99.0,5.96,68.6
2023-12-21 21:00:00,28394.39,0.0,9.19,6.42,99.0,3.87,56.4
2023-12-21 22:00:00,27195.33,0.0,270.91,6.53,97.8,5.74,62.6
2023-12-21 23:00:00,25102.08,0.0,1082.71,4.54,97.5,7.33,44.4
2023-12-22 00:00:00,22785.99,0.0,5235.43,4.58,99.0,10.39,61.9
2023-12-22 01:00:00,23904.17,0.0,0.0,3.4,99.0,1.47,56.8
2023-12-22 02:00:00,23125.35,0.0,53.7,3.01,99.0,4.61,58.1
2023-12-22 03:00:00,22913.05,0.0,1.49,2.16,99.0,3.48,62.9
2023-12-22 04:00:00,26134.38,0.0,1.25,1.1,99.0,3.45,67.6
2023-12-22 05:00:00,28501.49,0.0,9795.4,-0.36,99.0,12.36,47.7
2023-12-22 06:00:00,30279.68,84.13,8852.47,-0.67,99.0,11.86,57.0
2023-12-22 07:00:00,33379.55,372.66,2288.42,0.12,99.0,8.54,58.9
2023-12-22 08:00:00,32186.06,659.44,1020.2,1.68,99.0,7.21,49.3
2023-12-22 09:00:00,30456.92,1097.5,3054.28,4.17,99.0,9.19,39.5
2023-12-22 10:00:00,30138.0,1451.01,0.0,4.99,99.0,1.47,35.9
2023-12-22 11:00:00,31310.26,1826.39,0.0,5.27,99.0,1.95,21.1
2023-12-22 12:00:00,31477.01,1657.5,1.27,4.83,99.0,3.45,44.4
2023-12-22 13:00:00,29053.66,1234.42,1579.57,6.35,99.0,7.93,62.0
2023-12-22 14:00:00,28678.59,1111.29,30.45,8.53,98.0,4.34,65.1
2023-12-22 15:00:00,26383.12,1072.51,48.19,10.18,93.3,4.54,59.7
2023-12-22 16:00:00,28166.88,937.75,0.0,10.79,99.0,2.42,55.3
2023-12-22 17:00:00,29501.6,588.87,341.12,10.96,96.9,5.91,62.9
2023-12-22 18:00:00,29896.0,218.45,3034.02,11.97,94.1,9.02,81.6
2023-12-22 19:00:00,29148.43,78.89,6.84,11.15,96.7,3.79,70.1
2023-12-22 20:00:00,28633.94,0.0,522.17,10.49,95.7,6.38,53.4
2023-12-22 21:00:00,27219.9,0.0,38.0,8.66,99.0,4.41,70.7
2023-12-22 22:00:00,26833.67,0.0,2399.81,5.72,95.4,8.75,45.9
2023-12-22 23:00:00,25843.82,0.0,398.44,3.71,98.3,6.12,33.4
2023-12-23 00:00:00,21383.9,0.0,173.12,2.55,96.1,5.32,31.8
2023-12-23 01:00:00,21858.92,0.0,415.99,1.8,99.0,6.13,14.4
2023-12-23 02:00:00,19565.21,0.0,0.73,3.4,91.3,3.38,31.2
2023-12-23 03:00:00,20336.56,0.0,5781.46,3.15,99.0,10.68,42.9
2023-12-23 04:00:00,19052.46,0.0,9446.32,4.45,99.0,12.94,36.0
2023-12-23 05:00:00,21710.69,0.0,608.84,4.21,99.0,6.57,52.2
2023-12-23 06:00:00,23500.71,116.12,34.84,4.44,99.0,4.36,68.5
2023-12-23 07:00:00,25998.91,296.33,1315.46,3.81,99.0,7.69,64.0
2023-12-23 08:00:00,27296.24,576.18,238.78,4.09,99.0,5.65,56.1
2023-12-23 09:00:00,25914.71,566.94,6.42,5.91,99.0,3.78,81.6
2023-12-23 10:00:00,25792.67,733.75,0.0,7.11,99.0,1.14,85.6
2023-12-23 11:00:00,24191.83,794.84,3229.14,9.27,99.0,9.31,83.6
2023-12-23 12:00:00,24533.02,612.76,1285.16,10.36,99.0,7.64,95.1
2023-12-23 13:00:00,23466.25,717.88,1545.16,10.63,99.0,7.88,92.4
2023-12-23 14:00:00,22755.1,881.45,17.38,13.39,91.8,4.09,80.4
2023-12-23 15:00:00,21907.83,857.83,748.61,13.24,99.0,6.78,76.9
2023-12-23 16:00:00,23192.67,485.99,144.06,14.16,91.8,5.21,85.3
2023-12-23 17:00:00,24638.36,626.73,4.86,12.98,94.6,3.71,56.3
2023-12-23 18:00:00,25977.37,402.4,1883.38,12.78,87.0,8.27,51.2
2023-12-23 19:00:00,25466.79,32.82,9913.46,12.55,86.9,16.21,66.8
2023-12-23 20:00:00,25103.93,0.0,4229.22,11.33,93.1,9.79,57.8
2023-12-23 21:00:00,25165.11,0.0,1858.41,7.2,99.0,8.24,74.6
2023-12-23 22:00:00,23880.38,0.0,1936.72,5.86,99.0,8.23,87.8
2023-12-23 23:00:00,21061.03,0.0,1224.12,5.94,99.0,7.56,81.6
2023-12-24 00:00:00,18746.74,0.0,4869.48,5.23,99.0,10.13,70.4
2023-12-24 01:00:00,18882.53,0.0,685.72,4.74,99.0,6.7,63.7
2023-12-24 02:00:00,20525.65,0.0,31.21,2.14,99.0,4.32,93.2
2023-12-24 03:00:00,19946.68,0.0,3550.69,1.08,99.0,9.35,100.0
2023-12-24 04:00:00,20827.59,0.0,9229.87,1.65,99.0,11.72,100.0
2023-12-24 05:00:00,23037.1,0.0,222.37,2.51,99.0,5.53,88.7
2023-12-24 06:00:00,22771.9,54.6,3247.39,4.51,99.0,9.17,84.7
2023-12-24 07:00:00,24954.46,120.01,47.09,5.18,99.0,4.55,82.6
2023-12-24 08:00:00,24439.5,597.85,8112.79,6.63,99.0,11.52,63.0
2023-12-24 09:00:00,24552.74,860.4,986.77,7.72,99.0,7.27,61.6
2023-12-24 10:00:00,25576.95,843.76,335.29,7.72,99.0,5.96,75.2
2023-12-24 11:00:00,26117.23,1338.07,1347.27,6.31,99.0,7.68,49.8
2023-12-24 12:00:00,24685.63,1361.68,1575.52,7.85,95.7,7.85,58.9
2023-12-24 13:00:00,25033.18,1059.44,2763.98,8.84,96.6,8.92,73.5
2023-12-24 14:00:00,24121.86,1048.45,2889.1,8.67,98.2,8.98,63.2
2023-12-24 15:00:00,25035.16,793.95,0.0,7.11,99.0,0.5,81.1
2023-12-24 16:00:00,25825.62,799.94,0.0,7.81,99.0,1.43,68.3
2023-12-24 17:00:00,27029.5,559.27,1548.06,7.15,99.0,7.83,70.5
2023-12-24 18:00:00,27747.18,240.51,5454.53,7.12,99.0,10.48,63.6
2023-12-24 19:00:00,27028.79,0.0,3.31,8.26,99.0,3.62,57.5
2023-12-24 20:00:00,28063.31,0.0,0.0,4.7,97.7,0.5,48.3
2023-12-24 21:00:00,27427.52,0.0,33.4,2.79,99.0,4.34,56.1
2023-12-24 22:00:00,27120.62,0.0,120.62,1.45,99.0,5.12,64.7
2023-12-24 23:00:00,24321.87,0.0,2436.15,2.04,99.0,8.67,61.4
2023-12-25 00:00:00,28004.62,0.0,0.0,-0.82,99.0,2.46,43.1
2023-12-25 01:00:00,26068.88,0.0,43.62,0.69,99.0,4.48,48.0
2023-12-25 02:00:00,25436.87,0.0,7243.8,0.37,99.0,11.15,52.5
2023-12-25 03:00:00,24912.0,0.0,18.54,0.1,99.0,4.11,48.8
2023-12-25 04:00:00,26625.06,0.0,3117.32,0.05,99.0,9.21,70.6
2023-12-25 05:00:00,27766.99,0.0,244.34,0.06,99.0,5.68,48.6
2023-12-25 06:00:00,28418.04,98.9,1544.0,2.02,97.9,7.92,21.4
2023-12-25 07:00:00,31082.34,528.79,0.0,1.82,89.6,2.6,15.2
2023-12-25 08:00:00,31086.77,802.4,35.71,3.4,88.6,4.37,27.1
2023-12-25 09:00:00,30965.37,1274.44,133.25,4.24,99.0,5.13,16.4
2023-12-25 10:00:00,30832.92,1857.62,2862.58,4.69,88.1,9.03,7.9
2023-12-25 11:00:00,28848.82,1823.21,247.59,8.78,97.0,5.62,23.6
2023-12-25 12:00:00,27622.6,1852.41,0.0,10.15,95.1,0.73,31.5
2023-12-25 13:00:00,27219.73,1717.61,1182.8,11.48,95.6,7.51,37.5
2023-12-25 14:00:00,26758.71,1429.12,0.0,13.07,87.0,0.57,47.6
2023-12-25 15:00:00,26172.48,1325.99,4037.06,11.46,84.0,9.76,42.0
2023-12-25 16:00:00,27538.58,1085.87,0.0,13.13,82.7,2.27,37.6
2023-12-25 17:00:00,29732.12,657.99,53.67,9.68,92.7,4.58,48.0
2023-12-25 18:00:00,31197.43,387.04,0.0,8.04,83.1,1.13,31.3
2023-12-25 19:00:00,31909.77,154.11,235.46,6.56,86.7,5.6,7.1
2023-12-25 20:00:00,30652.59,0.0,175.01,6.09,88.2,5.38,6.2
2023-12-25 21:00:00,30037.87,0.0,108.24,5.09,89.2,5.02,21.9
2023-12-25 22:00:00,27881.8,0.0,0.0,3.66,93.6,1.71,27.5
2023-12-25 23:00:00,26300.26,0.0,5305.43,2.49,99.0,10.31,39.7
2023-12-26 00:00:00,27181.67,0.0,3644.01,0.33,99.0,9.41,16.2
2023-12-26 01:00:00,28579.94,0.0,1581.97,-2.01,99.0,7.85,23.3
2023-12-26 02:00:00,27578.48,0.0,1216.2,-1.53,99.0,7.45,33.6
2023-12-26 03:00:00,26358.45,0.0,2347.17,-0.82,99.0,8.58,18.6
2023-12-26 04:00:00,25335.3,0.0,11.71,1.14,99.0,3.96,32.0
2023-12-26 05:00:00,26997.96,0.0,9715.56,0.69,99.0,11.95,32.0
2023-12-26 06:00:00,28151.28,122.35,91.37,2.22,99.0,4.89,70.3
2023-12-26 07:00:00,29999.14,373.25,1273.96,2.86,99.0,7.62,41.0
2023-12-26 08:00:00,29355.19,686.49,783.85,5.3,99.0,6.89,57.7
2023-12-26 09:00:00,28552.82,962.87,730.76,7.57,99.0,6.84,51.3
2023-12-26 10:00:00,28662.4,1503.1,3631.58,8.88,91.0,9.4,31.0
2023-12-26 11:00:00,27710.17,1827.74,1.94,9.5,88.6,3.53,26.2
2023-12-26 12:00:00,26855.32,1869.62,932.16,11.42,89.9,7.08,31.6
2023-12-26 13:00:00,26167.22,1555.83,197.97,12.7,82.3,5.47,45.5
2023-12-26 14:00:00,26051.98,1155.18,0.0,12.21,90.9,0.87,66.0
2023-12-26 15:00:00,27724.91,818.59,7.94,10.75,97.9,3.85,80.4
2023-12-26 16:00:00,27386.41,777.8,1588.38,10.21,96.0,7.88,64.4
2023-12-26 17:00:00,28699.81,460.93,0.18,11.35,95.5,3.24,75.5
2023-12-26 18:00:00,28928.22,209.51,67.64,11.71,99.0,4.72,76.4
2023-12-26 19:00:00,30179.45,50.01,105.3,9.29,99.0,5.02,64.6
2023-12-26 20:00:00,30422.94,0.0,510.72,6.72,99.0,6.37,59.5
2023-12-26 21:00:00,29113.06,0.0,4322.13,6.85,99.0,9.8,49.1
2023-12-26 22:00:00,28232.0,0.0,0.87,4.24,97.2,3.4,48.9
2023-12-26 23:00:00,26042.8,0.0,477.07,3.6,99.0,6.35,39.5
2023-12-27 00:00:00,25910.52,0.0,348.31,1.77,99.0,5.97,28.0
2023-12-27 01:00:00,24279.3,0.0,140.9,2.76,99.0,5.17,35.6
2023-12-27 02:00:00,24298.29,0.0,8959.07,1.3,99.0,11.72,44.2
2023-12-27 03:00:00,24023.28,0.0,0.0,2.33,99.0,1.89,41.9
2023-12-27 04:00:00,24017.44,0.0,5.29,2.55,99.0,3.74,58.6
2023-12-27 05:00:00,25178.27,0.0,2624.82,3.17,99.0,8.81,53.7
2023-12-27 06:00:00,28538.29,73.13,65.42,1.61,99.0,4.72,48.9
2023-12-27 07:00:00,32316.99,290.61,1972.74,0.17,99.0,8.26,56.2
2023-12-27 08:00:00,32627.92,636.85,3325.39,1.21,99.0,9.27,53.2
2023-12-27 09:00:00,30475.95,941.96,6.6,2.87,99.0,3.8,53.1
2023-12-27 10:00:00,31789.2,1649.63,0.0,2.99,97.9,2.95,21.7
2023-12-27 11:00:00,33188.94,1792.5,0.0,3.13,94.2,2.22,24.6
2023-12-27 12:00:00,30816.66,2280.57,0.0,4.98,90.9,2.48,5.0
2023-12-27 13:00:00,29307.77,2436.06,0.0,6.56,92.2,2.86,0.0
2023-12-27 14:00:00,29202.01,2215.26,2103.22,7.03,87.2,8.37,0.0
2023-12-27 15:00:00,28277.6,1984.39,795.72,8.19,85.8,6.97,0.0
2023-12-27 16:00:00,29623.43,1507.67,0.0,6.82,89.7,0.5,0.0
2023-12-27 17:00:00,31327.81,1081.32,2417.47,6.11,81.8,8.58,0.0
2023-12-27 18:00:00,31056.57,606.54,0.0,7.33,92.6,1.22,0.0
2023-12-27 19:00:00,31234.64,14.79,523.93,6.46,84.2,6.41,6.0
2023-12-27 20:00:00,31181.9,0.0,0.0,5.48,91.8,2.57,0.0
2023-12-27 21:00:00,28635.06,0.0,0.0,6.81,89.5,1.84,0.0
2023-12-27 22:00:00,28763.47,0.0,1990.56,3.9,88.2,8.36,5.1
2023-12-27 23:00:00,26467.17,0.0,362.69,3.6,96.4,6.06,5.8
2023-12-28 00:00:00,22809.86,0.0,1089.69,4.27,94.5,7.36,9.9
2023-12-28 01:00:00,23592.72,0.0,440.66,2.97,99.0,6.17,16.3
2023-12-28 02:00:00,22461.23,0.0,0.0,3.29,99.0,3.07,28.8
2023-12-28 03:00:00,22929.28,0.0,2926.49,1.85,95.9,9.03,11.8
2023-12-28 04:00:00,25198.53,0.0,4554.99,1.14,95.5,9.95,12.8
2023-12-28 05:00:00,26245.68,0.0,0.0,1.98,94.9,2.55,34.6
2023-12-28 06:00:00,27094.76,124.05,223.12,3.53,99.0,5.6,52.8
2023-12-28 07:00:00,28281.08,365.8,717.44,5.63,99.0,6.77,62.0
2023-12-28 08:00:00,27678.46,522.49,789.07,8.31,99.0,6.88,66.3
2023-12-28 09:00:00,27310.77,592.75,503.01,9.19,98.3,6.34,83.5
2023-12-28 10:00:00,26828.79,450.23,904.72,11.47,99.0,7.05,100.0
2023-12-28 11:00:00,27551.01,691.33,8451.13,11.92,99.0,11.59,93.3
2023-12-28 12:00:00,26405.74,1147.86,14.7,13.62,98.6,4.02,75.8
2023-12-28 13:00:00,25203.14,1064.45,126.31,14.28,85.8,5.12,68.8
2023-12-28 14:00:00,25724.15,539.47,461.86,14.92,99.0,6.26,100.0
2023-12-28 15:00:00,26491.16,859.1,158.03,15.21,93.0,5.26,77.1
2023-12-28 16:00:00,27359.5,819.28,4.33,12.94,94.0,3.68,67.5
2023-12-28 17:00:00,29447.15,622.21,262.96,11.01,83.1,5.69,47.8
2023-12-28 18:00:00,29220.6,335.23,384.83,10.23,99.0,6.11,48.8
2023-12-28 19:00:00,31092.35,78.79,287.03,7.25,95.0,5.8,33.9
2023-12-28 20:00:00,30031.28,0.0,0.0,7.0,88.5,3.06,33.8
2023-12-28 21:00:00,28974.77,0.0,273.85,6.65,91.1,5.76,11.6
2023-12-28 22:00:00,26488.53,0.0,4837.47,5.65,95.2,10.12,23.0
2023-12-28 23:00:00,26009.65,0.0,4974.71,3.12,99.0,10.13,40.2
2023-12-29 00:00:00,24077.5,0.0,2619.06,3.51,98.9,8.8,36.3
2023-12-29 01:00:00,21827.04,0.0,2040.5,4.85,98.2,8.44,35.7
2023-12-29 02:00:00,22295.1,0.0,15.02,4.27,96.2,4.05,34.8
2023-12-29 03:00:00,21053.65,0.0,625.8,4.41,99.0,6.6,38.1
2023-12-29 04:00:00,22824.53,0.0,3.09,4.51,96.2,3.61,38.4
2023-12-29 05:00:00,22062.78,0.0,4322.73,5.3,97.1,9.79,48.4
2023-12-29 06:00:00,25884.67,45.34,101.84,5.64,99.0,4.94,62.7
2023-12-29 07:00:00,27351.88,351.51,2604.38,6.33,94.9,8.73,50.7
2023-12-29 08:00:00,27214.92,634.03,2907.57,8.24,99.0,9.03,46.3
2023-12-29 09:00:00,26763.26,876.25,4600.33,11.77,99.0,9.96,56.9
2023-12-29 10:00:00,27554.89,1352.94,1327.41,11.04,88.3,7.68,38.3
2023-12-29 11:00:00,27508.09,1990.71,231.17,11.77,77.8,5.63,15.4
2023-12-29 12:00:00,27508.95,1987.91,238.94,11.18,87.1,5.66,21.6
2023-12-29 13:00:00,25680.7,1854.78,0.32,13.5,82.7,3.29,30.3
2023-12-29 14:00:00,26178.25,1811.92,0.0,13.05,88.3,1.96,23.4
2023-12-29 15:00:00,26119.56,1722.72,0.0,11.4,81.6,1.47,18.9
2023-12-29 16:00:00,27405.07,1384.07,0.0,11.82,84.9,2.01,12.9
2023-12-29 17:00:00,28324.43,1019.89,4530.85,13.1,79.7,9.91,6.3
2023-12-29 18:00:00,28785.4,486.17,0.0,12.81,80.2,2.15,19.2
2023-12-29 19:00:00,28067.69,132.81,942.75,11.75,82.5,7.07,8.1
2023-12-29 20:00:00,28000.46,0.0,0.0,10.76,86.8,2.88,9.2
2023-12-29 21:00:00,27421.93,0.0,9916.56,10.77,81.9,12.68,2.6
2023-12-29 22:00:00,25465.08,0.0,104.23,8.2,84.9,4.99,0.0
2023-12-29 23:00:00,23601.65,0.0,244.5,6.63,85.0,5.63,7.1
2023-12-30 00:00:00,19621.89,0.0,308.13,4.78,95.3,5.82,5.6
2023-12-30 01:00:00,20882.73,0.0,4316.96,2.52,99.0,9.78,12.6
2023-12-30 02:00:00,20379.72,0.0,62.58,1.55,92.2,4.65,0.0
2023-12-30 03:00:00,19453.24,0.0,4958.41,2.5,92.0,10.14,0.0
2023-12-30 04:00:00,19668.32,0.0,1857.03,3.12,99.0,8.18,10.1
2023-12-30 05:00:00,20572.01,0.0,51.94,4.11,97.0,4.55,45.3
2023-12-30 06:00:00,23478.61,118.77,0.0,4.81,97.1,2.73,21.5
2023-12-30 07:00:00,24356.99,518.78,2630.53,6.16,90.6,8.83,21.9
2023-12-30 08:00:00,25472.72,822.0,7.18,6.19,99.0,3.81,29.6
2023-12-30 09:00:00,25662.89,1241.3,4510.47,6.92,92.6,9.9,24.0
2023-12-30 10:00:00,24161.5,1424.77,0.0,8.23,98.7,2.35,36.7
2023-12-30 11:00:00,24097.16,1772.23,394.19,9.54,86.4,6.06,27.2
2023-12-30 12:00:00,23443.06,1848.4,547.64,10.73,83.8,6.5,31.2
2023-12-30 13:00:00,22946.92,1889.64,354.99,11.17,86.0,5.99,26.5
2023-12-30 14:00:00,23892.46,1572.33,0.03,11.09,92.4,3.13,43.4
2023-12-30 15:00:00,22918.81,1406.91,2194.94,14.61,82.4,8.45,35.4
2023-12-30 16:00:00,22587.5,1230.97,824.05,15.12,85.9,7.01,32.3
2023-12-30 17:00:00,23827.5,707.37,68.39,14.74,85.8,4.75,45.1
2023-12-30 18:00:00,24836.09,473.87,272.72,13.36,77.2,5.7,32.8
2023-12-30 19:00:00,25484.45,69.82,239.87,11.54,90.8,5.64,35.0
2023-12-30 20:00:00,25300.02,0.0,6791.93,9.96,82.1,11.04,14.3
2023-12-30 21:00:00,24262.34,0.0,4775.12,8.79,83.5,10.04,4.9
2023-12-30 22:00:00,23316.71,0.0,11.31,5.22,98.5,3.95,14.3
2023-12-30 23:00:00,23691.97,0.0,42.83,2.22,99.0,4.46,6.0
2023-12-31 00:00:00,23418.59,0.0,9601.47,0.43,94.2,13.99,4.4
2023-12-31 01:00:00,23681.32,0.0,64.79,-0.07,99.0,4.68,15.2
2023-12-31 02:00:00,23734.19,0.0,9725.31,-0.79,97.8,12.76,11.8
2023-12-31 03:00:00,21124.57,0.0,1910.21,0.71,99.0,8.16,25.7
2023-12-31 04:00:00,22869.7,0.0,0.0,-0.82,99.0,2.81,30.6
2023-12-31 05:00:00,25596.84,0.0,200.08,-1.13,99.0,5.48,37.5
2023-12-31 06:00:00,25238.23,0.0,533.93,1.39,99.0,6.37,53.3
2023-12-31 07:00:00,26694.57,260.95,3865.87,2.5,99.0,9.57,56.2
2023-12-31 08:00:00,26487.3,597.43,67.21,4.6,99.0,4.7,73.3
2023-12-31 09:00:00,25249.61,587.16,25.44,8.02,99.0,4.25,80.8
2023-12-31 10:00:00,24368.74,980.62,5129.56,8.28,99.0,10.27,70.3
2023-12-31 11:00:00,25514.88,803.15,0.0,9.17,99.0,1.47,82.7
2023-12-31 12:00:00,23892.11,952.84,151.79,9.73,99.0,5.27,81.4
2023-12-31 13:00:00,25057.32,1126.02,66.77,8.23,96.4,4.71,72.3
2023-12-31 14:00:00,24290.17,1166.15,0.0,8.38,99.0,0.61,72.3
2023-12-31 15:00:00,23611.32,738.21,0.0,9.56,99.0,0.98,82.4
2023-12-31 16:00:00,24639.79,551.67,3.4,9.97,99.0,3.64,83.4
2023-12-31 17:00:00,25274.34,284.97,0.0,10.12,99.0,1.66,100.0
2023-12-31 18:00:00,27210.42,103.22,66.16,8.85,99.0,4.69,100.0
2023-12-31 19:00:00,27733.68,53.92,359.65,7.07,99.0,6.0,100.0
2023-12-31 20:00:00,26299.14,0.0,860.54,7.29,99.0,7.03,86.2
2023-12-31 21:00:00,26206.37,0.0,402.55,5.41,99.0,6.08,79.1
2023-12-31 22:00:00,24823.53,0.0,118.94,4.43,99.0,5.09,75.9
2023-12-31 23:00:00,22735.37,0.0,0.23,3.38,99.0,3.26,80.5
2023-01-05 04:00:00,28397.24,0.0,1082.37,-1.88,99.0,7.31,5.8
2023-01-21 20:00:00,29383.03,0.0,647.3,2.89,99.0,6.69,44.5
2023-02-20 00:00:00,26578.07,0.0,89.23,0.96,99.0,4.87,55.9
2023-05-22 16:00:00,28942.86,3237.94,1967.42,30.0,64.7,8.37,43.6
2023-08-22 08:00:00,26810.65,1777.48,3566.66,25.81,68.7,9.56,50.1
